Workbook

Sheet South
A1: =BX56 -> 0.62587413 | C1: =SUM(U4:BT52)+SUM(North!U4:W7) -> 0 | N1: RECORDS | U1: =North!C4 -> Seven Oaks | V1: =North!C5 -> University Club | W1: =North!C6 -> Greystone | X1: =C4 -> Cary | Y1: =C5 -> Scottish Hills | Z1: =C6 -> Cary Park | AA1: =C7 -> Apex | AB1: =C8 -> Medfield | AC1: =C9 -> Sunset Ridge | AD1: =C10 -> Abbington | AE1: =C11 -> Prestonwood | AF1: =C12 -> Dutchman Downs | AG1: =C13 -> Lochmere | AH1: =C14 -> Shepherds Vineyard | AI1: =C15 -> Olive Chapel | AJ1: =C16 -> Preston Village | AK1: =C17 -> Walden Creek | AL1: =C18 -> WoodCreek | AM1: =C19 -> Silverton | AN1: =C20 -> Clubworx | AO1: =C21 -> Brookstone | AP1: =C22 -> Regency | AQ1: =C23 -> Wellsley | AR1: =C24 -> Amberly | AS1: =C25 -> Highcroft | AT1: =C26 -> Weatherstone | AU1: =C27 -> Weldon Ridge | AV1: =C28 -> Oxxford Hunt | AW1: =C29 -> Haddon Hall | AX1: =C30 -> Scotts Mill | AY1: =C31 -> Park at West Lake | AZ1: =C32 -> Life Time Fitness Cary | BA1: =C33 -> Holly Glen | BB1: =C34 -> Bella Casa | BC1: =C35 -> The Reserve | BD1: =C36 -> TCC | BE1: =C37 -> Kildaire Farms | BF1: =C38 -> Carpenter Village | BG1: =C39 -> Bentwinds | BH1: =C40 -> Kitts Creek | BI1: =C41 -> Park Village | BJ1: =C42 -> Brighton Forest | BK1: =C43 -> Eagle Ridge | BL1: =C44 -> Glenridge | BM1: =C45 -> Harmony | BN1: =C46 -> Garner | BO1: =C47 -> Crooked Creek | BP1: =C48 -> Charleston Village | BQ1: =C49 -> Arbor Creek | BR1: =C50 -> Devereaux | BS1: =C51 -> Wellington Park | BT1: =C52 -> Renaissance Park | BU1: =C53 -> Breckenridge | BV1: =C54 -> Sweetwater
A2: 2026 | B2: 2025 | E2: Rank Justified by HTH result | L2: 2023 | N2: Overall | Q2: Division | U2: N1 | V2: N1 | W2: N1 | X2: 1 | Y2: 1 | Z2: 1 | AA2: 1 | AB2: 2 | AC2: 2 | AD2: 2 | AE2: 2 | AF2: 3 | AG2: 3 | AH2: 3 | AI2: 3 | AJ2: 4 | AK2: 4 | AL2: 4 | AM2: 4 | AN2: 5 | AO2: 5 | AP2: 5 | AQ2: 5 | AR2: 6 | AS2: 6 | AT2: 6 | AU2: 6 | AV2: 7 | AW2: 7 | AX2: 7 | AY2: 7 | AZ2: 8 | BA2: 8 | BB2: 8 | BC2: 8 | BD2: 9 | BE2: 9 | BF2: 9 | BG2: 9 | BH2: 10 | BI2: 10 | BJ2: 10 | BK2: 10 | BL2: 11 | BM2: 11 | BN2: 11 | BO2: 11 | BP2: 12 | BQ2: 12 | BR2: 12 | BS2: 13 | BT2: 13 | BU2: 13 | BV2: 13 | BX2: HTH | BY2: HTH | BZ2: HTH
A3: Rank | B3: Rank | E3: Up 3 | F3: Up 2 | G3: Up 1 | H3: Dn 1 | I3: Dn 2 | J3: Dn 3 | L3: Rank | M3: Div | N3: W | O3: L | P3: T | Q3: W | R3: L | S3: T | T3: NC | BX3: Yes | BY3: No | BZ3: Poss | CA3: Percent | CE3: SvS | CF3: Comm | CG3: Diff
A4: 1 | B4: 1 | C4: Cary | E4: =IF(AND(X4>0,$A4<VLOOKUP(X$1,$C:$L,10,FALSE)),1,IF(AND(X4<0,$A4>VLOOKUP(X$1,$C:$L,10,FALSE)),1,0)) -> 0 | F4: =IF(AND(Y4>0,$A4<VLOOKUP(Y$1,$C:$L,10,FALSE)),1,IF(AND(Y4<0,$A4>VLOOKUP(Y$1,$C:$L,10,FALSE)),1,0)) -> 1 | G4: =IF(AND(Z4>0,$A4<VLOOKUP(Z$1,$C:$L,10,FALSE)),1,IF(AND(Z4<0,$A4>VLOOKUP(Z$1,$C:$L,10,FALSE)),1,0)) -> 1 | H4: =IF(AND(AB4>0,$A4<VLOOKUP(AB$1,$C:$L,10,FALSE)),1,IF(AND(AB4<0,$A4>VLOOKUP(AB$1,$C:$L,10,FALSE)),1,0)) -> 1 | I4: =IF(AND(AC4>0,$A4<VLOOKUP(AC$1,$C:$L,10,FALSE)),1,IF(AND(AC4<0,$A4>VLOOKUP(AC$1,$C:$L,10,FALSE)),1,0)) -> 1 | J4: =IF(AND(AD4>0,$A4<VLOOKUP(AD$1,$C:$L,10,FALSE)),1,IF(AND(AD4<0,$A4>VLOOKUP(AD$1,$C:$L,10,FALSE)),1,0)) -> 1 | K4: Updated | L4: =B4 -> 1 | M4: 1 | N4: =COUNTIF($U4:$BT4,">0") -> 5 | O4: =COUNTIF($U4:$BT4,"<0") -> 1 | P4: =COUNTIF($U4:$BT4,"=0") -> 0 | Q4: =COUNTIF($X4:$AA4,">0") -> 3 | R4: =COUNTIF($X4:$AA4,"<0") -> 0 | S4: =COUNTIF($X4:$AA4,"=0") -> 0 | T4: =COUNTIF(U4:BU4,"NC") -> 0 | U4: =IFERROR(IFERROR(VLOOKUP($C4&" "&U$1,Results!$F:$H,3,FALSE),-VLOOKUP($C4&" "&U$1,Results!$G:$H,2,FALSE)),"") -> -134 | V4: =IFERROR(IFERROR(VLOOKUP($C4&" "&V$1,Results!$F:$H,3,FALSE),-VLOOKUP($C4&" "&V$1,Results!$G:$H,2,FALSE)),"") -> 13 | W4: =IFERROR(IFERROR(VLOOKUP($C4&" "&W$1,Results!$F:$H,3,FALSE),-VLOOKUP($C4&" "&W$1,Results!$G:$H,2,FALSE)),"") -> 1 | X4: =IFERROR(IFERROR(VLOOKUP($C4&" "&X$1,Results!$F:$H,3,FALSE),-VLOOKUP($C4&" "&X$1,Results!$G:$H,2,FALSE)),"") | Y4: =IFERROR(IFERROR(VLOOKUP($C4&" "&Y$1,Results!$F:$H,3,FALSE),-VLOOKUP($C4&" "&Y$1,Results!$G:$H,2,FALSE)),"") -> 29 | Z4: =IFERROR(IFERROR(VLOOKUP($C4&" "&Z$1,Results!$F:$H,3,FALSE),-VLOOKUP($C4&" "&Z$1,Results!$G:$H,2,FALSE)),"") -> 70 | AA4: =IFERROR(IFERROR(VLOOKUP($C4&" "&AA$1,Results!$F:$H,3,FALSE),-VLOOKUP($C4&" "&AA$1,Results!$G:$H,2,FALSE)),"") -> 68 | AB4: =IFERROR(IFERROR(VLOOKUP($C4&" "&AB$1,Results!$F:$H,3,FALSE),-VLOOKUP($C4&" "&AB$1,Results!$G:$H,2,FALSE)),"") | ... AE4: =IFERROR(IFERROR(VLOOKUP($C4&" "&AE$1,Results!$F:$H,3,FALSE),-VLOOKUP($C4&" "&AE$1,Results!$G:$H,2,FALSE)),"") | BW4: =SUM(U4:BS4) -> 47 | BX4: =COUNTIF(E4:J4,1) -> 5 | BY4: =COUNTIF(E4:J4,0) -> 1 | BZ4: =COUNT(E4:J4) -> 6 | CA4: =+BX4/BZ4 -> 0.83333333 | CC4: =SUM(U4:BT4) -> 47 | CE4: 8 | CF4: =A4 -> 1 | CG4: =+CE4-CF4 -> 7
A5: 3 | B5: 2 | C5: Scottish Hills | F5: =IF(AND(X5>0,$A5<VLOOKUP(X$1,$C:$L,10,FALSE)),1,IF(AND(X5<0,$A5>VLOOKUP(X$1,$C:$L,10,FALSE)),1,0)) -> 1 | G5: =IF(AND(Y5>0,$A5<VLOOKUP(Y$1,$C:$L,10,FALSE)),1,IF(AND(Y5<0,$A5>VLOOKUP(Y$1,$C:$L,10,FALSE)),1,0)) -> 0 | H5: =IF(AND(AA5>0,$A5<VLOOKUP(AA$1,$C:$L,10,FALSE)),1,IF(AND(AA5<0,$A5>VLOOKUP(AA$1,$C:$L,10,FALSE)),1,0)) -> 1 | I5: =IF(AND(AB5>0,$A5<VLOOKUP(AB$1,$C:$L,10,FALSE)),1,IF(AND(AB5<0,$A5>VLOOKUP(AB$1,$C:$L,10,FALSE)),1,0)) -> 1 | J5: =IF(AND(AC5>0,$A5<VLOOKUP(AC$1,$C:$L,10,FALSE)),1,IF(AND(AC5<0,$A5>VLOOKUP(AC$1,$C:$L,10,FALSE)),1,0)) -> 1 | K5: Updated | L5: =B5 -> 2 | M5: 1 | N5: =COUNTIF($U5:$BT5,">0") -> 2 | O5: =COUNTIF($U5:$BT5,"<0") -> 4 | P5: =COUNTIF($U5:$BT5,"=0") -> 0 | Q5: =COUNTIF($X5:$AA5,">0") -> 1 | R5: =COUNTIF($X5:$AA5,"<0") -> 2 | S5: =COUNTIF($X5:$AA5,"=0") -> 0 | T5: =COUNTIF(U5:BU5,"NC") -> 0 | U5: =IFERROR(IFERROR(VLOOKUP($C5&" "&U$1,Results!$F:$H,3,FALSE),-VLOOKUP($C5&" "&U$1,Results!$G:$H,2,FALSE)),"") -> -197 | V5: =IFERROR(IFERROR(VLOOKUP($C5&" "&V$1,Results!$F:$H,3,FALSE),-VLOOKUP($C5&" "&V$1,Results!$G:$H,2,FALSE)),"") -> -102 | W5: =IFERROR(IFERROR(VLOOKUP($C5&" "&W$1,Results!$F:$H,3,FALSE),-VLOOKUP($C5&" "&W$1,Results!$G:$H,2,FALSE)),"") | X5: =IFERROR(IFERROR(VLOOKUP($C5&" "&X$1,Results!$F:$H,3,FALSE),-VLOOKUP($C5&" "&X$1,Results!$G:$H,2,FALSE)),"") -> -29 | Y5: =IFERROR(IFERROR(VLOOKUP($C5&" "&Y$1,Results!$F:$H,3,FALSE),-VLOOKUP($C5&" "&Y$1,Results!$G:$H,2,FALSE)),"") | Z5: =IFERROR(IFERROR(VLOOKUP($C5&" "&Z$1,Results!$F:$H,3,FALSE),-VLOOKUP($C5&" "&Z$1,Results!$G:$H,2,FALSE)),"") -> -66 | AA5: =IFERROR(IFERROR(VLOOKUP($C5&" "&AA$1,Results!$F:$H,3,FALSE),-VLOOKUP($C5&" "&AA$1,Results!$G:$H,2,FALSE)),"") -> 123 | AB5: =IFERROR(IFERROR(VLOOKUP($C5&" "&AB$1,Results!$F:$H,3,FALSE),-VLOOKUP($C5&" "&AB$1,Results!$G:$H,2,FALSE)),"") -> 116 | ... AE5: =IFERROR(IFERROR(VLOOKUP($C5&" "&AE$1,Results!$F:$H,3,FALSE),-VLOOKUP($C5&" "&AE$1,Results!$G:$H,2,FALSE)),"") | BW5: =SUM(U5:BS5) -> -155 | BX5: =COUNTIF(E5:J5,1) -> 4 | BY5: =COUNTIF(E5:J5,0) -> 1 | BZ5: =COUNT(E5:J5) -> 5 | CA5: =+BX5/BZ5 -> 0.8 | CC5: =SUM(U5:BT5) -> -155 | CE5: 7 | CF5: =A5 -> 3 | CG5: =+CE5-CF5 -> 4
A6: 2 | B6: 3 | C6: Cary Park | G6: =IF(AND(X6>0,$A6<VLOOKUP(X$1,$C:$L,10,FALSE)),1,IF(AND(X6<0,$A6>VLOOKUP(X$1,$C:$L,10,FALSE)),1,0)) -> 1 | H6: =IF(AND(Z6>0,$A6<VLOOKUP(Z$1,$C:$L,10,FALSE)),1,IF(AND(Z6<0,$A6>VLOOKUP(Z$1,$C:$L,10,FALSE)),1,0)) -> 1 | I6: =IF(AND(AA6>0,$A6<VLOOKUP(AA$1,$C:$L,10,FALSE)),1,IF(AND(AA6<0,$A6>VLOOKUP(AA$1,$C:$L,10,FALSE)),1,0)) -> 1 | J6: =IF(AND(AB6>0,$A6<VLOOKUP(AB$1,$C:$L,10,FALSE)),1,IF(AND(AB6<0,$A6>VLOOKUP(AB$1,$C:$L,10,FALSE)),1,0)) -> 1 | K6: Updated | L6: =B6 -> 3 | M6: 1 | N6: =COUNTIF($U6:$BT6,">0") -> 4 | O6: =COUNTIF($U6:$BT6,"<0") -> 2 | P6: =COUNTIF($U6:$BT6,"=0") -> 0 | Q6: =COUNTIF($X6:$AA6,">0") -> 2 | R6: =COUNTIF($X6:$AA6,"<0") -> 1 | S6: =COUNTIF($X6:$AA6,"=0") -> 0 | T6: =COUNTIF(U6:BU6,"NC") -> 0 | U6: =IFERROR(IFERROR(VLOOKUP($C6&" "&U$1,Results!$F:$H,3,FALSE),-VLOOKUP($C6&" "&U$1,Results!$G:$H,2,FALSE)),"") -> -99 | V6: =IFERROR(IFERROR(VLOOKUP($C6&" "&V$1,Results!$F:$H,3,FALSE),-VLOOKUP($C6&" "&V$1,Results!$G:$H,2,FALSE)),"") | W6: =IFERROR(IFERROR(VLOOKUP($C6&" "&W$1,Results!$F:$H,3,FALSE),-VLOOKUP($C6&" "&W$1,Results!$G:$H,2,FALSE)),"") | X6: =IFERROR(IFERROR(VLOOKUP($C6&" "&X$1,Results!$F:$H,3,FALSE),-VLOOKUP($C6&" "&X$1,Results!$G:$H,2,FALSE)),"") -> -70 | Y6: =IFERROR(IFERROR(VLOOKUP($C6&" "&Y$1,Results!$F:$H,3,FALSE),-VLOOKUP($C6&" "&Y$1,Results!$G:$H,2,FALSE)),"") -> 66 | Z6: =IFERROR(IFERROR(VLOOKUP($C6&" "&Z$1,Results!$F:$H,3,FALSE),-VLOOKUP($C6&" "&Z$1,Results!$G:$H,2,FALSE)),"") | AA6: =IFERROR(IFERROR(VLOOKUP($C6&" "&AA$1,Results!$F:$H,3,FALSE),-VLOOKUP($C6&" "&AA$1,Results!$G:$H,2,FALSE)),"") -> 50 | AB6: =IFERROR(IFERROR(VLOOKUP($C6&" "&AB$1,Results!$F:$H,3,FALSE),-VLOOKUP($C6&" "&AB$1,Results!$G:$H,2,FALSE)),"") -> 13 | ... AE6: =IFERROR(IFERROR(VLOOKUP($C6&" "&AE$1,Results!$F:$H,3,FALSE),-VLOOKUP($C6&" "&AE$1,Results!$G:$H,2,FALSE)),"") | BW6: =SUM(U6:BS6) -> 140 | BX6: =COUNTIF(E6:I6,1) -> 3 | BY6: =COUNTIF(E6:J6,0) -> 0 | BZ6: =COUNT(E6:I6) -> 3 | CA6: =+BX6/BZ6 -> 1 | CC6: =SUM(U6:BT6) -> 140 | CE6: 1 | CF6: =A6 -> 2 | CG6: =+CE6-CF6 -> -1
A7: 5 | B7: 4 | C7: Apex | E7: =IF(AND(Z7>0,$A7<VLOOKUP(Z$1,$C:$L,10,FALSE)),1,IF(AND(Z7<0,$A7>VLOOKUP(Z$1,$C:$L,10,FALSE)),1,0)) -> 1 | F7: =IF(AND(AA7>0,$A7<VLOOKUP(AA$1,$C:$L,10,FALSE)),1,IF(AND(AA7<0,$A7>VLOOKUP(AA$1,$C:$L,10,FALSE)),1,0)) -> 0 | G7: =IF(AND(AB7>0,$A7<VLOOKUP(AB$1,$C:$L,10,FALSE)),1,IF(AND(AB7<0,$A7>VLOOKUP(AB$1,$C:$L,10,FALSE)),1,0)) -> 0 | H7: =IF(AND(AD7>0,$A7<VLOOKUP(AD$1,$C:$L,10,FALSE)),1,IF(AND(AD7<0,$A7>VLOOKUP(AD$1,$C:$L,10,FALSE)),1,0)) -> 0 | I7: =IF(AND(AE7>0,$A7<VLOOKUP(AE$1,$C:$L,10,FALSE)),1,IF(AND(AE7<0,$A7>VLOOKUP(AE$1,$C:$L,10,FALSE)),1,0)) -> 1 | J7: =IF(AND(AF7>0,$A7<VLOOKUP(AF$1,$C:$L,10,FALSE)),1,IF(AND(AF7<0,$A7>VLOOKUP(AF$1,$C:$L,10,FALSE)),1,0)) -> 1 | K7: Updated | L7: =B7 -> 4 | M7: 1 | N7: =COUNTIF($U7:$BT7,">0") -> 2 | O7: =COUNTIF($U7:$BT7,"<0") -> 4 | P7: =COUNTIF($U7:$BT7,"=0") -> 0 | Q7: =COUNTIF($X7:$AA7,">0") -> 0 | R7: =COUNTIF($X7:$AA7,"<0") -> 3 | S7: =COUNTIF($X7:$AA7,"=0") -> 0 | T7: =COUNTIF(U7:BU7,"NC") -> 0 | X7: =IFERROR(IFERROR(VLOOKUP($C7&" "&X$1,Results!$F:$H,3,FALSE),-VLOOKUP($C7&" "&X$1,Results!$G:$H,2,FALSE)),"") -> -68 | Y7: =IFERROR(IFERROR(VLOOKUP($C7&" "&Y$1,Results!$F:$H,3,FALSE),-VLOOKUP($C7&" "&Y$1,Results!$G:$H,2,FALSE)),"") -> -123 | Z7: =IFERROR(IFERROR(VLOOKUP($C7&" "&Z$1,Results!$F:$H,3,FALSE),-VLOOKUP($C7&" "&Z$1,Results!$G:$H,2,FALSE)),"") -> -50 | AA7: =IFERROR(IFERROR(VLOOKUP($C7&" "&AA$1,Results!$F:$H,3,FALSE),-VLOOKUP($C7&" "&AA$1,Results!$G:$H,2,FALSE)),"") | AB7: =IFERROR(IFERROR(VLOOKUP($C7&" "&AB$1,Results!$F:$H,3,FALSE),-VLOOKUP($C7&" "&AB$1,Results!$G:$H,2,FALSE)),"") -> 46 | AC7: =IFERROR(IFERROR(VLOOKUP($C7&" "&AC$1,Results!$F:$H,3,FALSE),-VLOOKUP($C7&" "&AC$1,Results!$G:$H,2,FALSE)),"") -> 109 | AD7: =IFERROR(IFERROR(VLOOKUP($C7&" "&AD$1,Results!$F:$H,3,FALSE),-VLOOKUP($C7&" "&AD$1,Results!$G:$H,2,FALSE)),"") -> -66 | AE7: =IFERROR(IFERROR(VLOOKUP($C7&" "&AE$1,Results!$F:$H,3,FALSE),-VLOOKUP($C7&" "&AE$1,Results!$G:$H,2,FALSE)),"") | ... AI7: =IFERROR(IFERROR(VLOOKUP($C7&" "&AI$1,Results!$F:$H,3,FALSE),-VLOOKUP($C7&" "&AI$1,Results!$G:$H,2,FALSE)),"") | BW7: =SUM(U7:BS7) -> -152 | BX7: =COUNTIF(E7:J7,1) -> 3 | BY7: =COUNTIF(E7:J7,0) -> 3 | BZ7: =COUNT(E7:J7) -> 6 | CA7: =+BX7/BZ7 -> 0.5 | CC7: =SUM(U7:BT7) -> -152 | CE7: 4 | CF7: =A7 -> 5 | CG7: =+CE7-CF7 -> -1
A8: 7 | B8: 5 | C8: Medfield | E8: =IF(AND(AC8>0,$A8<VLOOKUP(AC$1,$C:$L,10,FALSE)),1,IF(AND(AC8<0,$A8>VLOOKUP(AC$1,$C:$L,10,FALSE)),1,0)) -> 1 | F8: =IF(AND(AD8>0,$A8<VLOOKUP(AD$1,$C:$L,10,FALSE)),1,IF(AND(AD8<0,$A8>VLOOKUP(AD$1,$C:$L,10,FALSE)),1,0)) -> 0 | G8: =IF(AND(AE8>0,$A8<VLOOKUP(AE$1,$C:$L,10,FALSE)),1,IF(AND(AE8<0,$A8>VLOOKUP(AE$1,$C:$L,10,FALSE)),1,0)) -> 1 | H8: =IF(AND(AG8>0,$A8<VLOOKUP(AG$1,$C:$L,10,FALSE)),1,IF(AND(AG8<0,$A8>VLOOKUP(AG$1,$C:$L,10,FALSE)),1,0)) -> 1 | I8: =IF(AND(AH8>0,$A8<VLOOKUP(AH$1,$C:$L,10,FALSE)),1,IF(AND(AH8<0,$A8>VLOOKUP(AH$1,$C:$L,10,FALSE)),1,0)) -> 1 | J8: =IF(AND(AI8>0,$A8<VLOOKUP(AI$1,$C:$L,10,FALSE)),1,IF(AND(AI8<0,$A8>VLOOKUP(AI$1,$C:$L,10,FALSE)),1,0)) -> 1 | K8: Updated | L8: =B8 -> 5 | M8: 2 | N8: =COUNTIF($U8:$BT8,">0") -> 2 | O8: =COUNTIF($U8:$BT8,"<0") -> 4 | P8: =COUNTIF($U8:$BT8,"=0") -> 0 | Q8: =COUNTIF($AB8:$AE8,">0") -> 2 | R8: =COUNTIF($AB8:$AE8,"<0") -> 1 | S8: =COUNTIF($AB8:$AE8,"=0") -> 0 | T8: =COUNTIF(U8:BU8,"NC") -> 0 | Y8: =IFERROR(IFERROR(VLOOKUP($C8&" "&Y$1,Results!$F:$H,3,FALSE),-VLOOKUP($C8&" "&Y$1,Results!$G:$H,2,FALSE)),"") -> -116 | Z8: =IFERROR(IFERROR(VLOOKUP($C8&" "&Z$1,Results!$F:$H,3,FALSE),-VLOOKUP($C8&" "&Z$1,Results!$G:$H,2,FALSE)),"") -> -13 | AA8: =IFERROR(IFERROR(VLOOKUP($C8&" "&AA$1,Results!$F:$H,3,FALSE),-VLOOKUP($C8&" "&AA$1,Results!$G:$H,2,FALSE)),"") -> -46 | AB8: =IFERROR(IFERROR(VLOOKUP($C8&" "&AB$1,Results!$F:$H,3,FALSE),-VLOOKUP($C8&" "&AB$1,Results!$G:$H,2,FALSE)),"") | AC8: =IFERROR(IFERROR(VLOOKUP($C8&" "&AC$1,Results!$F:$H,3,FALSE),-VLOOKUP($C8&" "&AC$1,Results!$G:$H,2,FALSE)),"") -> -7 | AD8: =IFERROR(IFERROR(VLOOKUP($C8&" "&AD$1,Results!$F:$H,3,FALSE),-VLOOKUP($C8&" "&AD$1,Results!$G:$H,2,FALSE)),"") -> 20 | AE8: =IFERROR(IFERROR(VLOOKUP($C8&" "&AE$1,Results!$F:$H,3,FALSE),-VLOOKUP($C8&" "&AE$1,Results!$G:$H,2,FALSE)),"") -> 59 | AF8: =IFERROR(IFERROR(VLOOKUP($C8&" "&AF$1,Results!$F:$H,3,FALSE),-VLOOKUP($C8&" "&AF$1,Results!$G:$H,2,FALSE)),"") | ... AM8: =IFERROR(IFERROR(VLOOKUP($C8&" "&AM$1,Results!$F:$H,3,FALSE),-VLOOKUP($C8&" "&AM$1,Results!$G:$H,2,FALSE)),"") | BW8: =SUM(U8:BS8) -> -103 | BX8: =COUNTIF(E8:J8,1) -> 5 | BY8: =COUNTIF(E8:J8,0) -> 1 | BZ8: =COUNT(E8:J8) -> 6 | CA8: =+BX8/BZ8 -> 0.83333333 | CC8: =SUM(U8:BT8) -> -103 | CE8: 9 | CF8: =A8 -> 7 | CG8: =+CE8-CF8 -> 2
A9: 4 | B9: 6 | C9: Sunset Ridge | E9: =IF(AND(AA9>0,$A9<VLOOKUP(AA$1,$C:$L,10,FALSE)),1,IF(AND(AA9<0,$A9>VLOOKUP(AA$1,$C:$L,10,FALSE)),1,0)) -> 0 | F9: =IF(AND(AB9>0,$A9<VLOOKUP(AB$1,$C:$L,10,FALSE)),1,IF(AND(AB9<0,$A9>VLOOKUP(AB$1,$C:$L,10,FALSE)),1,0)) -> 1 | G9: =IF(AND(AC9>0,$A9<VLOOKUP(AC$1,$C:$L,10,FALSE)),1,IF(AND(AC9<0,$A9>VLOOKUP(AC$1,$C:$L,10,FALSE)),1,0)) -> 1 | H9: =IF(AND(AE9>0,$A9<VLOOKUP(AE$1,$C:$L,10,FALSE)),1,IF(AND(AE9<0,$A9>VLOOKUP(AE$1,$C:$L,10,FALSE)),1,0)) -> 1 | I9: =IF(AND(AF9>0,$A9<VLOOKUP(AF$1,$C:$L,10,FALSE)),1,IF(AND(AF9<0,$A9>VLOOKUP(AF$1,$C:$L,10,FALSE)),1,0)) -> 0 | J9: =IF(AND(AG9>0,$A9<VLOOKUP(AG$1,$C:$L,10,FALSE)),1,IF(AND(AG9<0,$A9>VLOOKUP(AG$1,$C:$L,10,FALSE)),1,0)) -> 1 | K9: Updated | L9: =B9 -> 6 | M9: 2 | N9: =COUNTIF($U9:$BT9,">0") -> 2 | O9: =COUNTIF($U9:$BT9,"<0") -> 2 | P9: =COUNTIF($U9:$BT9,"=0") -> 2 | Q9: =COUNTIF($AB9:$AE9,">0") -> 2 | R9: =COUNTIF($AB9:$AE9,"<0") -> 0 | S9: =COUNTIF($AB9:$AE9,"=0") -> 1 | T9: =COUNTIF(U9:BU9,"NC") -> 0 | X9: =IFERROR(IFERROR(VLOOKUP($C9&" "&X$1,Results!$F:$H,3,FALSE),-VLOOKUP($C9&" "&X$1,Results!$G:$H,2,FALSE)),"") | Y9: =IFERROR(IFERROR(VLOOKUP($C9&" "&Y$1,Results!$F:$H,3,FALSE),-VLOOKUP($C9&" "&Y$1,Results!$G:$H,2,FALSE)),"") | Z9: =IFERROR(IFERROR(VLOOKUP($C9&" "&Z$1,Results!$F:$H,3,FALSE),-VLOOKUP($C9&" "&Z$1,Results!$G:$H,2,FALSE)),"") -> -180 | AA9: =IFERROR(IFERROR(VLOOKUP($C9&" "&AA$1,Results!$F:$H,3,FALSE),-VLOOKUP($C9&" "&AA$1,Results!$G:$H,2,FALSE)),"") -> -109 | AB9: =IFERROR(IFERROR(VLOOKUP($C9&" "&AB$1,Results!$F:$H,3,FALSE),-VLOOKUP($C9&" "&AB$1,Results!$G:$H,2,FALSE)),"") -> 7 | AC9: =IFERROR(IFERROR(VLOOKUP($C9&" "&AC$1,Results!$F:$H,3,FALSE),-VLOOKUP($C9&" "&AC$1,Results!$G:$H,2,FALSE)),"") | AD9: =IFERROR(IFERROR(VLOOKUP($C9&" "&AD$1,Results!$F:$H,3,FALSE),-VLOOKUP($C9&" "&AD$1,Results!$G:$H,2,FALSE)),"") -> 0 | AE9: =IFERROR(IFERROR(VLOOKUP($C9&" "&AE$1,Results!$F:$H,3,FALSE),-VLOOKUP($C9&" "&AE$1,Results!$G:$H,2,FALSE)),"") -> 58 | ... AI9: =IFERROR(IFERROR(VLOOKUP($C9&" "&AI$1,Results!$F:$H,3,FALSE),-VLOOKUP($C9&" "&AI$1,Results!$G:$H,2,FALSE)),"") | BW9: =SUM(U9:BS9) -> -224 | BX9: =COUNTIF(E9:J9,1) -> 4 | BY9: =COUNTIF(E9:J9,0) -> 2 | BZ9: =COUNT(E9:J9) -> 6 | CA9: =+BX9/BZ9 -> 0.66666667 | CC9: =SUM(U9:BT9) -> -224 | CE9: 11 | CF9: =A9 -> 4 | CG9: =+CE9-CF9 -> 7
A10: 9 | B10: 7 | C10: Abbington | E10: =IF(AND(Y10>0,$A10<VLOOKUP(Y$1,$C:$L,10,FALSE)),1,IF(AND(Y10<0,$A10>VLOOKUP(Y$1,$C:$L,10,FALSE)),1,0)) -> 0 | F10: =IF(AND(Z10>0,$A10<VLOOKUP(Z$1,$C:$L,10,FALSE)),1,IF(AND(Z10<0,$A10>VLOOKUP(Z$1,$C:$L,10,FALSE)),1,0)) -> 0 | G10: =IF(AND(AA10>0,$A10<VLOOKUP(AA$1,$C:$L,10,FALSE)),1,IF(AND(AA10<0,$A10>VLOOKUP(AA$1,$C:$L,10,FALSE)),1,0)) -> 0 | H10: =IF(AND(AC10>0,$A10<VLOOKUP(AC$1,$C:$L,10,FALSE)),1,IF(AND(AC10<0,$A10>VLOOKUP(AC$1,$C:$L,10,FALSE)),1,0)) -> 0 | I10: =IF(AND(AD10>0,$A10<VLOOKUP(AD$1,$C:$L,10,FALSE)),1,IF(AND(AD10<0,$A10>VLOOKUP(AD$1,$C:$L,10,FALSE)),1,0)) -> 0 | J10: =IF(AND(AE10>0,$A10<VLOOKUP(AE$1,$C:$L,10,FALSE)),1,IF(AND(AE10<0,$A10>VLOOKUP(AE$1,$C:$L,10,FALSE)),1,0)) -> 0 | K10: Updated | L10: =B10 -> 7 | M10: 2 | N10: =COUNTIF($U10:$BT10,">0") -> 3 | O10: =COUNTIF($U10:$BT10,"<0") -> 2 | P10: =COUNTIF($U10:$BT10,"=0") -> 1 | Q10: =COUNTIF($AB10:$AE10,">0") -> 1 | R10: =COUNTIF($AB10:$AE10,"<0") -> 1 | S10: =COUNTIF($AB10:$AE10,"=0") -> 1 | T10: =COUNTIF(U10:BU10,"NC") -> 0 | X10: =IFERROR(IFERROR(VLOOKUP($C10&" "&X$1,Results!$F:$H,3,FALSE),-VLOOKUP($C10&" "&X$1,Results!$G:$H,2,FALSE)),"") | Y10: =IFERROR(IFERROR(VLOOKUP($C10&" "&Y$1,Results!$F:$H,3,FALSE),-VLOOKUP($C10&" "&Y$1,Results!$G:$H,2,FALSE)),"") | Z10: =IFERROR(IFERROR(VLOOKUP($C10&" "&Z$1,Results!$F:$H,3,FALSE),-VLOOKUP($C10&" "&Z$1,Results!$G:$H,2,FALSE)),"") | AA10: =IFERROR(IFERROR(VLOOKUP($C10&" "&AA$1,Results!$F:$H,3,FALSE),-VLOOKUP($C10&" "&AA$1,Results!$G:$H,2,FALSE)),"") -> 66 | AB10: =IFERROR(IFERROR(VLOOKUP($C10&" "&AB$1,Results!$F:$H,3,FALSE),-VLOOKUP($C10&" "&AB$1,Results!$G:$H,2,FALSE)),"") -> -20 | AC10: =IFERROR(IFERROR(VLOOKUP($C10&" "&AC$1,Results!$F:$H,3,FALSE),-VLOOKUP($C10&" "&AC$1,Results!$G:$H,2,FALSE)),"") -> 0 | AD10: =IFERROR(IFERROR(VLOOKUP($C10&" "&AD$1,Results!$F:$H,3,FALSE),-VLOOKUP($C10&" "&AD$1,Results!$G:$H,2,FALSE)),"") | AE10: =IFERROR(IFERROR(VLOOKUP($C10&" "&AE$1,Results!$F:$H,3,FALSE),-VLOOKUP($C10&" "&AE$1,Results!$G:$H,2,FALSE)),"") -> 95 | ... AI10: =IFERROR(IFERROR(VLOOKUP($C10&" "&AI$1,Results!$F:$H,3,FALSE),-VLOOKUP($C10&" "&AI$1,Results!$G:$H,2,FALSE)),"") | BW10: =SUM(U10:BS10) -> 170 | BX10: =COUNTIF(E10:J10,1) -> 0 | BY10: =COUNTIF(E10:J10,0) -> 6 | BZ10: =COUNT(E10:J10) -> 6 | CA10: =+BX10/BZ10 -> 0 | CC10: =SUM(U10:BT10) -> 170 | CE10: 3 | CF10: =A10 -> 9 | CG10: =+CE10-CF10 -> -6
A11: 13 | B11: 8 | C11: Prestonwood | H11: =IF(AND(Y11>0,$A11<VLOOKUP(Y$1,$C:$L,10,FALSE)),1,IF(AND(Y11<0,$A11>VLOOKUP(Y$1,$C:$L,10,FALSE)),1,0)) -> 0 | I11: =IF(AND(Z11>0,$A11<VLOOKUP(Z$1,$C:$L,10,FALSE)),1,IF(AND(Z11<0,$A11>VLOOKUP(Z$1,$C:$L,10,FALSE)),1,0)) -> 0 | J11: =IF(AND(AA11>0,$A11<VLOOKUP(AA$1,$C:$L,10,FALSE)),1,IF(AND(AA11<0,$A11>VLOOKUP(AA$1,$C:$L,10,FALSE)),1,0)) -> 0 | K11: Updated | L11: =B11 -> 8 | M11: 2 | N11: =COUNTIF($U11:$BT11,">0") -> 0 | O11: =COUNTIF($U11:$BT11,"<0") -> 6 | P11: =COUNTIF($U11:$BT11,"=0") -> 0 | Q11: =COUNTIF($AB11:$AE11,">0") -> 0 | R11: =COUNTIF($AB11:$AE11,"<0") -> 3 | S11: =COUNTIF($AB11:$AE11,"=0") -> 0 | T11: =COUNTIF(U11:BU11,"NC") -> 0 | U11: =IFERROR(IFERROR(VLOOKUP($C11&" "&U$1,Results!$F:$H,3,FALSE),-VLOOKUP($C11&" "&U$1,Results!$G:$H,2,FALSE)),"") | V11: =IFERROR(IFERROR(VLOOKUP($C11&" "&V$1,Results!$F:$H,3,FALSE),-VLOOKUP($C11&" "&V$1,Results!$G:$H,2,FALSE)),"") | W11: =IFERROR(IFERROR(VLOOKUP($C11&" "&W$1,Results!$F:$H,3,FALSE),-VLOOKUP($C11&" "&W$1,Results!$G:$H,2,FALSE)),"") | X11: =IFERROR(IFERROR(VLOOKUP($C11&" "&X$1,Results!$F:$H,3,FALSE),-VLOOKUP($C11&" "&X$1,Results!$G:$H,2,FALSE)),"") | Y11: =IFERROR(IFERROR(VLOOKUP($C11&" "&Y$1,Results!$F:$H,3,FALSE),-VLOOKUP($C11&" "&Y$1,Results!$G:$H,2,FALSE)),"") | Z11: =IFERROR(IFERROR(VLOOKUP($C11&" "&Z$1,Results!$F:$H,3,FALSE),-VLOOKUP($C11&" "&Z$1,Results!$G:$H,2,FALSE)),"") | AA11: =IFERROR(IFERROR(VLOOKUP($C11&" "&AA$1,Results!$F:$H,3,FALSE),-VLOOKUP($C11&" "&AA$1,Results!$G:$H,2,FALSE)),"") | AB11: =IFERROR(IFERROR(VLOOKUP($C11&" "&AB$1,Results!$F:$H,3,FALSE),-VLOOKUP($C11&" "&AB$1,Results!$G:$H,2,FALSE)),"") -> -59 | ... AH11: =IFERROR(IFERROR(VLOOKUP($C11&" "&AH$1,Results!$F:$H,3,FALSE),-VLOOKUP($C11&" "&AH$1,Results!$G:$H,2,FALSE)),"") -> -94 | BW11: =SUM(U11:BS11) -> -381 | BX11: =COUNTIF(E11:J11,1) -> 0 | BY11: =COUNTIF(E11:J11,0) -> 3 | BZ11: =COUNT(E11:J11) -> 3 | CA11: =+BX11/BZ11 -> 0 | CC11: =SUM(U11:BT11) -> -381 | CE11: 2 | CF11: =A11 -> 13 | CG11: =+CE11-CF11 -> -11
A12: 8 | B12: 9 | C12: Dutchman Downs | E12: =IF(AND(AF12>0,$A12<VLOOKUP(AF$1,$C:$L,10,FALSE)),1,IF(AND(AF12<0,$A12>VLOOKUP(AF$1,$C:$L,10,FALSE)),1,0)) -> 1 | F12: =IF(AND(AG12>0,$A12<VLOOKUP(AG$1,$C:$L,10,FALSE)),1,IF(AND(AG12<0,$A12>VLOOKUP(AG$1,$C:$L,10,FALSE)),1,0)) -> 1 | G12: =IF(AND(AH12>0,$A12<VLOOKUP(AH$1,$C:$L,10,FALSE)),1,IF(AND(AH12<0,$A12>VLOOKUP(AH$1,$C:$L,10,FALSE)),1,0)) -> 0 | H12: =IF(AND(AJ12>0,$A12<VLOOKUP(AJ$1,$C:$L,10,FALSE)),1,IF(AND(AJ12<0,$A12>VLOOKUP(AJ$1,$C:$L,10,FALSE)),1,0)) -> 1 | I12: =IF(AND(AK12>0,$A12<VLOOKUP(AK$1,$C:$L,10,FALSE)),1,IF(AND(AK12<0,$A12>VLOOKUP(AK$1,$C:$L,10,FALSE)),1,0)) -> 1 | J12: =IF(AND(AL12>0,$A12<VLOOKUP(AL$1,$C:$L,10,FALSE)),1,IF(AND(AL12<0,$A12>VLOOKUP(AL$1,$C:$L,10,FALSE)),1,0)) -> 1 | K12: Updated | L12: =B12 -> 9 | M12: 3 | N12: =COUNTIF($U12:$BT12,">0") -> 4 | O12: =COUNTIF($U12:$BT12,"<0") -> 1 | P12: =COUNTIF($U12:$BT12,"=0") -> 1 | Q12: =COUNTIF($AF12:$AI12,">0") -> 2 | R12: =COUNTIF($AF12:$AI12,"<0") -> 1 | S12: =COUNTIF($AF12:$AI12,"=0") -> 0 | T12: =COUNTIF(U12:BU12,"NC") -> 0 | AB12: =IFERROR(IFERROR(VLOOKUP($C12&" "&AB$1,Results!$F:$H,3,FALSE),-VLOOKUP($C12&" "&AB$1,Results!$G:$H,2,FALSE)),"") | AC12: =IFERROR(IFERROR(VLOOKUP($C12&" "&AC$1,Results!$F:$H,3,FALSE),-VLOOKUP($C12&" "&AC$1,Results!$G:$H,2,FALSE)),"") -> 0 | AD12: =IFERROR(IFERROR(VLOOKUP($C12&" "&AD$1,Results!$F:$H,3,FALSE),-VLOOKUP($C12&" "&AD$1,Results!$G:$H,2,FALSE)),"") -> 32 | AE12: =IFERROR(IFERROR(VLOOKUP($C12&" "&AE$1,Results!$F:$H,3,FALSE),-VLOOKUP($C12&" "&AE$1,Results!$G:$H,2,FALSE)),"") -> 61 | AF12: =IFERROR(IFERROR(VLOOKUP($C12&" "&AF$1,Results!$F:$H,3,FALSE),-VLOOKUP($C12&" "&AF$1,Results!$G:$H,2,FALSE)),"") | AG12: =IFERROR(IFERROR(VLOOKUP($C12&" "&AG$1,Results!$F:$H,3,FALSE),-VLOOKUP($C12&" "&AG$1,Results!$G:$H,2,FALSE)),"") -> 31 | AH12: =IFERROR(IFERROR(VLOOKUP($C12&" "&AH$1,Results!$F:$H,3,FALSE),-VLOOKUP($C12&" "&AH$1,Results!$G:$H,2,FALSE)),"") -> -34 | AI12: =IFERROR(IFERROR(VLOOKUP($C12&" "&AI$1,Results!$F:$H,3,FALSE),-VLOOKUP($C12&" "&AI$1,Results!$G:$H,2,FALSE)),"") -> 30 | ... AM12: =IFERROR(IFERROR(VLOOKUP($C12&" "&AM$1,Results!$F:$H,3,FALSE),-VLOOKUP($C12&" "&AM$1,Results!$G:$H,2,FALSE)),"") | BW12: =SUM(U12:BS12) -> 120 | BX12: =COUNTIF(E12:J12,1) -> 5 | BY12: =COUNTIF(E12:J12,0) -> 1 | BZ12: =COUNT(E12:J12) -> 6 | CA12: =+BX12/BZ12 -> 0.83333333 | CC12: =SUM(U12:BT12) -> 120 | CE12: 14 | CF12: =A12 -> 8 | CG12: =+CE12-CF12 -> 6
A13: 12 | B13: 10 | C13: Lochmere | E13: =IF(AND(AG13>0,$A13<VLOOKUP(AG$1,$C:$L,10,FALSE)),1,IF(AND(AG13<0,$A13>VLOOKUP(AG$1,$C:$L,10,FALSE)),1,0)) -> 0 | F13: =IF(AND(AH13>0,$A13<VLOOKUP(AH$1,$C:$L,10,FALSE)),1,IF(AND(AH13<0,$A13>VLOOKUP(AH$1,$C:$L,10,FALSE)),1,0)) -> 0 | G13: =IF(AND(AI13>0,$A13<VLOOKUP(AI$1,$C:$L,10,FALSE)),1,IF(AND(AI13<0,$A13>VLOOKUP(AI$1,$C:$L,10,FALSE)),1,0)) -> 0 | H13: =IF(AND(AK13>0,$A13<VLOOKUP(AK$1,$C:$L,10,FALSE)),1,IF(AND(AK13<0,$A13>VLOOKUP(AK$1,$C:$L,10,FALSE)),1,0)) -> 1 | I13: =IF(AND(AL13>0,$A13<VLOOKUP(AL$1,$C:$L,10,FALSE)),1,IF(AND(AL13<0,$A13>VLOOKUP(AL$1,$C:$L,10,FALSE)),1,0)) -> 1 | J13: =IF(AND(AM13>0,$A13<VLOOKUP(AM$1,$C:$L,10,FALSE)),1,IF(AND(AM13<0,$A13>VLOOKUP(AM$1,$C:$L,10,FALSE)),1,0)) -> 1 | K13: Updated | L13: =B13 -> 10 | M13: 3 | N13: =COUNTIF($U13:$BT13,">0") -> 3 | O13: =COUNTIF($U13:$BT13,"<0") -> 3 | P13: =COUNTIF($U13:$BT13,"=0") -> 0 | Q13: =COUNTIF($AF13:$AI13,">0") -> 2 | R13: =COUNTIF($AF13:$AI13,"<0") -> 1 | S13: =COUNTIF($AF13:$AI13,"=0") -> 0 | T13: =COUNTIF(U13:BU13,"NC") -> 0 | AD13: =IFERROR(IFERROR(VLOOKUP($C13&" "&AD$1,Results!$F:$H,3,FALSE),-VLOOKUP($C13&" "&AD$1,Results!$G:$H,2,FALSE)),"") -> -61 | AE13: =IFERROR(IFERROR(VLOOKUP($C13&" "&AE$1,Results!$F:$H,3,FALSE),-VLOOKUP($C13&" "&AE$1,Results!$G:$H,2,FALSE)),"") -> 14 | AF13: =IFERROR(IFERROR(VLOOKUP($C13&" "&AF$1,Results!$F:$H,3,FALSE),-VLOOKUP($C13&" "&AF$1,Results!$G:$H,2,FALSE)),"") -> -31 | AG13: =IFERROR(IFERROR(VLOOKUP($C13&" "&AG$1,Results!$F:$H,3,FALSE),-VLOOKUP($C13&" "&AG$1,Results!$G:$H,2,FALSE)),"") | AH13: =IFERROR(IFERROR(VLOOKUP($C13&" "&AH$1,Results!$F:$H,3,FALSE),-VLOOKUP($C13&" "&AH$1,Results!$G:$H,2,FALSE)),"") -> 49 | AI13: =IFERROR(IFERROR(VLOOKUP($C13&" "&AI$1,Results!$F:$H,3,FALSE),-VLOOKUP($C13&" "&AI$1,Results!$G:$H,2,FALSE)),"") -> 24 | AJ13: =IFERROR(IFERROR(VLOOKUP($C13&" "&AJ$1,Results!$F:$H,3,FALSE),-VLOOKUP($C13&" "&AJ$1,Results!$G:$H,2,FALSE)),"") -> -91 | AK13: =IFERROR(IFERROR(VLOOKUP($C13&" "&AK$1,Results!$F:$H,3,FALSE),-VLOOKUP($C13&" "&AK$1,Results!$G:$H,2,FALSE)),"") | ... BC13: =IFERROR(IFERROR(VLOOKUP($C13&" "&BC$1,Results!$F:$H,3,FALSE),-VLOOKUP($C13&" "&BC$1,Results!$G:$H,2,FALSE)),"") | BW13: =SUM(U13:BS13) -> -96 | BX13: =COUNTIF(E13:J13,1) -> 3 | BY13: =COUNTIF(E13:J13,0) -> 3 | BZ13: =COUNT(E13:J13) -> 6 | CA13: =+BX13/BZ13 -> 0.5 | CC13: =SUM(U13:BT13) -> -96 | CE13: 8 | CF13: =A13 -> 12 | CG13: =+CE13-CF13 -> -4
A14: 6 | B14: 11 | C14: Shepherds Vineyard | E14: =IF(AND(AD14>0,$A14<VLOOKUP(AD$1,$C:$L,10,FALSE)),1,IF(AND(AD14<0,$A14>VLOOKUP(AD$1,$C:$L,10,FALSE)),1,0)) -> 1 | F14: =IF(AND(AE14>0,$A14<VLOOKUP(AE$1,$C:$L,10,FALSE)),1,IF(AND(AE14<0,$A14>VLOOKUP(AE$1,$C:$L,10,FALSE)),1,0)) -> 1 | G14: =IF(AND(AF14>0,$A14<VLOOKUP(AF$1,$C:$L,10,FALSE)),1,IF(AND(AF14<0,$A14>VLOOKUP(AF$1,$C:$L,10,FALSE)),1,0)) -> 1 | H14: =IF(AND(AH14>0,$A14<VLOOKUP(AH$1,$C:$L,10,FALSE)),1,IF(AND(AH14<0,$A14>VLOOKUP(AH$1,$C:$L,10,FALSE)),1,0)) -> 1 | I14: =IF(AND(AI14>0,$A14<VLOOKUP(AI$1,$C:$L,10,FALSE)),1,IF(AND(AI14<0,$A14>VLOOKUP(AI$1,$C:$L,10,FALSE)),1,0)) -> 1 | J14: =IF(AND(AJ14>0,$A14<VLOOKUP(AJ$1,$C:$L,10,FALSE)),1,IF(AND(AJ14<0,$A14>VLOOKUP(AJ$1,$C:$L,10,FALSE)),1,0)) -> 1 | K14: Updated | L14: =B14 -> 11 | M14: 3 | N14: =COUNTIF($U14:$BT14,">0") -> 5 | O14: =COUNTIF($U14:$BT14,"<0") -> 1 | P14: =COUNTIF($U14:$BT14,"=0") -> 0 | Q14: =COUNTIF($AF14:$AI14,">0") -> 2 | R14: =COUNTIF($AF14:$AI14,"<0") -> 1 | S14: =COUNTIF($AB14:$AF14,"=0") -> 0 | T14: =COUNTIF(U14:BU14,"NC") -> 0 | AB14: =IFERROR(IFERROR(VLOOKUP($C14&" "&AB$1,Results!$F:$H,3,FALSE),-VLOOKUP($C14&" "&AB$1,Results!$G:$H,2,FALSE)),"") | AC14: =IFERROR(IFERROR(VLOOKUP($C14&" "&AC$1,Results!$F:$H,3,FALSE),-VLOOKUP($C14&" "&AC$1,Results!$G:$H,2,FALSE)),"") | AD14: =IFERROR(IFERROR(VLOOKUP($C14&" "&AD$1,Results!$F:$H,3,FALSE),-VLOOKUP($C14&" "&AD$1,Results!$G:$H,2,FALSE)),"") | AE14: =IFERROR(IFERROR(VLOOKUP($C14&" "&AE$1,Results!$F:$H,3,FALSE),-VLOOKUP($C14&" "&AE$1,Results!$G:$H,2,FALSE)),"") -> 94 | AF14: =IFERROR(IFERROR(VLOOKUP($C14&" "&AF$1,Results!$F:$H,3,FALSE),-VLOOKUP($C14&" "&AF$1,Results!$G:$H,2,FALSE)),"") -> 34 | AG14: =IFERROR(IFERROR(VLOOKUP($C14&" "&AG$1,Results!$F:$H,3,FALSE),-VLOOKUP($C14&" "&AG$1,Results!$G:$H,2,FALSE)),"") -> -49 | AH14: =IFERROR(IFERROR(VLOOKUP($C14&" "&AH$1,Results!$F:$H,3,FALSE),-VLOOKUP($C14&" "&AH$1,Results!$G:$H,2,FALSE)),"") | AI14: =IFERROR(IFERROR(VLOOKUP($C14&" "&AI$1,Results!$F:$H,3,FALSE),-VLOOKUP($C14&" "&AI$1,Results!$G:$H,2,FALSE)),"") -> 72 | ... AM14: =IFERROR(IFERROR(VLOOKUP($C14&" "&AM$1,Results!$F:$H,3,FALSE),-VLOOKUP($C14&" "&AM$1,Results!$G:$H,2,FALSE)),"") | BW14: =SUM(U14:BS14) -> 493 | BX14: =COUNTIF(E14:J14,1) -> 6 | BY14: =COUNTIF(E14:J14,0) -> 0 | BZ14: =COUNT(E14:J14) -> 6 | CA14: =+BX14/BZ14 -> 1 | CC14: =SUM(U14:BT14) -> 493 | CE14: 10 | CF14: =A14 -> 6 | CG14: =+CE14-CF14 -> 4
A15: 15 | B15: 12 | C15: Olive Chapel | E15: =IF(AND(AB15>0,$A15<VLOOKUP(AB$1,$C:$L,10,FALSE)),1,IF(AND(AB15<0,$A15>VLOOKUP(AB$1,$C:$L,10,FALSE)),1,0)) -> 0 | F15: =IF(AND(AC15>0,$A15<VLOOKUP(AC$1,$C:$L,10,FALSE)),1,IF(AND(AC15<0,$A15>VLOOKUP(AC$1,$C:$L,10,FALSE)),1,0)) -> 0 | G15: =IF(AND(AD15>0,$A15<VLOOKUP(AD$1,$C:$L,10,FALSE)),1,IF(AND(AD15<0,$A15>VLOOKUP(AD$1,$C:$L,10,FALSE)),1,0)) -> 0 | H15: =IF(AND(AF15>0,$A15<VLOOKUP(AF$1,$C:$L,10,FALSE)),1,IF(AND(AF15<0,$A15>VLOOKUP(AF$1,$C:$L,10,FALSE)),1,0)) -> 1 | I15: =IF(AND(AG15>0,$A15<VLOOKUP(AG$1,$C:$L,10,FALSE)),1,IF(AND(AG15<0,$A15>VLOOKUP(AG$1,$C:$L,10,FALSE)),1,0)) -> 1 | J15: =IF(AND(AH15>0,$A15<VLOOKUP(AH$1,$C:$L,10,FALSE)),1,IF(AND(AH15<0,$A15>VLOOKUP(AH$1,$C:$L,10,FALSE)),1,0)) -> 1 | K15: Updated | L15: =B15 -> 12 | M15: 3 | N15: =COUNTIF($U15:$BT15,">0") -> 1 | O15: =COUNTIF($U15:$BT15,"<0") -> 5 | P15: =COUNTIF($U15:$BT15,"=0") -> 0 | Q15: =COUNTIF($AF15:$AI15,">0") -> 0 | R15: =COUNTIF($AF15:$AI15,"<0") -> 3 | S15: =COUNTIF($AF15:$AI15,"=0") -> 0 | T15: =COUNTIF(U15:BU15,"NC") -> 0 | X15: =IFERROR(IFERROR(VLOOKUP($C15&" "&X$1,Results!$F:$H,3,FALSE),-VLOOKUP($C15&" "&X$1,Results!$G:$H,2,FALSE)),"") | Y15: =IFERROR(IFERROR(VLOOKUP($C15&" "&Y$1,Results!$F:$H,3,FALSE),-VLOOKUP($C15&" "&Y$1,Results!$G:$H,2,FALSE)),"") | Z15: =IFERROR(IFERROR(VLOOKUP($C15&" "&Z$1,Results!$F:$H,3,FALSE),-VLOOKUP($C15&" "&Z$1,Results!$G:$H,2,FALSE)),"") | AA15: =IFERROR(IFERROR(VLOOKUP($C15&" "&AA$1,Results!$F:$H,3,FALSE),-VLOOKUP($C15&" "&AA$1,Results!$G:$H,2,FALSE)),"") | AB15: =IFERROR(IFERROR(VLOOKUP($C15&" "&AB$1,Results!$F:$H,3,FALSE),-VLOOKUP($C15&" "&AB$1,Results!$G:$H,2,FALSE)),"") | AC15: =IFERROR(IFERROR(VLOOKUP($C15&" "&AC$1,Results!$F:$H,3,FALSE),-VLOOKUP($C15&" "&AC$1,Results!$G:$H,2,FALSE)),"") | AD15: =IFERROR(IFERROR(VLOOKUP($C15&" "&AD$1,Results!$F:$H,3,FALSE),-VLOOKUP($C15&" "&AD$1,Results!$G:$H,2,FALSE)),"") | AE15: =IFERROR(IFERROR(VLOOKUP($C15&" "&AE$1,Results!$F:$H,3,FALSE),-VLOOKUP($C15&" "&AE$1,Results!$G:$H,2,FALSE)),"") | ... AM15: =IFERROR(IFERROR(VLOOKUP($C15&" "&AM$1,Results!$F:$H,3,FALSE),-VLOOKUP($C15&" "&AM$1,Results!$G:$H,2,FALSE)),"") | BW15: =SUM(U15:BS15) -> -46 | BX15: =COUNTIF(E15:J15,1) -> 3 | BY15: =COUNTIF(E15:J15,0) -> 3 | BZ15: =COUNT(E15:J15) -> 6 | CA15: =+BX15/BZ15 -> 0.5 | CC15: =SUM(U15:BT15) -> -46 | CE15: 5 | CF15: =A15 -> 15 | CG15: =+CE15-CF15 -> -10
A16: 11 | B16: 13 | C16: Preston Village | E16: =IF(AND(AL16>0,$A16<VLOOKUP(AL$1,$C:$L,10,FALSE)),1,IF(AND(AL16<0,$A16>VLOOKUP(AL$1,$C:$L,10,FALSE)),1,0)) -> 0 | F16: =IF(AND(AM16>0,$A16<VLOOKUP(AM$1,$C:$L,10,FALSE)),1,IF(AND(AM16<0,$A16>VLOOKUP(AM$1,$C:$L,10,FALSE)),1,0)) -> 1 | G16: =IF(AND(AN16>0,$A16<VLOOKUP(AN$1,$C:$L,10,FALSE)),1,IF(AND(AN16<0,$A16>VLOOKUP(AN$1,$C:$L,10,FALSE)),1,0)) -> 1 | H16: =IF(AND(AP16>0,$A16<VLOOKUP(AP$1,$C:$L,10,FALSE)),1,IF(AND(AP16<0,$A16>VLOOKUP(AP$1,$C:$L,10,FALSE)),1,0)) -> 1 | I16: =IF(AND(AQ16>0,$A16<VLOOKUP(AQ$1,$C:$L,10,FALSE)),1,IF(AND(AQ16<0,$A16>VLOOKUP(AQ$1,$C:$L,10,FALSE)),1,0)) -> 1 | J16: =IF(AND(AR16>0,$A16<VLOOKUP(AR$1,$C:$L,10,FALSE)),1,IF(AND(AR16<0,$A16>VLOOKUP(AR$1,$C:$L,10,FALSE)),1,0)) -> 1 | K16: Updated | L16: =B16 -> 13 | M16: 4 | N16: =COUNTIF($U16:$BT16,">0") -> 4 | O16: =COUNTIF($U16:$BT16,"<0") -> 2 | P16: =COUNTIF($U16:$BT16,"=0") -> 0 | Q16: =COUNTIF($AJ16:$AM16,">0") -> 2 | R16: =COUNTIF($AJ16:$AM16,"<0") -> 1 | S16: =COUNTIF($AJ16:$AM16,"=0") -> 0 | T16: =COUNTIF(U16:BU16,"NC") -> 0 | AF16: =IFERROR(IFERROR(VLOOKUP($C16&" "&AF$1,Results!$F:$H,3,FALSE),-VLOOKUP($C16&" "&AF$1,Results!$G:$H,2,FALSE)),"") | AG16: =IFERROR(IFERROR(VLOOKUP($C16&" "&AG$1,Results!$F:$H,3,FALSE),-VLOOKUP($C16&" "&AG$1,Results!$G:$H,2,FALSE)),"") -> 91 | AH16: =IFERROR(IFERROR(VLOOKUP($C16&" "&AH$1,Results!$F:$H,3,FALSE),-VLOOKUP($C16&" "&AH$1,Results!$G:$H,2,FALSE)),"") -> -92 | AI16: =IFERROR(IFERROR(VLOOKUP($C16&" "&AI$1,Results!$F:$H,3,FALSE),-VLOOKUP($C16&" "&AI$1,Results!$G:$H,2,FALSE)),"") -> 11 | AJ16: =IFERROR(IFERROR(VLOOKUP($C16&" "&AJ$1,Results!$F:$H,3,FALSE),-VLOOKUP($C16&" "&AJ$1,Results!$G:$H,2,FALSE)),"") | AK16: =IFERROR(IFERROR(VLOOKUP($C16&" "&AK$1,Results!$F:$H,3,FALSE),-VLOOKUP($C16&" "&AK$1,Results!$G:$H,2,FALSE)),"") -> 7 | AL16: =IFERROR(IFERROR(VLOOKUP($C16&" "&AL$1,Results!$F:$H,3,FALSE),-VLOOKUP($C16&" "&AL$1,Results!$G:$H,2,FALSE)),"") -> -84 | AM16: =IFERROR(IFERROR(VLOOKUP($C16&" "&AM$1,Results!$F:$H,3,FALSE),-VLOOKUP($C16&" "&AM$1,Results!$G:$H,2,FALSE)),"") -> 107 | ... BC16: =IFERROR(IFERROR(VLOOKUP($C16&" "&BC$1,Results!$F:$H,3,FALSE),-VLOOKUP($C16&" "&BC$1,Results!$G:$H,2,FALSE)),"") | BW16: =SUM(U16:BS16) -> 40 | BX16: =COUNTIF(E16:J16,1) -> 5 | BY16: =COUNTIF(E16:J16,0) -> 1 | BZ16: =COUNT(E16:J16) -> 6 | CA16: =+BX16/BZ16 -> 0.83333333 | CC16: =SUM(U16:BT16) -> 40 | CE16: 18 | CF16: =A16 -> 11 | CG16: =+CE16-CF16 -> 7
A17: 20 | B17: 14 | C17: Walden Creek | E17: =IF(AND(AE17>0,$A17<VLOOKUP(AE$1,$C:$L,10,FALSE)),1,IF(AND(AE17<0,$A17>VLOOKUP(AE$1,$C:$L,10,FALSE)),1,0)) -> 0 | F17: =IF(AND(AF17>0,$A17<VLOOKUP(AF$1,$C:$L,10,FALSE)),1,IF(AND(AF17<0,$A17>VLOOKUP(AF$1,$C:$L,10,FALSE)),1,0)) -> 0 | G17: =IF(AND(AG17>0,$A17<VLOOKUP(AG$1,$C:$L,10,FALSE)),1,IF(AND(AG17<0,$A17>VLOOKUP(AG$1,$C:$L,10,FALSE)),1,0)) -> 0 | H17: =IF(AND(AI17>0,$A17<VLOOKUP(AI$1,$C:$L,10,FALSE)),1,IF(AND(AI17<0,$A17>VLOOKUP(AI$1,$C:$L,10,FALSE)),1,0)) -> 1 | I17: =IF(AND(AJ17>0,$A17<VLOOKUP(AJ$1,$C:$L,10,FALSE)),1,IF(AND(AJ17<0,$A17>VLOOKUP(AJ$1,$C:$L,10,FALSE)),1,0)) -> 1 | J17: =IF(AND(AK17>0,$A17<VLOOKUP(AK$1,$C:$L,10,FALSE)),1,IF(AND(AK17<0,$A17>VLOOKUP(AK$1,$C:$L,10,FALSE)),1,0)) -> 0 | K17: Updated | L17: =B17 -> 14 | M17: 4 | N17: =COUNTIF($U17:$BT17,">0") -> 0 | O17: =COUNTIF($U17:$BT17,"<0") -> 6 | P17: =COUNTIF($U17:$BT17,"=0") -> 0 | Q17: =COUNTIF($AJ17:$AM17,">0") -> 0 | R17: =COUNTIF($AJ17:$AM17,"<0") -> 3 | S17: =COUNTIF($AJ17:$AM17,"=0") -> 0 | T17: =COUNTIF(U17:BU17,"NC") -> 0 | AB17: =IFERROR(IFERROR(VLOOKUP($C17&" "&AB$1,Results!$F:$H,3,FALSE),-VLOOKUP($C17&" "&AB$1,Results!$G:$H,2,FALSE)),"") | AC17: =IFERROR(IFERROR(VLOOKUP($C17&" "&AC$1,Results!$F:$H,3,FALSE),-VLOOKUP($C17&" "&AC$1,Results!$G:$H,2,FALSE)),"") | AD17: =IFERROR(IFERROR(VLOOKUP($C17&" "&AD$1,Results!$F:$H,3,FALSE),-VLOOKUP($C17&" "&AD$1,Results!$G:$H,2,FALSE)),"") | AE17: =IFERROR(IFERROR(VLOOKUP($C17&" "&AE$1,Results!$F:$H,3,FALSE),-VLOOKUP($C17&" "&AE$1,Results!$G:$H,2,FALSE)),"") | AF17: =IFERROR(IFERROR(VLOOKUP($C17&" "&AF$1,Results!$F:$H,3,FALSE),-VLOOKUP($C17&" "&AF$1,Results!$G:$H,2,FALSE)),"") | AG17: =IFERROR(IFERROR(VLOOKUP($C17&" "&AG$1,Results!$F:$H,3,FALSE),-VLOOKUP($C17&" "&AG$1,Results!$G:$H,2,FALSE)),"") | AH17: =IFERROR(IFERROR(VLOOKUP($C17&" "&AH$1,Results!$F:$H,3,FALSE),-VLOOKUP($C17&" "&AH$1,Results!$G:$H,2,FALSE)),"") -> -250 | AI17: =IFERROR(IFERROR(VLOOKUP($C17&" "&AI$1,Results!$F:$H,3,FALSE),-VLOOKUP($C17&" "&AI$1,Results!$G:$H,2,FALSE)),"") -> -123 | ... AN17: =IFERROR(IFERROR(VLOOKUP($C17&" "&AN$1,Results!$F:$H,3,FALSE),-VLOOKUP($C17&" "&AN$1,Results!$G:$H,2,FALSE)),"") -> -175 | BW17: =SUM(U17:BS17) -> -843 | BX17: =COUNTIF(E17:J17,1) -> 2 | BY17: =COUNTIF(E17:J17,0) -> 4 | BZ17: =COUNT(E17:J17) -> 6 | CA17: =+BX17/BZ17 -> 0.33333333 | CC17: =SUM(U17:BT17) -> -843 | CE17: 6 | CF17: =A17 -> 20 | CG17: =+CE17-CF17 -> -14
A18: 10 | B18: 15 | C18: WoodCreek | E18: =IF(AND(AI18>0,$A18<VLOOKUP(AI$1,$C:$L,10,FALSE)),1,IF(AND(AI18<0,$A18>VLOOKUP(AI$1,$C:$L,10,FALSE)),1,0)) -> 1 | F18: =IF(AND(AJ18>0,$A18<VLOOKUP(AJ$1,$C:$L,10,FALSE)),1,IF(AND(AJ18<0,$A18>VLOOKUP(AJ$1,$C:$L,10,FALSE)),1,0)) -> 1 | G18: =IF(AND(AK18>0,$A18<VLOOKUP(AK$1,$C:$L,10,FALSE)),1,IF(AND(AK18<0,$A18>VLOOKUP(AK$1,$C:$L,10,FALSE)),1,0)) -> 1 | H18: =IF(AND(AM18>0,$A18<VLOOKUP(AM$1,$C:$L,10,FALSE)),1,IF(AND(AM18<0,$A18>VLOOKUP(AM$1,$C:$L,10,FALSE)),1,0)) -> 1 | I18: =IF(AND(AN18>0,$A18<VLOOKUP(AN$1,$C:$L,10,FALSE)),1,IF(AND(AN18<0,$A18>VLOOKUP(AN$1,$C:$L,10,FALSE)),1,0)) -> 1 | J18: =IF(AND(AO18>0,$A18<VLOOKUP(AO$1,$C:$L,10,FALSE)),1,IF(AND(AO18<0,$A18>VLOOKUP(AO$1,$C:$L,10,FALSE)),1,0)) -> 1 | K18: Updated | L18: =B18 -> 15 | M18: 4 | N18: =COUNTIF($U18:$BT18,">0") -> 6 | O18: =COUNTIF($U18:$BT18,"<0") -> 0 | P18: =COUNTIF($U18:$BT18,"=0") -> 0 | Q18: =COUNTIF($AJ18:$AM18,">0") -> 3 | R18: =COUNTIF($AJ18:$AM18,"<0") -> 0 | S18: =COUNTIF($AJ18:$AM18,"=0") -> 0 | T18: =COUNTIF(U18:BU18,"NC") -> 0 | AF18: =IFERROR(IFERROR(VLOOKUP($C18&" "&AF$1,Results!$F:$H,3,FALSE),-VLOOKUP($C18&" "&AF$1,Results!$G:$H,2,FALSE)),"") | AG18: =IFERROR(IFERROR(VLOOKUP($C18&" "&AG$1,Results!$F:$H,3,FALSE),-VLOOKUP($C18&" "&AG$1,Results!$G:$H,2,FALSE)),"") | AH18: =IFERROR(IFERROR(VLOOKUP($C18&" "&AH$1,Results!$F:$H,3,FALSE),-VLOOKUP($C18&" "&AH$1,Results!$G:$H,2,FALSE)),"") | AI18: =IFERROR(IFERROR(VLOOKUP($C18&" "&AI$1,Results!$F:$H,3,FALSE),-VLOOKUP($C18&" "&AI$1,Results!$G:$H,2,FALSE)),"") -> 32 | AJ18: =IFERROR(IFERROR(VLOOKUP($C18&" "&AJ$1,Results!$F:$H,3,FALSE),-VLOOKUP($C18&" "&AJ$1,Results!$G:$H,2,FALSE)),"") -> 84 | AK18: =IFERROR(IFERROR(VLOOKUP($C18&" "&AK$1,Results!$F:$H,3,FALSE),-VLOOKUP($C18&" "&AK$1,Results!$G:$H,2,FALSE)),"") -> 212 | AL18: =IFERROR(IFERROR(VLOOKUP($C18&" "&AL$1,Results!$F:$H,3,FALSE),-VLOOKUP($C18&" "&AL$1,Results!$G:$H,2,FALSE)),"") | AM18: =IFERROR(IFERROR(VLOOKUP($C18&" "&AM$1,Results!$F:$H,3,FALSE),-VLOOKUP($C18&" "&AM$1,Results!$G:$H,2,FALSE)),"") -> 84 | ... BC18: =IFERROR(IFERROR(VLOOKUP($C18&" "&BC$1,Results!$F:$H,3,FALSE),-VLOOKUP($C18&" "&BC$1,Results!$G:$H,2,FALSE)),"") | BW18: =SUM(U18:BS18) -> 612 | BX18: =COUNTIF(E18:J18,1) -> 6 | BY18: =COUNTIF(E18:J18,0) -> 0 | BZ18: =COUNT(E18:J18) -> 6 | CA18: =+BX18/BZ18 -> 1 | CC18: =SUM(U18:BT18) -> 612 | CE18: 21 | CF18: =A18 -> 10 | CG18: =+CE18-CF18 -> 11
A19: 18 | B19: 16 | C19: Silverton | E19: =IF(AND(AJ19>0,$A19<VLOOKUP(AJ$1,$C:$L,10,FALSE)),1,IF(AND(AJ19<0,$A19>VLOOKUP(AJ$1,$C:$L,10,FALSE)),1,0)) -> 1 | F19: =IF(AND(AK19>0,$A19<VLOOKUP(AK$1,$C:$L,10,FALSE)),1,IF(AND(AK19<0,$A19>VLOOKUP(AK$1,$C:$L,10,FALSE)),1,0)) -> 0 | G19: =IF(AND(AL19>0,$A19<VLOOKUP(AL$1,$C:$L,10,FALSE)),1,IF(AND(AL19<0,$A19>VLOOKUP(AL$1,$C:$L,10,FALSE)),1,0)) -> 1 | H19: =IF(AND(AN19>0,$A19<VLOOKUP(AN$1,$C:$L,10,FALSE)),1,IF(AND(AN19<0,$A19>VLOOKUP(AN$1,$C:$L,10,FALSE)),1,0)) -> 1 | I19: =IF(AND(AO19>0,$A19<VLOOKUP(AO$1,$C:$L,10,FALSE)),1,IF(AND(AO19<0,$A19>VLOOKUP(AO$1,$C:$L,10,FALSE)),1,0)) -> 0 | J19: =IF(AND(AP19>0,$A19<VLOOKUP(AP$1,$C:$L,10,FALSE)),1,IF(AND(AP19<0,$A19>VLOOKUP(AP$1,$C:$L,10,FALSE)),1,0)) -> 1 | K19: Updated | L19: =B19 -> 16 | M19: 4 | N19: =COUNTIF($U19:$BT19,">0") -> 3 | O19: =COUNTIF($U19:$BT19,"<0") -> 3 | P19: =COUNTIF($U19:$BT19,"=0") -> 0 | Q19: =COUNTIF($AJ19:$AM19,">0") -> 1 | R19: =COUNTIF($AJ19:$AM19,"<0") -> 2 | S19: =COUNTIF($AJ19:$AM19,"=0") -> 0 | T19: =COUNTIF(U19:BU19,"NC") -> 0 | AF19: =IFERROR(IFERROR(VLOOKUP($C19&" "&AF$1,Results!$F:$H,3,FALSE),-VLOOKUP($C19&" "&AF$1,Results!$G:$H,2,FALSE)),"") | AG19: =IFERROR(IFERROR(VLOOKUP($C19&" "&AG$1,Results!$F:$H,3,FALSE),-VLOOKUP($C19&" "&AG$1,Results!$G:$H,2,FALSE)),"") | AH19: =IFERROR(IFERROR(VLOOKUP($C19&" "&AH$1,Results!$F:$H,3,FALSE),-VLOOKUP($C19&" "&AH$1,Results!$G:$H,2,FALSE)),"") | AI19: =IFERROR(IFERROR(VLOOKUP($C19&" "&AI$1,Results!$F:$H,3,FALSE),-VLOOKUP($C19&" "&AI$1,Results!$G:$H,2,FALSE)),"") | AJ19: =IFERROR(IFERROR(VLOOKUP($C19&" "&AJ$1,Results!$F:$H,3,FALSE),-VLOOKUP($C19&" "&AJ$1,Results!$G:$H,2,FALSE)),"") -> -107 | AK19: =IFERROR(IFERROR(VLOOKUP($C19&" "&AK$1,Results!$F:$H,3,FALSE),-VLOOKUP($C19&" "&AK$1,Results!$G:$H,2,FALSE)),"") -> 76 | AL19: =IFERROR(IFERROR(VLOOKUP($C19&" "&AL$1,Results!$F:$H,3,FALSE),-VLOOKUP($C19&" "&AL$1,Results!$G:$H,2,FALSE)),"") -> -84 | AM19: =IFERROR(IFERROR(VLOOKUP($C19&" "&AM$1,Results!$F:$H,3,FALSE),-VLOOKUP($C19&" "&AM$1,Results!$G:$H,2,FALSE)),"") | ... BC19: =IFERROR(IFERROR(VLOOKUP($C19&" "&BC$1,Results!$F:$H,3,FALSE),-VLOOKUP($C19&" "&BC$1,Results!$G:$H,2,FALSE)),"") | BW19: =SUM(U19:BS19) -> -187 | BX19: =COUNTIF(E19:J19,1) -> 4 | BY19: =COUNTIF(E19:J19,0) -> 2 | BZ19: =COUNT(E19:J19) -> 6 | CA19: =+BX19/BZ19 -> 0.66666667 | CC19: =SUM(U19:BT19) -> -187 | CE19: 12 | CF19: =A19 -> 18 | CG19: =+CE19-CF19 -> -6
A20: 14 | B20: 17 | C20: Clubworx | E20: =IF(AND(AO20>0,$A20<VLOOKUP(AO$1,$C:$L,10,FALSE)),1,IF(AND(AO20<0,$A20>VLOOKUP(AO$1,$C:$L,10,FALSE)),1,0)) -> 1 | F20: =IF(AND(AP20>0,$A20<VLOOKUP(AP$1,$C:$L,10,FALSE)),1,IF(AND(AP20<0,$A20>VLOOKUP(AP$1,$C:$L,10,FALSE)),1,0)) -> 1 | G20: =IF(AND(AQ20>0,$A20<VLOOKUP(AQ$1,$C:$L,10,FALSE)),1,IF(AND(AQ20<0,$A20>VLOOKUP(AQ$1,$C:$L,10,FALSE)),1,0)) -> 1 | H20: =IF(AND(AS20>0,$A20<VLOOKUP(AS$1,$C:$L,10,FALSE)),1,IF(AND(AS20<0,$A20>VLOOKUP(AS$1,$C:$L,10,FALSE)),1,0)) -> 1 | I20: =IF(AND(AT20>0,$A20<VLOOKUP(AT$1,$C:$L,10,FALSE)),1,IF(AND(AT20<0,$A20>VLOOKUP(AT$1,$C:$L,10,FALSE)),1,0)) -> 1 | J20: =IF(AND(AU20>0,$A20<VLOOKUP(AU$1,$C:$L,10,FALSE)),1,IF(AND(AU20<0,$A20>VLOOKUP(AU$1,$C:$L,10,FALSE)),1,0)) -> 1 | K20: Updated | L20: =B20 -> 17 | M20: 5 | N20: =COUNTIF($U20:$BT20,">0") -> 5 | O20: =COUNTIF($U20:$BT20,"<0") -> 1 | P20: =COUNTIF($U20:$BT20,"=0") -> 0 | Q20: =COUNTIF($AN20:$AQ20,">0") -> 3 | R20: =COUNTIF($AN20:$AQ20,"<0") -> 0 | S20: =COUNTIF($AR20:$AU20,"=0") -> 0 | T20: =COUNTIF(U20:BU20,"NC") -> 0 | AF20: =IFERROR(IFERROR(VLOOKUP($C20&" "&AF$1,Results!$F:$H,3,FALSE),-VLOOKUP($C20&" "&AF$1,Results!$G:$H,2,FALSE)),"") | AG20: =IFERROR(IFERROR(VLOOKUP($C20&" "&AG$1,Results!$F:$H,3,FALSE),-VLOOKUP($C20&" "&AG$1,Results!$G:$H,2,FALSE)),"") | AH20: =IFERROR(IFERROR(VLOOKUP($C20&" "&AH$1,Results!$F:$H,3,FALSE),-VLOOKUP($C20&" "&AH$1,Results!$G:$H,2,FALSE)),"") | AI20: =IFERROR(IFERROR(VLOOKUP($C20&" "&AI$1,Results!$F:$H,3,FALSE),-VLOOKUP($C20&" "&AI$1,Results!$G:$H,2,FALSE)),"") | AJ20: =IFERROR(IFERROR(VLOOKUP($C20&" "&AJ$1,Results!$F:$H,3,FALSE),-VLOOKUP($C20&" "&AJ$1,Results!$G:$H,2,FALSE)),"") | AK20: =IFERROR(IFERROR(VLOOKUP($C20&" "&AK$1,Results!$F:$H,3,FALSE),-VLOOKUP($C20&" "&AK$1,Results!$G:$H,2,FALSE)),"") -> 175 | AL20: =IFERROR(IFERROR(VLOOKUP($C20&" "&AL$1,Results!$F:$H,3,FALSE),-VLOOKUP($C20&" "&AL$1,Results!$G:$H,2,FALSE)),"") -> -103 | AM20: =IFERROR(IFERROR(VLOOKUP($C20&" "&AM$1,Results!$F:$H,3,FALSE),-VLOOKUP($C20&" "&AM$1,Results!$G:$H,2,FALSE)),"") -> 129 | ... BC20: =IFERROR(IFERROR(VLOOKUP($C20&" "&BC$1,Results!$F:$H,3,FALSE),-VLOOKUP($C20&" "&BC$1,Results!$G:$H,2,FALSE)),"") | BW20: =SUM(U20:BS20) -> 499 | BX20: =COUNTIF(E20:J20,1) -> 6 | BY20: =COUNTIF(E20:J20,0) -> 0 | BZ20: =COUNT(E20:J20) -> 6 | CA20: =+BX20/BZ20 -> 1 | CC20: =SUM(U20:BT20) -> 499 | CE20: 23 | CF20: =A20 -> 14 | CG20: =+CE20-CF20 -> 9
A21: 19 | B21: 18 | C21: Brookstone | E21: =IF(AND(AH21>0,$A21<VLOOKUP(AH$1,$C:$L,10,FALSE)),1,IF(AND(AH21<0,$A21>VLOOKUP(AH$1,$C:$L,10,FALSE)),1,0)) -> 0 | F21: =IF(AND(AI21>0,$A21<VLOOKUP(AI$1,$C:$L,10,FALSE)),1,IF(AND(AI21<0,$A21>VLOOKUP(AI$1,$C:$L,10,FALSE)),1,0)) -> 0 | G21: =IF(AND(AJ21>0,$A21<VLOOKUP(AJ$1,$C:$L,10,FALSE)),1,IF(AND(AJ21<0,$A21>VLOOKUP(AJ$1,$C:$L,10,FALSE)),1,0)) -> 0 | H21: =IF(AND(AL21>0,$A21<VLOOKUP(AL$1,$C:$L,10,FALSE)),1,IF(AND(AL21<0,$A21>VLOOKUP(AL$1,$C:$L,10,FALSE)),1,0)) -> 1 | I21: =IF(AND(AM21>0,$A21<VLOOKUP(AM$1,$C:$L,10,FALSE)),1,IF(AND(AM21<0,$A21>VLOOKUP(AM$1,$C:$L,10,FALSE)),1,0)) -> 1 | J21: =IF(AND(AN21>0,$A21<VLOOKUP(AN$1,$C:$L,10,FALSE)),1,IF(AND(AN21<0,$A21>VLOOKUP(AN$1,$C:$L,10,FALSE)),1,0)) -> 1 | K21: Updated | L21: =B21 -> 18 | M21: 5 | N21: =COUNTIF($U21:$BT21,">0") -> 1 | O21: =COUNTIF($U21:$BT21,"<0") -> 5 | P21: =COUNTIF($U21:$BT21,"=0") -> 0 | Q21: =COUNTIF($AN21:$AQ21,">0") -> 1 | R21: =COUNTIF($AN21:$AQ21,"<0") -> 2 | S21: =COUNTIF($AN21:$AQ21,"=0") -> 0 | T21: =COUNTIF(U21:BU21,"NC") -> 0 | AF21: =IFERROR(IFERROR(VLOOKUP($C21&" "&AF$1,Results!$F:$H,3,FALSE),-VLOOKUP($C21&" "&AF$1,Results!$G:$H,2,FALSE)),"") | AG21: =IFERROR(IFERROR(VLOOKUP($C21&" "&AG$1,Results!$F:$H,3,FALSE),-VLOOKUP($C21&" "&AG$1,Results!$G:$H,2,FALSE)),"") | AH21: =IFERROR(IFERROR(VLOOKUP($C21&" "&AH$1,Results!$F:$H,3,FALSE),-VLOOKUP($C21&" "&AH$1,Results!$G:$H,2,FALSE)),"") | AI21: =IFERROR(IFERROR(VLOOKUP($C21&" "&AI$1,Results!$F:$H,3,FALSE),-VLOOKUP($C21&" "&AI$1,Results!$G:$H,2,FALSE)),"") | AJ21: =IFERROR(IFERROR(VLOOKUP($C21&" "&AJ$1,Results!$F:$H,3,FALSE),-VLOOKUP($C21&" "&AJ$1,Results!$G:$H,2,FALSE)),"") | AK21: =IFERROR(IFERROR(VLOOKUP($C21&" "&AK$1,Results!$F:$H,3,FALSE),-VLOOKUP($C21&" "&AK$1,Results!$G:$H,2,FALSE)),"") | AL21: =IFERROR(IFERROR(VLOOKUP($C21&" "&AL$1,Results!$F:$H,3,FALSE),-VLOOKUP($C21&" "&AL$1,Results!$G:$H,2,FALSE)),"") -> -97 | AM21: =IFERROR(IFERROR(VLOOKUP($C21&" "&AM$1,Results!$F:$H,3,FALSE),-VLOOKUP($C21&" "&AM$1,Results!$G:$H,2,FALSE)),"") -> -39 | ... BC21: =IFERROR(IFERROR(VLOOKUP($C21&" "&BC$1,Results!$F:$H,3,FALSE),-VLOOKUP($C21&" "&BC$1,Results!$G:$H,2,FALSE)),"") | BW21: =SUM(U21:BS21) -> -371 | BX21: =COUNTIF(E21:J21,1) -> 3 | BY21: =COUNTIF(E21:J21,0) -> 3 | BZ21: =COUNT(E21:J21) -> 6 | CA21: =+BX21/BZ21 -> 0.5 | CC21: =SUM(U21:BT21) -> -371 | CE21: 13 | CF21: =A21 -> 19 | CG21: =+CE21-CF21 -> -6
A22: 21 | B22: 19 | C22: Regency | E22: =IF(AND(AM22>0,$A22<VLOOKUP(AM$1,$C:$L,10,FALSE)),1,IF(AND(AM22<0,$A22>VLOOKUP(AM$1,$C:$L,10,FALSE)),1,0)) -> 1 | F22: =IF(AND(AN22>0,$A22<VLOOKUP(AN$1,$C:$L,10,FALSE)),1,IF(AND(AN22<0,$A22>VLOOKUP(AN$1,$C:$L,10,FALSE)),1,0)) -> 1 | G22: =IF(AND(AO22>0,$A22<VLOOKUP(AO$1,$C:$L,10,FALSE)),1,IF(AND(AO22<0,$A22>VLOOKUP(AO$1,$C:$L,10,FALSE)),1,0)) -> 1 | H22: =IF(AND(AQ22>0,$A22<VLOOKUP(AQ$1,$C:$L,10,FALSE)),1,IF(AND(AQ22<0,$A22>VLOOKUP(AQ$1,$C:$L,10,FALSE)),1,0)) -> 1 | I22: =IF(AND(AR22>0,$A22<VLOOKUP(AR$1,$C:$L,10,FALSE)),1,IF(AND(AR22<0,$A22>VLOOKUP(AR$1,$C:$L,10,FALSE)),1,0)) -> 0 | J22: =IF(AND(AS22>0,$A22<VLOOKUP(AS$1,$C:$L,10,FALSE)),1,IF(AND(AS22<0,$A22>VLOOKUP(AS$1,$C:$L,10,FALSE)),1,0)) -> 1 | K22: Updated | L22: =B22 -> 19 | M22: 5 | N22: =COUNTIF($U22:$BT22,">0") -> 1 | O22: =COUNTIF($U22:$BT22,"<0") -> 5 | P22: =COUNTIF($U22:$BT22,"=0") -> 0 | Q22: =COUNTIF($AN22:$AQ22,">0") -> 0 | R22: =COUNTIF($AN22:$AQ22,"<0") -> 3 | S22: =COUNTIF($AN22:$AQ22,"=0") -> 0 | T22: =COUNTIF(U22:BU22,"NC") -> 0 | AF22: =IFERROR(IFERROR(VLOOKUP($C22&" "&AF$1,Results!$F:$H,3,FALSE),-VLOOKUP($C22&" "&AF$1,Results!$G:$H,2,FALSE)),"") | AG22: =IFERROR(IFERROR(VLOOKUP($C22&" "&AG$1,Results!$F:$H,3,FALSE),-VLOOKUP($C22&" "&AG$1,Results!$G:$H,2,FALSE)),"") | AH22: =IFERROR(IFERROR(VLOOKUP($C22&" "&AH$1,Results!$F:$H,3,FALSE),-VLOOKUP($C22&" "&AH$1,Results!$G:$H,2,FALSE)),"") | AI22: =IFERROR(IFERROR(VLOOKUP($C22&" "&AI$1,Results!$F:$H,3,FALSE),-VLOOKUP($C22&" "&AI$1,Results!$G:$H,2,FALSE)),"") | AJ22: =IFERROR(IFERROR(VLOOKUP($C22&" "&AJ$1,Results!$F:$H,3,FALSE),-VLOOKUP($C22&" "&AJ$1,Results!$G:$H,2,FALSE)),"") | AK22: =IFERROR(IFERROR(VLOOKUP($C22&" "&AK$1,Results!$F:$H,3,FALSE),-VLOOKUP($C22&" "&AK$1,Results!$G:$H,2,FALSE)),"") | AL22: =IFERROR(IFERROR(VLOOKUP($C22&" "&AL$1,Results!$F:$H,3,FALSE),-VLOOKUP($C22&" "&AL$1,Results!$G:$H,2,FALSE)),"") | AM22: =IFERROR(IFERROR(VLOOKUP($C22&" "&AM$1,Results!$F:$H,3,FALSE),-VLOOKUP($C22&" "&AM$1,Results!$G:$H,2,FALSE)),"") -> -18 | ... BC22: =IFERROR(IFERROR(VLOOKUP($C22&" "&BC$1,Results!$F:$H,3,FALSE),-VLOOKUP($C22&" "&BC$1,Results!$G:$H,2,FALSE)),"") | BW22: =SUM(U22:BS22) -> -168 | BX22: =COUNTIF(E22:J22,1) -> 5 | BY22: =COUNTIF(E22:J22,0) -> 1 | BZ22: =COUNT(E22:J22) -> 6 | CA22: =+BX22/BZ22 -> 0.83333333 | CC22: =SUM(U22:BT22) -> -168 | CE22: 17 | CF22: =A22 -> 21 | CG22: =+CE22-CF22 -> -4
A23: 16 | B23: 20 | C23: Wellsley | E23: =IF(AND(AT23>0,$A23<VLOOKUP(AT$1,$C:$L,10,FALSE)),1,IF(AND(AT23<0,$A23>VLOOKUP(AT$1,$C:$L,10,FALSE)),1,0)) -> 1 | F23: =IF(AND(AU23>0,$A23<VLOOKUP(AU$1,$C:$L,10,FALSE)),1,IF(AND(AU23<0,$A23>VLOOKUP(AU$1,$C:$L,10,FALSE)),1,0)) -> 1 | G23: =IF(AND(AV23>0,$A23<VLOOKUP(AV$1,$C:$L,10,FALSE)),1,IF(AND(AV23<0,$A23>VLOOKUP(AV$1,$C:$L,10,FALSE)),1,0)) -> 1 | H23: =IF(AND(AX23>0,$A23<VLOOKUP(AX$1,$C:$L,10,FALSE)),1,IF(AND(AX23<0,$A23>VLOOKUP(AX$1,$C:$L,10,FALSE)),1,0)) -> 1 | I23: =IF(AND(AY23>0,$A23<VLOOKUP(AY$1,$C:$L,10,FALSE)),1,IF(AND(AY23<0,$A23>VLOOKUP(AY$1,$C:$L,10,FALSE)),1,0)) -> 1 | J23: =IF(AND(AZ23>0,$A23<VLOOKUP(AZ$1,$C:$L,10,FALSE)),1,IF(AND(AZ23<0,$A23>VLOOKUP(AZ$1,$C:$L,10,FALSE)),1,0)) -> 1 | K23: Updated | L23: =B23 -> 20 | M23: 5 | N23: =COUNTIF($U23:$BT23,">0") -> 5 | O23: =COUNTIF($U23:$BT23,"<0") -> 1 | P23: =COUNTIF($U23:$BT23,"=0") -> 0 | Q23: =COUNTIF($AN23:$AQ23,">0") -> 2 | R23: =COUNTIF($AN23:$AQ23,"<0") -> 1 | S23: =COUNTIF($AN23:$AQ23,"=0") -> 0 | T23: =COUNTIF(U23:BU23,"NC") -> 0 | AF23: =IFERROR(IFERROR(VLOOKUP($C23&" "&AF$1,Results!$F:$H,3,FALSE),-VLOOKUP($C23&" "&AF$1,Results!$G:$H,2,FALSE)),"") | AG23: =IFERROR(IFERROR(VLOOKUP($C23&" "&AG$1,Results!$F:$H,3,FALSE),-VLOOKUP($C23&" "&AG$1,Results!$G:$H,2,FALSE)),"") | AH23: =IFERROR(IFERROR(VLOOKUP($C23&" "&AH$1,Results!$F:$H,3,FALSE),-VLOOKUP($C23&" "&AH$1,Results!$G:$H,2,FALSE)),"") | AI23: =IFERROR(IFERROR(VLOOKUP($C23&" "&AI$1,Results!$F:$H,3,FALSE),-VLOOKUP($C23&" "&AI$1,Results!$G:$H,2,FALSE)),"") | AJ23: =IFERROR(IFERROR(VLOOKUP($C23&" "&AJ$1,Results!$F:$H,3,FALSE),-VLOOKUP($C23&" "&AJ$1,Results!$G:$H,2,FALSE)),"") | AK23: =IFERROR(IFERROR(VLOOKUP($C23&" "&AK$1,Results!$F:$H,3,FALSE),-VLOOKUP($C23&" "&AK$1,Results!$G:$H,2,FALSE)),"") | AL23: =IFERROR(IFERROR(VLOOKUP($C23&" "&AL$1,Results!$F:$H,3,FALSE),-VLOOKUP($C23&" "&AL$1,Results!$G:$H,2,FALSE)),"") | AM23: =IFERROR(IFERROR(VLOOKUP($C23&" "&AM$1,Results!$F:$H,3,FALSE),-VLOOKUP($C23&" "&AM$1,Results!$G:$H,2,FALSE)),"") | ... BC23: =IFERROR(IFERROR(VLOOKUP($C23&" "&BC$1,Results!$F:$H,3,FALSE),-VLOOKUP($C23&" "&BC$1,Results!$G:$H,2,FALSE)),"") | BW23: =SUM(U23:BS23) -> 438 | BX23: =COUNTIF(E23:J23,1) -> 6 | BY23: =COUNTIF(E23:J23,0) -> 0 | BZ23: =COUNT(E23:J23) -> 6 | CA23: =+BX23/BZ23 -> 1 | CC23: =SUM(U23:BT23) -> 438 | CE23: 29 | CF23: =A23 -> 16 | CG23: =+CE23-CF23 -> 13
A24: 17 | B24: 21 | C24: Amberly | E24: =IF(AND(AR24>0,$A24<VLOOKUP(AR$1,$C:$L,10,FALSE)),1,IF(AND(AR24<0,$A24>VLOOKUP(AR$1,$C:$L,10,FALSE)),1,0)) -> 1 | F24: =IF(AND(AS24>0,$A24<VLOOKUP(AS$1,$C:$L,10,FALSE)),1,IF(AND(AS24<0,$A24>VLOOKUP(AS$1,$C:$L,10,FALSE)),1,0)) -> 1 | G24: =IF(AND(AT24>0,$A24<VLOOKUP(AT$1,$C:$L,10,FALSE)),1,IF(AND(AT24<0,$A24>VLOOKUP(AT$1,$C:$L,10,FALSE)),1,0)) -> 1 | H24: =IF(AND(AV24>0,$A24<VLOOKUP(AV$1,$C:$L,10,FALSE)),1,IF(AND(AV24<0,$A24>VLOOKUP(AV$1,$C:$L,10,FALSE)),1,0)) -> 1 | I24: =IF(AND(AW24>0,$A24<VLOOKUP(AW$1,$C:$L,10,FALSE)),1,IF(AND(AW24<0,$A24>VLOOKUP(AW$1,$C:$L,10,FALSE)),1,0)) -> 1 | J24: =IF(AND(AX24>0,$A24<VLOOKUP(AX$1,$C:$L,10,FALSE)),1,IF(AND(AX24<0,$A24>VLOOKUP(AX$1,$C:$L,10,FALSE)),1,0)) -> 1 | K24: Updated | L24: =B24 -> 21 | M24: 6 | N24: =COUNTIF($U24:$BT24,">0") -> 5 | O24: =COUNTIF($U24:$BT24,"<0") -> 1 | P24: =COUNTIF($U24:$BT24,"=0") -> 0 | Q24: =COUNTIF($AR24:$AU24,">0") -> 3 | R24: =COUNTIF($AR24:$AU24,"<0") -> 0 | S24: =COUNTIF($AR24:$AU24,"=0") -> 0 | T24: =COUNTIF(U24:BU24,"NC") -> 0 | AF24: =IFERROR(IFERROR(VLOOKUP($C24&" "&AF$1,Results!$F:$H,3,FALSE),-VLOOKUP($C24&" "&AF$1,Results!$G:$H,2,FALSE)),"") | AG24: =IFERROR(IFERROR(VLOOKUP($C24&" "&AG$1,Results!$F:$H,3,FALSE),-VLOOKUP($C24&" "&AG$1,Results!$G:$H,2,FALSE)),"") | AH24: =IFERROR(IFERROR(VLOOKUP($C24&" "&AH$1,Results!$F:$H,3,FALSE),-VLOOKUP($C24&" "&AH$1,Results!$G:$H,2,FALSE)),"") | AI24: =IFERROR(IFERROR(VLOOKUP($C24&" "&AI$1,Results!$F:$H,3,FALSE),-VLOOKUP($C24&" "&AI$1,Results!$G:$H,2,FALSE)),"") | AJ24: =IFERROR(IFERROR(VLOOKUP($C24&" "&AJ$1,Results!$F:$H,3,FALSE),-VLOOKUP($C24&" "&AJ$1,Results!$G:$H,2,FALSE)),"") | AK24: =IFERROR(IFERROR(VLOOKUP($C24&" "&AK$1,Results!$F:$H,3,FALSE),-VLOOKUP($C24&" "&AK$1,Results!$G:$H,2,FALSE)),"") | AL24: =IFERROR(IFERROR(VLOOKUP($C24&" "&AL$1,Results!$F:$H,3,FALSE),-VLOOKUP($C24&" "&AL$1,Results!$G:$H,2,FALSE)),"") | AM24: =IFERROR(IFERROR(VLOOKUP($C24&" "&AM$1,Results!$F:$H,3,FALSE),-VLOOKUP($C24&" "&AM$1,Results!$G:$H,2,FALSE)),"") | ... BC24: =IFERROR(IFERROR(VLOOKUP($C24&" "&BC$1,Results!$F:$H,3,FALSE),-VLOOKUP($C24&" "&BC$1,Results!$G:$H,2,FALSE)),"") | BW24: =SUM(U24:BS24) -> 437 | BX24: =COUNTIF(E24:J24,1) -> 6 | BY24: =COUNTIF(E24:J24,0) -> 0 | BZ24: =COUNT(E24:J24) -> 6 | CA24: =+BX24/BZ24 -> 1 | CC24: =SUM(U24:BT24) -> 437 | CE24: 20 | CF24: =A24 -> 17 | CG24: =+CE24-CF24 -> 3
A25: 23 | B25: 22 | C25: Highcroft | E25: =IF(AND(AP25>0,$A25<VLOOKUP(AP$1,$C:$L,10,FALSE)),1,IF(AND(AP25<0,$A25>VLOOKUP(AP$1,$C:$L,10,FALSE)),1,0)) -> 1 | F25: =IF(AND(AQ25>0,$A25<VLOOKUP(AQ$1,$C:$L,10,FALSE)),1,IF(AND(AQ25<0,$A25>VLOOKUP(AQ$1,$C:$L,10,FALSE)),1,0)) -> 1 | G25: =IF(AND(AR25>0,$A25<VLOOKUP(AR$1,$C:$L,10,FALSE)),1,IF(AND(AR25<0,$A25>VLOOKUP(AR$1,$C:$L,10,FALSE)),1,0)) -> 1 | H25: =IF(AND(AT25>0,$A25<VLOOKUP(AT$1,$C:$L,10,FALSE)),1,IF(AND(AT25<0,$A25>VLOOKUP(AT$1,$C:$L,10,FALSE)),1,0)) -> 0 | I25: =IF(AND(AU25>0,$A25<VLOOKUP(AU$1,$C:$L,10,FALSE)),1,IF(AND(AU25<0,$A25>VLOOKUP(AU$1,$C:$L,10,FALSE)),1,0)) -> 1 | J25: =IF(AND(AV25>0,$A25<VLOOKUP(AV$1,$C:$L,10,FALSE)),1,IF(AND(AV25<0,$A25>VLOOKUP(AV$1,$C:$L,10,FALSE)),1,0)) -> 0 | K25: Updated | L25: =B25 -> 22 | M25: 6 | N25: =COUNTIF($U25:$BT25,">0") -> 2 | O25: =COUNTIF($U25:$BT25,"<0") -> 4 | P25: =COUNTIF($U25:$BT25,"=0") -> 0 | Q25: =COUNTIF($AR25:$AU25,">0") -> 2 | R25: =COUNTIF($AR25:$AU25,"<0") -> 1 | S25: =COUNTIF($AR25:$AU25,"=0") -> 0 | T25: =COUNTIF(U25:BU25,"NC") -> 0 | AF25: =IFERROR(IFERROR(VLOOKUP($C25&" "&AF$1,Results!$F:$H,3,FALSE),-VLOOKUP($C25&" "&AF$1,Results!$G:$H,2,FALSE)),"") | AG25: =IFERROR(IFERROR(VLOOKUP($C25&" "&AG$1,Results!$F:$H,3,FALSE),-VLOOKUP($C25&" "&AG$1,Results!$G:$H,2,FALSE)),"") | AH25: =IFERROR(IFERROR(VLOOKUP($C25&" "&AH$1,Results!$F:$H,3,FALSE),-VLOOKUP($C25&" "&AH$1,Results!$G:$H,2,FALSE)),"") | AI25: =IFERROR(IFERROR(VLOOKUP($C25&" "&AI$1,Results!$F:$H,3,FALSE),-VLOOKUP($C25&" "&AI$1,Results!$G:$H,2,FALSE)),"") | AJ25: =IFERROR(IFERROR(VLOOKUP($C25&" "&AJ$1,Results!$F:$H,3,FALSE),-VLOOKUP($C25&" "&AJ$1,Results!$G:$H,2,FALSE)),"") | AK25: =IFERROR(IFERROR(VLOOKUP($C25&" "&AK$1,Results!$F:$H,3,FALSE),-VLOOKUP($C25&" "&AK$1,Results!$G:$H,2,FALSE)),"") | AL25: =IFERROR(IFERROR(VLOOKUP($C25&" "&AL$1,Results!$F:$H,3,FALSE),-VLOOKUP($C25&" "&AL$1,Results!$G:$H,2,FALSE)),"") | AM25: =IFERROR(IFERROR(VLOOKUP($C25&" "&AM$1,Results!$F:$H,3,FALSE),-VLOOKUP($C25&" "&AM$1,Results!$G:$H,2,FALSE)),"") | ... BC25: =IFERROR(IFERROR(VLOOKUP($C25&" "&BC$1,Results!$F:$H,3,FALSE),-VLOOKUP($C25&" "&BC$1,Results!$G:$H,2,FALSE)),"") | BW25: =SUM(U25:BS25) -> -201 | BX25: =COUNTIF(E25:J25,1) -> 4 | BY25: =COUNTIF(E25:J25,0) -> 2 | BZ25: =COUNT(E25:J25) -> 6 | CA25: =+BX25/BZ25 -> 0.66666667 | CC25: =SUM(U25:BT25) -> -201 | CE25: 25 | CF25: =A25 -> 23 | CG25: =+CE25-CF25 -> 2
A26: 27 | B26: 23 | C26: Weatherstone | E26: =IF(AND(AK26>0,$A26<VLOOKUP(AK$1,$C:$L,10,FALSE)),1,IF(AND(AK26<0,$A26>VLOOKUP(AK$1,$C:$L,10,FALSE)),1,0)) -> 0 | F26: =IF(AND(AL26>0,$A26<VLOOKUP(AL$1,$C:$L,10,FALSE)),1,IF(AND(AL26<0,$A26>VLOOKUP(AL$1,$C:$L,10,FALSE)),1,0)) -> 0 | G26: =IF(AND(AM26>0,$A26<VLOOKUP(AM$1,$C:$L,10,FALSE)),1,IF(AND(AM26<0,$A26>VLOOKUP(AM$1,$C:$L,10,FALSE)),1,0)) -> 0 | H26: =IF(AND(AO26>0,$A26<VLOOKUP(AO$1,$C:$L,10,FALSE)),1,IF(AND(AO26<0,$A26>VLOOKUP(AO$1,$C:$L,10,FALSE)),1,0)) -> 0 | I26: =IF(AND(AP26>0,$A26<VLOOKUP(AP$1,$C:$L,10,FALSE)),1,IF(AND(AP26<0,$A26>VLOOKUP(AP$1,$C:$L,10,FALSE)),1,0)) -> 0 | J26: =IF(AND(AQ26>0,$A26<VLOOKUP(AQ$1,$C:$L,10,FALSE)),1,IF(AND(AQ26<0,$A26>VLOOKUP(AQ$1,$C:$L,10,FALSE)),1,0)) -> 1 | K26: Updated | L26: =B26 -> 23 | M26: 6 | N26: =COUNTIF($U26:$BT26,">0") -> 1 | O26: =COUNTIF($U26:$BT26,"<0") -> 5 | P26: =COUNTIF($U26:$BT26,"=0") -> 0 | Q26: =COUNTIF($AR26:$AU26,">0") -> 1 | R26: =COUNTIF($AR26:$AU26,"<0") -> 2 | S26: =COUNTIF($AR26:$AU26,"=0") -> 0 | T26: =COUNTIF(U26:BU26,"NC") -> 0 | AF26: =IFERROR(IFERROR(VLOOKUP($C26&" "&AF$1,Results!$F:$H,3,FALSE),-VLOOKUP($C26&" "&AF$1,Results!$G:$H,2,FALSE)),"") | AG26: =IFERROR(IFERROR(VLOOKUP($C26&" "&AG$1,Results!$F:$H,3,FALSE),-VLOOKUP($C26&" "&AG$1,Results!$G:$H,2,FALSE)),"") | AH26: =IFERROR(IFERROR(VLOOKUP($C26&" "&AH$1,Results!$F:$H,3,FALSE),-VLOOKUP($C26&" "&AH$1,Results!$G:$H,2,FALSE)),"") | AI26: =IFERROR(IFERROR(VLOOKUP($C26&" "&AI$1,Results!$F:$H,3,FALSE),-VLOOKUP($C26&" "&AI$1,Results!$G:$H,2,FALSE)),"") | AJ26: =IFERROR(IFERROR(VLOOKUP($C26&" "&AJ$1,Results!$F:$H,3,FALSE),-VLOOKUP($C26&" "&AJ$1,Results!$G:$H,2,FALSE)),"") | AK26: =IFERROR(IFERROR(VLOOKUP($C26&" "&AK$1,Results!$F:$H,3,FALSE),-VLOOKUP($C26&" "&AK$1,Results!$G:$H,2,FALSE)),"") | AL26: =IFERROR(IFERROR(VLOOKUP($C26&" "&AL$1,Results!$F:$H,3,FALSE),-VLOOKUP($C26&" "&AL$1,Results!$G:$H,2,FALSE)),"") | AM26: =IFERROR(IFERROR(VLOOKUP($C26&" "&AM$1,Results!$F:$H,3,FALSE),-VLOOKUP($C26&" "&AM$1,Results!$G:$H,2,FALSE)),"") | ... BC26: =IFERROR(IFERROR(VLOOKUP($C26&" "&BC$1,Results!$F:$H,3,FALSE),-VLOOKUP($C26&" "&BC$1,Results!$G:$H,2,FALSE)),"") | BW26: =SUM(U26:BS26) -> -638 | BX26: =COUNTIF(E26:J26,1) -> 1 | BY26: =COUNTIF(E26:J26,0) -> 5 | BZ26: =COUNT(E26:J26) -> 6 | CA26: =+BX26/BZ26 -> 0.16666667 | CC26: =SUM(U26:BT26) -> -638 | CE26: 15 | CF26: =A26 -> 27 | CG26: =+CE26-CF26 -> -12
A27: 25 | B27: 24 | C27: Weldon Ridge | E27: =IF(AND(AW27>0,$A27<VLOOKUP(AW$1,$C:$L,10,FALSE)),1,IF(AND(AW27<0,$A27>VLOOKUP(AW$1,$C:$L,10,FALSE)),1,0)) -> 1 | F27: =IF(AND(AX27>0,$A27<VLOOKUP(AX$1,$C:$L,10,FALSE)),1,IF(AND(AX27<0,$A27>VLOOKUP(AX$1,$C:$L,10,FALSE)),1,0)) -> 0 | G27: =IF(AND(AY27>0,$A27<VLOOKUP(AY$1,$C:$L,10,FALSE)),1,IF(AND(AY27<0,$A27>VLOOKUP(AY$1,$C:$L,10,FALSE)),1,0)) -> 1 | H27: =IF(AND(BA27>0,$A27<VLOOKUP(BA$1,$C:$L,10,FALSE)),1,IF(AND(BA27<0,$A27>VLOOKUP(BA$1,$C:$L,10,FALSE)),1,0)) -> 1 | I27: =IF(AND(BB27>0,$A27<VLOOKUP(BB$1,$C:$L,10,FALSE)),1,IF(AND(BB27<0,$A27>VLOOKUP(BB$1,$C:$L,10,FALSE)),1,0)) -> 1 | J27: =IF(AND(BC27>0,$A27<VLOOKUP(BC$1,$C:$L,10,FALSE)),1,IF(AND(BC27<0,$A27>VLOOKUP(BC$1,$C:$L,10,FALSE)),1,0)) -> 1 | K27: Updated | L27: =B27 -> 24 | M27: 6 | N27: =COUNTIF($U27:$BT27,">0") -> 2 | O27: =COUNTIF($U27:$BT27,"<0") -> 4 | P27: =COUNTIF($U27:$BT27,"=0") -> 0 | Q27: =COUNTIF($AR27:$AU27,">0") -> 0 | R27: =COUNTIF($AR27:$AU27,"<0") -> 3 | S27: =COUNTIF($AR27:$AU27,"=0") -> 0 | T27: =COUNTIF(U27:BU27,"NC") -> 0 | AR27: =IFERROR(IFERROR(VLOOKUP($C27&" "&AR$1,Results!$F:$H,3,FALSE),-VLOOKUP($C27&" "&AR$1,Results!$G:$H,2,FALSE)),"") -> -189 | AS27: =IFERROR(IFERROR(VLOOKUP($C27&" "&AS$1,Results!$F:$H,3,FALSE),-VLOOKUP($C27&" "&AS$1,Results!$G:$H,2,FALSE)),"") -> -31 | AT27: =IFERROR(IFERROR(VLOOKUP($C27&" "&AT$1,Results!$F:$H,3,FALSE),-VLOOKUP($C27&" "&AT$1,Results!$G:$H,2,FALSE)),"") -> -13 | AU27: =IFERROR(IFERROR(VLOOKUP($C27&" "&AU$1,Results!$F:$H,3,FALSE),-VLOOKUP($C27&" "&AU$1,Results!$G:$H,2,FALSE)),"") | AV27: =IFERROR(IFERROR(VLOOKUP($C27&" "&AV$1,Results!$F:$H,3,FALSE),-VLOOKUP($C27&" "&AV$1,Results!$G:$H,2,FALSE)),"") -> 4 | AW27: =IFERROR(IFERROR(VLOOKUP($C27&" "&AW$1,Results!$F:$H,3,FALSE),-VLOOKUP($C27&" "&AW$1,Results!$G:$H,2,FALSE)),"") -> 10 | AX27: =IFERROR(IFERROR(VLOOKUP($C27&" "&AX$1,Results!$F:$H,3,FALSE),-VLOOKUP($C27&" "&AX$1,Results!$G:$H,2,FALSE)),"") -> -30 | AY27: =IFERROR(IFERROR(VLOOKUP($C27&" "&AY$1,Results!$F:$H,3,FALSE),-VLOOKUP($C27&" "&AY$1,Results!$G:$H,2,FALSE)),"") | ... BT27: =IFERROR(IFERROR(VLOOKUP($C27&" "&BT$1,Results!$F:$H,3,FALSE),-VLOOKUP($C27&" "&BT$1,Results!$G:$H,2,FALSE)),"") | BW27: =SUM(U27:BS27) -> -249 | BX27: =COUNTIF(E27:J27,1) -> 5 | BY27: =COUNTIF(E27:J27,0) -> 1 | BZ27: =COUNT(E27:J27) -> 6 | CA27: =+BX27/BZ27 -> 0.83333333 | CC27: =SUM(U27:BT27) -> -249 | CE27: 28 | CF27: =A27 -> 25 | CG27: =+CE27-CF27 -> 3
A28: 22 | B28: 25 | C28: Oxxford Hunt | E28: =IF(AND(AV28>0,$A28<VLOOKUP(AV$1,$C:$L,10,FALSE)),1,IF(AND(AV28<0,$A28>VLOOKUP(AV$1,$C:$L,10,FALSE)),1,0)) -> 1 | F28: =IF(AND(AW28>0,$A28<VLOOKUP(AW$1,$C:$L,10,FALSE)),1,IF(AND(AW28<0,$A28>VLOOKUP(AW$1,$C:$L,10,FALSE)),1,0)) -> 1 | G28: =IF(AND(AX28>0,$A28<VLOOKUP(AX$1,$C:$L,10,FALSE)),1,IF(AND(AX28<0,$A28>VLOOKUP(AX$1,$C:$L,10,FALSE)),1,0)) -> 1 | H28: =IF(AND(AZ28>0,$A28<VLOOKUP(AZ$1,$C:$L,10,FALSE)),1,IF(AND(AZ28<0,$A28>VLOOKUP(AZ$1,$C:$L,10,FALSE)),1,0)) -> 1 | I28: =IF(AND(BA28>0,$A28<VLOOKUP(BA$1,$C:$L,10,FALSE)),1,IF(AND(BA28<0,$A28>VLOOKUP(BA$1,$C:$L,10,FALSE)),1,0)) -> 1 | J28: =IF(AND(BB28>0,$A28<VLOOKUP(BB$1,$C:$L,10,FALSE)),1,IF(AND(BB28<0,$A28>VLOOKUP(BB$1,$C:$L,10,FALSE)),1,0)) -> 1 | K28: Updated | L28: =B28 -> 25 | M28: 7 | N28: =COUNTIF($U28:$BT28,">0") -> 5 | O28: =COUNTIF($U28:$BT28,"<0") -> 1 | P28: =COUNTIF($U28:$BT28,"=0") -> 0 | Q28: =COUNTIF($AV28:$AY28,">0") -> 3 | R28: =COUNTIF($AV28:$AY28,"<0") -> 0 | S28: =COUNTIF($AV28:$AY28,"=0") -> 0 | T28: =COUNTIF(U28:BU28,"NC") -> 0 | AF28: =IFERROR(IFERROR(VLOOKUP($C28&" "&AF$1,Results!$F:$H,3,FALSE),-VLOOKUP($C28&" "&AF$1,Results!$G:$H,2,FALSE)),"") | AG28: =IFERROR(IFERROR(VLOOKUP($C28&" "&AG$1,Results!$F:$H,3,FALSE),-VLOOKUP($C28&" "&AG$1,Results!$G:$H,2,FALSE)),"") | AH28: =IFERROR(IFERROR(VLOOKUP($C28&" "&AH$1,Results!$F:$H,3,FALSE),-VLOOKUP($C28&" "&AH$1,Results!$G:$H,2,FALSE)),"") | AI28: =IFERROR(IFERROR(VLOOKUP($C28&" "&AI$1,Results!$F:$H,3,FALSE),-VLOOKUP($C28&" "&AI$1,Results!$G:$H,2,FALSE)),"") | AJ28: =IFERROR(IFERROR(VLOOKUP($C28&" "&AJ$1,Results!$F:$H,3,FALSE),-VLOOKUP($C28&" "&AJ$1,Results!$G:$H,2,FALSE)),"") | AK28: =IFERROR(IFERROR(VLOOKUP($C28&" "&AK$1,Results!$F:$H,3,FALSE),-VLOOKUP($C28&" "&AK$1,Results!$G:$H,2,FALSE)),"") | AL28: =IFERROR(IFERROR(VLOOKUP($C28&" "&AL$1,Results!$F:$H,3,FALSE),-VLOOKUP($C28&" "&AL$1,Results!$G:$H,2,FALSE)),"") | AM28: =IFERROR(IFERROR(VLOOKUP($C28&" "&AM$1,Results!$F:$H,3,FALSE),-VLOOKUP($C28&" "&AM$1,Results!$G:$H,2,FALSE)),"") | ... BC28: =IFERROR(IFERROR(VLOOKUP($C28&" "&BC$1,Results!$F:$H,3,FALSE),-VLOOKUP($C28&" "&BC$1,Results!$G:$H,2,FALSE)),"") | BW28: =SUM(U28:BS28) -> 264 | BX28: =COUNTIF(E28:J28,1) -> 6 | BY28: =COUNTIF(E28:J28,0) -> 0 | BZ28: =COUNT(E28:J28) -> 6 | CA28: =+BX28/BZ28 -> 1 | CC28: =SUM(U28:BT28) -> 264 | CE28: 31 | CF28: =A28 -> 22 | CG28: =+CE28-CF28 -> 9
A29: 26 | B29: 26 | C29: Haddon Hall | E29: =IF(AND(AS29>0,$A29<VLOOKUP(AS$1,$C:$L,10,FALSE)),1,IF(AND(AS29<0,$A29>VLOOKUP(AS$1,$C:$L,10,FALSE)),1,0)) -> 0 | F29: =IF(AND(AT29>0,$A29<VLOOKUP(AT$1,$C:$L,10,FALSE)),1,IF(AND(AT29<0,$A29>VLOOKUP(AT$1,$C:$L,10,FALSE)),1,0)) -> 0 | G29: =IF(AND(AU29>0,$A29<VLOOKUP(AU$1,$C:$L,10,FALSE)),1,IF(AND(AU29<0,$A29>VLOOKUP(AU$1,$C:$L,10,FALSE)),1,0)) -> 1 | H29: =IF(AND(AW29>0,$A29<VLOOKUP(AW$1,$C:$L,10,FALSE)),1,IF(AND(AW29<0,$A29>VLOOKUP(AW$1,$C:$L,10,FALSE)),1,0)) -> 0 | I29: =IF(AND(AX29>0,$A29<VLOOKUP(AX$1,$C:$L,10,FALSE)),1,IF(AND(AX29<0,$A29>VLOOKUP(AX$1,$C:$L,10,FALSE)),1,0)) -> 1 | J29: =IF(AND(AY29>0,$A29<VLOOKUP(AY$1,$C:$L,10,FALSE)),1,IF(AND(AY29<0,$A29>VLOOKUP(AY$1,$C:$L,10,FALSE)),1,0)) -> 0 | K29: Updated | L29: =B29 -> 26 | M29: 7 | N29: =COUNTIF($U29:$BT29,">0") -> 2 | O29: =COUNTIF($U29:$BT29,"<0") -> 4 | P29: =COUNTIF($U29:$BT29,"=0") -> 0 | Q29: =COUNTIF($AV29:$AY29,">0") -> 1 | R29: =COUNTIF($AV29:$AY29,"<0") -> 2 | S29: =COUNTIF($AV29:$AY29,"=0") -> 0 | T29: =COUNTIF(U29:BU29,"NC") -> 0 | AF29: =IFERROR(IFERROR(VLOOKUP($C29&" "&AF$1,Results!$F:$H,3,FALSE),-VLOOKUP($C29&" "&AF$1,Results!$G:$H,2,FALSE)),"") | AG29: =IFERROR(IFERROR(VLOOKUP($C29&" "&AG$1,Results!$F:$H,3,FALSE),-VLOOKUP($C29&" "&AG$1,Results!$G:$H,2,FALSE)),"") | AH29: =IFERROR(IFERROR(VLOOKUP($C29&" "&AH$1,Results!$F:$H,3,FALSE),-VLOOKUP($C29&" "&AH$1,Results!$G:$H,2,FALSE)),"") | AI29: =IFERROR(IFERROR(VLOOKUP($C29&" "&AI$1,Results!$F:$H,3,FALSE),-VLOOKUP($C29&" "&AI$1,Results!$G:$H,2,FALSE)),"") | AJ29: =IFERROR(IFERROR(VLOOKUP($C29&" "&AJ$1,Results!$F:$H,3,FALSE),-VLOOKUP($C29&" "&AJ$1,Results!$G:$H,2,FALSE)),"") | AK29: =IFERROR(IFERROR(VLOOKUP($C29&" "&AK$1,Results!$F:$H,3,FALSE),-VLOOKUP($C29&" "&AK$1,Results!$G:$H,2,FALSE)),"") | AL29: =IFERROR(IFERROR(VLOOKUP($C29&" "&AL$1,Results!$F:$H,3,FALSE),-VLOOKUP($C29&" "&AL$1,Results!$G:$H,2,FALSE)),"") | AM29: =IFERROR(IFERROR(VLOOKUP($C29&" "&AM$1,Results!$F:$H,3,FALSE),-VLOOKUP($C29&" "&AM$1,Results!$G:$H,2,FALSE)),"") | ... BC29: =IFERROR(IFERROR(VLOOKUP($C29&" "&BC$1,Results!$F:$H,3,FALSE),-VLOOKUP($C29&" "&BC$1,Results!$G:$H,2,FALSE)),"") | BW29: =SUM(U29:BS29) -> 32 | BX29: =COUNTIF(E29:J29,1) -> 2 | BY29: =COUNTIF(E29:J29,0) -> 4 | BZ29: =COUNT(E29:J29) -> 6 | CA29: =+BX29/BZ29 -> 0.33333333 | CC29: =SUM(U29:BT29) -> 32 | CE29: 22 | CF29: =A29 -> 26 | CG29: =+CE29-CF29 -> -4
A30: 30 | B30: 27 | C30: Scotts Mill | E30: =IF(AND(AQ30>0,$A30<VLOOKUP(AQ$1,$C:$L,10,FALSE)),1,IF(AND(AQ30<0,$A30>VLOOKUP(AQ$1,$C:$L,10,FALSE)),1,0)) -> 0 | F30: =IF(AND(AR30>0,$A30<VLOOKUP(AR$1,$C:$L,10,FALSE)),1,IF(AND(AR30<0,$A30>VLOOKUP(AR$1,$C:$L,10,FALSE)),1,0)) -> 0 | G30: =IF(AND(AS30>0,$A30<VLOOKUP(AS$1,$C:$L,10,FALSE)),1,IF(AND(AS30<0,$A30>VLOOKUP(AS$1,$C:$L,10,FALSE)),1,0)) -> 0 | H30: =IF(AND(AU30>0,$A30<VLOOKUP(AU$1,$C:$L,10,FALSE)),1,IF(AND(AU30<0,$A30>VLOOKUP(AU$1,$C:$L,10,FALSE)),1,0)) -> 0 | I30: =IF(AND(AV30>0,$A30<VLOOKUP(AV$1,$C:$L,10,FALSE)),1,IF(AND(AV30<0,$A30>VLOOKUP(AV$1,$C:$L,10,FALSE)),1,0)) -> 1 | J30: =IF(AND(AW30>0,$A30<VLOOKUP(AW$1,$C:$L,10,FALSE)),1,IF(AND(AW30<0,$A30>VLOOKUP(AW$1,$C:$L,10,FALSE)),1,0)) -> 1 | K30: Updated | L30: =B30 -> 27 | M30: 7 | N30: =COUNTIF($U30:$BT30,">0") -> 2 | O30: =COUNTIF($U30:$BT30,"<0") -> 4 | P30: =COUNTIF($U30:$BT30,"=0") -> 0 | Q30: =COUNTIF($AV30:$AY30,">0") -> 1 | R30: =COUNTIF($AV30:$AY30,"<0") -> 2 | S30: =COUNTIF($AV30:$AY30,"=0") -> 0 | T30: =COUNTIF(U30:BU30,"NC") -> 0 | AF30: =IFERROR(IFERROR(VLOOKUP($C30&" "&AF$1,Results!$F:$H,3,FALSE),-VLOOKUP($C30&" "&AF$1,Results!$G:$H,2,FALSE)),"") | AG30: =IFERROR(IFERROR(VLOOKUP($C30&" "&AG$1,Results!$F:$H,3,FALSE),-VLOOKUP($C30&" "&AG$1,Results!$G:$H,2,FALSE)),"") | AH30: =IFERROR(IFERROR(VLOOKUP($C30&" "&AH$1,Results!$F:$H,3,FALSE),-VLOOKUP($C30&" "&AH$1,Results!$G:$H,2,FALSE)),"") | AI30: =IFERROR(IFERROR(VLOOKUP($C30&" "&AI$1,Results!$F:$H,3,FALSE),-VLOOKUP($C30&" "&AI$1,Results!$G:$H,2,FALSE)),"") | AJ30: =IFERROR(IFERROR(VLOOKUP($C30&" "&AJ$1,Results!$F:$H,3,FALSE),-VLOOKUP($C30&" "&AJ$1,Results!$G:$H,2,FALSE)),"") | AK30: =IFERROR(IFERROR(VLOOKUP($C30&" "&AK$1,Results!$F:$H,3,FALSE),-VLOOKUP($C30&" "&AK$1,Results!$G:$H,2,FALSE)),"") | AL30: =IFERROR(IFERROR(VLOOKUP($C30&" "&AL$1,Results!$F:$H,3,FALSE),-VLOOKUP($C30&" "&AL$1,Results!$G:$H,2,FALSE)),"") | AM30: =IFERROR(IFERROR(VLOOKUP($C30&" "&AM$1,Results!$F:$H,3,FALSE),-VLOOKUP($C30&" "&AM$1,Results!$G:$H,2,FALSE)),"") | ... BC30: =IFERROR(IFERROR(VLOOKUP($C30&" "&BC$1,Results!$F:$H,3,FALSE),-VLOOKUP($C30&" "&BC$1,Results!$G:$H,2,FALSE)),"") | BW30: =SUM(U30:BS30) -> -133 | BX30: =COUNTIF(E30:J30,1) -> 2 | BY30: =COUNTIF(E30:J30,0) -> 4 | BZ30: =COUNT(E30:J30) -> 6 | CA30: =+BX30/BZ30 -> 0.33333333 | CC30: =SUM(U30:BT30) -> -133 | CE30: 24 | CF30: =A30 -> 30 | CG30: =+CE30-CF30 -> -6
A31: 34 | B31: 28 | C31: Park at West Lake | E31: =IF(AND(BB31>0,$A31<VLOOKUP(BB$1,$C:$L,10,FALSE)),1,IF(AND(BB31<0,$A31>VLOOKUP(BB$1,$C:$L,10,FALSE)),1,0)) -> 1 | F31: =IF(AND(BC31>0,$A31<VLOOKUP(BC$1,$C:$L,10,FALSE)),1,IF(AND(BC31<0,$A31>VLOOKUP(BC$1,$C:$L,10,FALSE)),1,0)) -> 0 | G31: =IF(AND(BD31>0,$A31<VLOOKUP(BD$1,$C:$L,10,FALSE)),1,IF(AND(BD31<0,$A31>VLOOKUP(BD$1,$C:$L,10,FALSE)),1,0)) -> 0 | H31: =IF(AND(BF31>0,$A31<VLOOKUP(BF$1,$C:$L,10,FALSE)),1,IF(AND(BF31<0,$A31>VLOOKUP(BF$1,$C:$L,10,FALSE)),1,0)) -> 1 | I31: =IF(AND(BG31>0,$A31<VLOOKUP(BG$1,$C:$L,10,FALSE)),1,IF(AND(BG31<0,$A31>VLOOKUP(BG$1,$C:$L,10,FALSE)),1,0)) -> 1 | J31: =IF(AND(BH31>0,$A31<VLOOKUP(BH$1,$C:$L,10,FALSE)),1,IF(AND(BH31<0,$A31>VLOOKUP(BH$1,$C:$L,10,FALSE)),1,0)) -> 1 | K31: Updated | L31: =B31 -> 28 | M31: 7 | N31: =COUNTIF($U31:$BT31,">0") -> 1 | O31: =COUNTIF($U31:$BT31,"<0") -> 5 | P31: =COUNTIF($U31:$BT31,"=0") -> 0 | Q31: =COUNTIF($AV31:$AY31,">0") -> 1 | R31: =COUNTIF($AV31:$AY31,"<0") -> 2 | S31: =COUNTIF($AV31:$AY31,"=0") -> 0 | T31: =COUNTIF(U31:BU31,"NC") -> 0 | AR31: =IFERROR(IFERROR(VLOOKUP($C31&" "&AR$1,Results!$F:$H,3,FALSE),-VLOOKUP($C31&" "&AR$1,Results!$G:$H,2,FALSE)),"") | AS31: =IFERROR(IFERROR(VLOOKUP($C31&" "&AS$1,Results!$F:$H,3,FALSE),-VLOOKUP($C31&" "&AS$1,Results!$G:$H,2,FALSE)),"") | AT31: =IFERROR(IFERROR(VLOOKUP($C31&" "&AT$1,Results!$F:$H,3,FALSE),-VLOOKUP($C31&" "&AT$1,Results!$G:$H,2,FALSE)),"") | AU31: =IFERROR(IFERROR(VLOOKUP($C31&" "&AU$1,Results!$F:$H,3,FALSE),-VLOOKUP($C31&" "&AU$1,Results!$G:$H,2,FALSE)),"") | AV31: =IFERROR(IFERROR(VLOOKUP($C31&" "&AV$1,Results!$F:$H,3,FALSE),-VLOOKUP($C31&" "&AV$1,Results!$G:$H,2,FALSE)),"") -> -44 | AW31: =IFERROR(IFERROR(VLOOKUP($C31&" "&AW$1,Results!$F:$H,3,FALSE),-VLOOKUP($C31&" "&AW$1,Results!$G:$H,2,FALSE)),"") -> 33 | AX31: =IFERROR(IFERROR(VLOOKUP($C31&" "&AX$1,Results!$F:$H,3,FALSE),-VLOOKUP($C31&" "&AX$1,Results!$G:$H,2,FALSE)),"") -> -110 | AY31: =IFERROR(IFERROR(VLOOKUP($C31&" "&AY$1,Results!$F:$H,3,FALSE),-VLOOKUP($C31&" "&AY$1,Results!$G:$H,2,FALSE)),"") | ... BT31: =IFERROR(IFERROR(VLOOKUP($C31&" "&BT$1,Results!$F:$H,3,FALSE),-VLOOKUP($C31&" "&BT$1,Results!$G:$H,2,FALSE)),"") | BW31: =SUM(U31:BS31) -> -210 | BX31: =COUNTIF(E31:J31,1) -> 4 | BY31: =COUNTIF(E31:J31,0) -> 2 | BZ31: =COUNT(E31:J31) -> 6 | CA31: =+BX31/BZ31 -> 0.66666667 | CC31: =SUM(U31:BT31) -> -210 | CE31: 34 | CF31: =A31 -> 34 | CG31: =+CE31-CF31 -> 0
A32: 24 | B32: 29 | C32: Life Time Fitness Cary | E32: =IF(AND(AY32>0,$A32<VLOOKUP(AY$1,$C:$L,10,FALSE)),1,IF(AND(AY32<0,$A32>VLOOKUP(AY$1,$C:$L,10,FALSE)),1,0)) -> 1 | F32: =IF(AND(AZ32>0,$A32<VLOOKUP(AZ$1,$C:$L,10,FALSE)),1,IF(AND(AZ32<0,$A32>VLOOKUP(AZ$1,$C:$L,10,FALSE)),1,0)) -> 1 | G32: =IF(AND(BA32>0,$A32<VLOOKUP(BA$1,$C:$L,10,FALSE)),1,IF(AND(BA32<0,$A32>VLOOKUP(BA$1,$C:$L,10,FALSE)),1,0)) -> 1 | H32: =IF(AND(BC32>0,$A32<VLOOKUP(BC$1,$C:$L,10,FALSE)),1,IF(AND(BC32<0,$A32>VLOOKUP(BC$1,$C:$L,10,FALSE)),1,0)) -> 1 | I32: =IF(AND(BD32>0,$A32<VLOOKUP(BD$1,$C:$L,10,FALSE)),1,IF(AND(BD32<0,$A32>VLOOKUP(BD$1,$C:$L,10,FALSE)),1,0)) -> 0 | J32: =IF(AND(BE32>0,$A32<VLOOKUP(BE$1,$C:$L,10,FALSE)),1,IF(AND(BE32<0,$A32>VLOOKUP(BE$1,$C:$L,10,FALSE)),1,0)) -> 0 | K32: Updated | L32: =B32 -> 29 | M32: 8 | N32: =COUNTIF($U32:$BT32,">0") -> 6 | O32: =COUNTIF($U32:$BT32,"<0") -> 0 | P32: =COUNTIF($U32:$BT32,"=0") -> 0 | Q32: =COUNTIF($AZ32:$BC32,">0") -> 3 | R32: =COUNTIF($AZ32:$BC32,"<0") -> 0 | S32: =COUNTIF($AZ32:$BC32,"=0") -> 0 | T32: =COUNTIF(U32:BU32,"NC") -> 0 | AR32: =IFERROR(IFERROR(VLOOKUP($C32&" "&AR$1,Results!$F:$H,3,FALSE),-VLOOKUP($C32&" "&AR$1,Results!$G:$H,2,FALSE)),"") | AS32: =IFERROR(IFERROR(VLOOKUP($C32&" "&AS$1,Results!$F:$H,3,FALSE),-VLOOKUP($C32&" "&AS$1,Results!$G:$H,2,FALSE)),"") | AT32: =IFERROR(IFERROR(VLOOKUP($C32&" "&AT$1,Results!$F:$H,3,FALSE),-VLOOKUP($C32&" "&AT$1,Results!$G:$H,2,FALSE)),"") | AU32: =IFERROR(IFERROR(VLOOKUP($C32&" "&AU$1,Results!$F:$H,3,FALSE),-VLOOKUP($C32&" "&AU$1,Results!$G:$H,2,FALSE)),"") | AV32: =IFERROR(IFERROR(VLOOKUP($C32&" "&AV$1,Results!$F:$H,3,FALSE),-VLOOKUP($C32&" "&AV$1,Results!$G:$H,2,FALSE)),"") | AW32: =IFERROR(IFERROR(VLOOKUP($C32&" "&AW$1,Results!$F:$H,3,FALSE),-VLOOKUP($C32&" "&AW$1,Results!$G:$H,2,FALSE)),"") -> 80 | AX32: =IFERROR(IFERROR(VLOOKUP($C32&" "&AX$1,Results!$F:$H,3,FALSE),-VLOOKUP($C32&" "&AX$1,Results!$G:$H,2,FALSE)),"") -> 101 | AY32: =IFERROR(IFERROR(VLOOKUP($C32&" "&AY$1,Results!$F:$H,3,FALSE),-VLOOKUP($C32&" "&AY$1,Results!$G:$H,2,FALSE)),"") -> 43 | ... BC32: =IFERROR(IFERROR(VLOOKUP($C32&" "&BC$1,Results!$F:$H,3,FALSE),-VLOOKUP($C32&" "&BC$1,Results!$G:$H,2,FALSE)),"") -> 38 | BF32: =IFERROR(IFERROR(VLOOKUP($C32&" "&BF$1,Results!$F:$H,3,FALSE),-VLOOKUP($C32&" "&BF$1,Results!$G:$H,2,FALSE)),"") | BM32: =IFERROR(IFERROR(VLOOKUP($C32&" "&BM$1,Results!$F:$H,3,FALSE),-VLOOKUP($C32&" "&BM$1,Results!$G:$H,2,FALSE)),"") | BN32: =IFERROR(IFERROR(VLOOKUP($C32&" "&BN$1,Results!$F:$H,3,FALSE),-VLOOKUP($C32&" "&BN$1,Results!$G:$H,2,FALSE)),"") | BO32: =IFERROR(IFERROR(VLOOKUP($C32&" "&BO$1,Results!$F:$H,3,FALSE),-VLOOKUP($C32&" "&BO$1,Results!$G:$H,2,FALSE)),"") | BP32: =IFERROR(IFERROR(VLOOKUP($C32&" "&BP$1,Results!$F:$H,3,FALSE),-VLOOKUP($C32&" "&BP$1,Results!$G:$H,2,FALSE)),"") | BQ32: =IFERROR(IFERROR(VLOOKUP($C32&" "&BQ$1,Results!$F:$H,3,FALSE),-VLOOKUP($C32&" "&BQ$1,Results!$G:$H,2,FALSE)),"") | BR32: =IFERROR(IFERROR(VLOOKUP($C32&" "&BR$1,Results!$F:$H,3,FALSE),-VLOOKUP($C32&" "&BR$1,Results!$G:$H,2,FALSE)),"") | BS32: =IFERROR(IFERROR(VLOOKUP($C32&" "&BS$1,Results!$F:$H,3,FALSE),-VLOOKUP($C32&" "&BS$1,Results!$G:$H,2,FALSE)),"") | BT32: =IFERROR(IFERROR(VLOOKUP($C32&" "&BT$1,Results!$F:$H,3,FALSE),-VLOOKUP($C32&" "&BT$1,Results!$G:$H,2,FALSE)),"") | BW32: =SUM(U32:BS32) -> 374.5 | BX32: =COUNTIF(E32:J32,1) -> 4 | BY32: =COUNTIF(E32:J32,0) -> 2 | BZ32: =COUNT(E32:J32) -> 6 | CA32: =+BX32/BZ32 -> 0.66666667 | CC32: =SUM(U32:BT32) -> 374.5 | CE32: 27 | CF32: =A32 -> 24 | CG32: =+CE32-CF32 -> 3
A33: 28 | B33: 30 | C33: Holly Glen | E33: =IF(AND(BA33>0,$A33<VLOOKUP(BA$1,$C:$L,10,FALSE)),1,IF(AND(BA33<0,$A33>VLOOKUP(BA$1,$C:$L,10,FALSE)),1,0)) -> 1 | F33: =IF(AND(BB33>0,$A33<VLOOKUP(BB$1,$C:$L,10,FALSE)),1,IF(AND(BB33<0,$A33>VLOOKUP(BB$1,$C:$L,10,FALSE)),1,0)) -> 1 | G33: =IF(AND(BC33>0,$A33<VLOOKUP(BC$1,$C:$L,10,FALSE)),1,IF(AND(BC33<0,$A33>VLOOKUP(BC$1,$C:$L,10,FALSE)),1,0)) -> 1 | H33: =IF(AND(BE33>0,$A33<VLOOKUP(BE$1,$C:$L,10,FALSE)),1,IF(AND(BE33<0,$A33>VLOOKUP(BE$1,$C:$L,10,FALSE)),1,0)) -> 1 | I33: =IF(AND(BF33>0,$A33<VLOOKUP(BF$1,$C:$L,10,FALSE)),1,IF(AND(BF33<0,$A33>VLOOKUP(BF$1,$C:$L,10,FALSE)),1,0)) -> 1 | J33: =IF(AND(BG33>0,$A33<VLOOKUP(BG$1,$C:$L,10,FALSE)),1,IF(AND(BG33<0,$A33>VLOOKUP(BG$1,$C:$L,10,FALSE)),1,0)) -> 1 | K33: Updated | L33: =B33 -> 30 | M33: 8 | N33: =COUNTIF($U33:$BT33,">0") -> 4 | O33: =COUNTIF($U33:$BT33,"<0") -> 2 | P33: =COUNTIF($U33:$BT33,"=0") -> 0 | Q33: =COUNTIF($AZ33:$BC33,">0") -> 2 | R33: =COUNTIF($AZ33:$BC33,"<0") -> 1 | S33: =COUNTIF($AZ33:$BC33,"=0") -> 0 | T33: =COUNTIF(U33:BU33,"NC") -> 0 | AR33: =IFERROR(IFERROR(VLOOKUP($C33&" "&AR$1,Results!$F:$H,3,FALSE),-VLOOKUP($C33&" "&AR$1,Results!$G:$H,2,FALSE)),"") | AS33: =IFERROR(IFERROR(VLOOKUP($C33&" "&AS$1,Results!$F:$H,3,FALSE),-VLOOKUP($C33&" "&AS$1,Results!$G:$H,2,FALSE)),"") | AT33: =IFERROR(IFERROR(VLOOKUP($C33&" "&AT$1,Results!$F:$H,3,FALSE),-VLOOKUP($C33&" "&AT$1,Results!$G:$H,2,FALSE)),"") | AU33: =IFERROR(IFERROR(VLOOKUP($C33&" "&AU$1,Results!$F:$H,3,FALSE),-VLOOKUP($C33&" "&AU$1,Results!$G:$H,2,FALSE)),"") | AV33: =IFERROR(IFERROR(VLOOKUP($C33&" "&AV$1,Results!$F:$H,3,FALSE),-VLOOKUP($C33&" "&AV$1,Results!$G:$H,2,FALSE)),"") | AW33: =IFERROR(IFERROR(VLOOKUP($C33&" "&AW$1,Results!$F:$H,3,FALSE),-VLOOKUP($C33&" "&AW$1,Results!$G:$H,2,FALSE)),"") | AX33: =IFERROR(IFERROR(VLOOKUP($C33&" "&AX$1,Results!$F:$H,3,FALSE),-VLOOKUP($C33&" "&AX$1,Results!$G:$H,2,FALSE)),"") -> 77 | AY33: =IFERROR(IFERROR(VLOOKUP($C33&" "&AY$1,Results!$F:$H,3,FALSE),-VLOOKUP($C33&" "&AY$1,Results!$G:$H,2,FALSE)),"") -> 18 | ... BT33: =IFERROR(IFERROR(VLOOKUP($C33&" "&BT$1,Results!$F:$H,3,FALSE),-VLOOKUP($C33&" "&BT$1,Results!$G:$H,2,FALSE)),"") | BW33: =SUM(U33:BS33) -> 34 | BX33: =COUNTIF(E33:J33,1) -> 6 | BY33: =COUNTIF(E33:J33,0) -> 0 | BZ33: =COUNT(E33:J33) -> 6 | CA33: =+BX33/BZ33 -> 1 | CC33: =SUM(U33:BT33) -> 34 | CE33: 32 | CF33: =A33 -> 28 | CG33: =+CE33-CF33 -> 4
A34: 29 | B34: 31 | C34: Bella Casa | E34: =IF(AND(AU34>0,$A34<VLOOKUP(AU$1,$C:$L,10,FALSE)),1,IF(AND(AU34<0,$A34>VLOOKUP(AU$1,$C:$L,10,FALSE)),1,0)) -> 0 | F34: =IF(AND(AV34>0,$A34<VLOOKUP(AV$1,$C:$L,10,FALSE)),1,IF(AND(AV34<0,$A34>VLOOKUP(AV$1,$C:$L,10,FALSE)),1,0)) -> 0 | G34: =IF(AND(AW34>0,$A34<VLOOKUP(AW$1,$C:$L,10,FALSE)),1,IF(AND(AW34<0,$A34>VLOOKUP(AW$1,$C:$L,10,FALSE)),1,0)) -> 0 | H34: =IF(AND(AY34>0,$A34<VLOOKUP(AY$1,$C:$L,10,FALSE)),1,IF(AND(AY34<0,$A34>VLOOKUP(AY$1,$C:$L,10,FALSE)),1,0)) -> 0 | I34: =IF(AND(AZ34>0,$A34<VLOOKUP(AZ$1,$C:$L,10,FALSE)),1,IF(AND(AZ34<0,$A34>VLOOKUP(AZ$1,$C:$L,10,FALSE)),1,0)) -> 0 | J34: =IF(AND(BA34>0,$A34<VLOOKUP(BA$1,$C:$L,10,FALSE)),1,IF(AND(BA34<0,$A34>VLOOKUP(BA$1,$C:$L,10,FALSE)),1,0)) -> 0 | K34: Updated | L34: =B34 -> 31 | M34: 8 | N34: =COUNTIF($U34:$BT34,">0") -> 4 | O34: =COUNTIF($U34:$BT34,"<0") -> 2 | P34: =COUNTIF($U34:$BT34,"=0") -> 0 | Q34: =COUNTIF($AZ34:$BC34,">0") -> 1 | R34: =COUNTIF($AZ34:$BC34,"<0") -> 2 | S34: =COUNTIF($AZ34:$BC34,"=0") -> 0 | T34: =COUNTIF(U34:BU34,"NC") -> 0 | AF34: =IFERROR(IFERROR(VLOOKUP($C34&" "&AF$1,Results!$F:$H,3,FALSE),-VLOOKUP($C34&" "&AF$1,Results!$G:$H,2,FALSE)),"") | AG34: =IFERROR(IFERROR(VLOOKUP($C34&" "&AG$1,Results!$F:$H,3,FALSE),-VLOOKUP($C34&" "&AG$1,Results!$G:$H,2,FALSE)),"") | AH34: =IFERROR(IFERROR(VLOOKUP($C34&" "&AH$1,Results!$F:$H,3,FALSE),-VLOOKUP($C34&" "&AH$1,Results!$G:$H,2,FALSE)),"") | AI34: =IFERROR(IFERROR(VLOOKUP($C34&" "&AI$1,Results!$F:$H,3,FALSE),-VLOOKUP($C34&" "&AI$1,Results!$G:$H,2,FALSE)),"") | AJ34: =IFERROR(IFERROR(VLOOKUP($C34&" "&AJ$1,Results!$F:$H,3,FALSE),-VLOOKUP($C34&" "&AJ$1,Results!$G:$H,2,FALSE)),"") | AK34: =IFERROR(IFERROR(VLOOKUP($C34&" "&AK$1,Results!$F:$H,3,FALSE),-VLOOKUP($C34&" "&AK$1,Results!$G:$H,2,FALSE)),"") | AL34: =IFERROR(IFERROR(VLOOKUP($C34&" "&AL$1,Results!$F:$H,3,FALSE),-VLOOKUP($C34&" "&AL$1,Results!$G:$H,2,FALSE)),"") | AM34: =IFERROR(IFERROR(VLOOKUP($C34&" "&AM$1,Results!$F:$H,3,FALSE),-VLOOKUP($C34&" "&AM$1,Results!$G:$H,2,FALSE)),"") | ... BE34: =IFERROR(IFERROR(VLOOKUP($C34&" "&BE$1,Results!$F:$H,3,FALSE),-VLOOKUP($C34&" "&BE$1,Results!$G:$H,2,FALSE)),"") -> 161.66667 | BW34: =SUM(U34:BS34) -> 412.16667 | BX34: =COUNTIF(E34:J34,1) -> 0 | BY34: =COUNTIF(E34:J34,0) -> 6 | BZ34: =COUNT(E34:J34) -> 6 | CA34: =+BX34/BZ34 -> 0 | CC34: =SUM(U34:BT34) -> 412.16667 | CE34: 30 | CF34: =A34 -> 29 | CG34: =+CE34-CF34 -> 1
A35: 38 | B35: 32 | C35: The Reserve | E35: =IF(AND(AX35>0,$A35<VLOOKUP(AX$1,$C:$L,10,FALSE)),1,IF(AND(AX35<0,$A35>VLOOKUP(AX$1,$C:$L,10,FALSE)),1,0)) -> 0 | F35: =IF(AND(AY35>0,$A35<VLOOKUP(AY$1,$C:$L,10,FALSE)),1,IF(AND(AY35<0,$A35>VLOOKUP(AY$1,$C:$L,10,FALSE)),1,0)) -> 0 | G35: =IF(AND(AZ35>0,$A35<VLOOKUP(AZ$1,$C:$L,10,FALSE)),1,IF(AND(AZ35<0,$A35>VLOOKUP(AZ$1,$C:$L,10,FALSE)),1,0)) -> 1 | H35: =IF(AND(BB35>0,$A35<VLOOKUP(BB$1,$C:$L,10,FALSE)),1,IF(AND(BB35<0,$A35>VLOOKUP(BB$1,$C:$L,10,FALSE)),1,0)) -> 1 | I35: =IF(AND(BC35>0,$A35<VLOOKUP(BC$1,$C:$L,10,FALSE)),1,IF(AND(BC35<0,$A35>VLOOKUP(BC$1,$C:$L,10,FALSE)),1,0)) -> 0 | J35: =IF(AND(BD35>0,$A35<VLOOKUP(BD$1,$C:$L,10,FALSE)),1,IF(AND(BD35<0,$A35>VLOOKUP(BD$1,$C:$L,10,FALSE)),1,0)) -> 1 | K35: Updated | L35: =B35 -> 32 | M35: 8 | N35: =COUNTIF($U35:$BT35,">0") -> 0 | O35: =COUNTIF($U35:$BT35,"<0") -> 6 | P35: =COUNTIF($U35:$BT35,"=0") -> 0 | Q35: =COUNTIF($AZ35:$BC35,">0") -> 0 | R35: =COUNTIF($AZ35:$BC35,"<0") -> 3 | S35: =COUNTIF($AZ35:$BC35,"=0") -> 0 | T35: =COUNTIF(U35:BU35,"NC") -> 0 | AR35: =IFERROR(IFERROR(VLOOKUP($C35&" "&AR$1,Results!$F:$H,3,FALSE),-VLOOKUP($C35&" "&AR$1,Results!$G:$H,2,FALSE)),"") | AS35: =IFERROR(IFERROR(VLOOKUP($C35&" "&AS$1,Results!$F:$H,3,FALSE),-VLOOKUP($C35&" "&AS$1,Results!$G:$H,2,FALSE)),"") | AT35: =IFERROR(IFERROR(VLOOKUP($C35&" "&AT$1,Results!$F:$H,3,FALSE),-VLOOKUP($C35&" "&AT$1,Results!$G:$H,2,FALSE)),"") | AU35: =IFERROR(IFERROR(VLOOKUP($C35&" "&AU$1,Results!$F:$H,3,FALSE),-VLOOKUP($C35&" "&AU$1,Results!$G:$H,2,FALSE)),"") | AV35: =IFERROR(IFERROR(VLOOKUP($C35&" "&AV$1,Results!$F:$H,3,FALSE),-VLOOKUP($C35&" "&AV$1,Results!$G:$H,2,FALSE)),"") | AW35: =IFERROR(IFERROR(VLOOKUP($C35&" "&AW$1,Results!$F:$H,3,FALSE),-VLOOKUP($C35&" "&AW$1,Results!$G:$H,2,FALSE)),"") | AX35: =IFERROR(IFERROR(VLOOKUP($C35&" "&AX$1,Results!$F:$H,3,FALSE),-VLOOKUP($C35&" "&AX$1,Results!$G:$H,2,FALSE)),"") | AY35: =IFERROR(IFERROR(VLOOKUP($C35&" "&AY$1,Results!$F:$H,3,FALSE),-VLOOKUP($C35&" "&AY$1,Results!$G:$H,2,FALSE)),"") | ... BT35: =IFERROR(IFERROR(VLOOKUP($C35&" "&BT$1,Results!$F:$H,3,FALSE),-VLOOKUP($C35&" "&BT$1,Results!$G:$H,2,FALSE)),"") | BW35: =SUM(U35:BS35) -> -505 | BX35: =COUNTIF(E35:J35,1) -> 3 | BY35: =COUNTIF(E35:J35,0) -> 3 | BZ35: =COUNT(E35:J35) -> 6 | CA35: =+BX35/BZ35 -> 0.5 | CC35: =SUM(U35:BT35) -> -505 | CE35: 26 | CF35: =A35 -> 38 | CG35: =+CE35-CF35 -> -12
A36: 33 | B36: 33 | C36: TCC | E36: =IF(AND(BE36>0,$A36<VLOOKUP(BE$1,$C:$L,10,FALSE)),1,IF(AND(BE36<0,$A36>VLOOKUP(BE$1,$C:$L,10,FALSE)),1,0)) -> 0 | F36: =IF(AND(BF36>0,$A36<VLOOKUP(BF$1,$C:$L,10,FALSE)),1,IF(AND(BF36<0,$A36>VLOOKUP(BF$1,$C:$L,10,FALSE)),1,0)) -> 1 | G36: =IF(AND(BG36>0,$A36<VLOOKUP(BG$1,$C:$L,10,FALSE)),1,IF(AND(BG36<0,$A36>VLOOKUP(BG$1,$C:$L,10,FALSE)),1,0)) -> 0 | H36: =IF(AND(BI36>0,$A36<VLOOKUP(BI$1,$C:$L,10,FALSE)),1,IF(AND(BI36<0,$A36>VLOOKUP(BI$1,$C:$L,10,FALSE)),1,0)) -> 1 | I36: =IF(AND(BJ36>0,$A36<VLOOKUP(BJ$1,$C:$L,10,FALSE)),1,IF(AND(BJ36<0,$A36>VLOOKUP(BJ$1,$C:$L,10,FALSE)),1,0)) -> 1 | J36: =IF(AND(BK36>0,$A36<VLOOKUP(BK$1,$C:$L,10,FALSE)),1,IF(AND(BK36<0,$A36>VLOOKUP(BK$1,$C:$L,10,FALSE)),1,0)) -> 1 | K36: Updated | L36: =B36 -> 33 | M36: 9 | N36: =COUNTIF($U36:$BT36,">0") -> 3 | O36: =COUNTIF($U36:$BT36,"<0") -> 3 | P36: =COUNTIF($U36:$BT36,"=0") -> 0 | Q36: =COUNTIF($BD36:$BG36,">0") -> 1 | R36: =COUNTIF($BD36:$BG36,"<0") -> 2 | S36: =COUNTIF($BD36:$BG36,"=0") -> 0 | T36: =COUNTIF(U36:BU36,"NC") -> 0 | AR36: =IFERROR(IFERROR(VLOOKUP($C36&" "&AR$1,Results!$F:$H,3,FALSE),-VLOOKUP($C36&" "&AR$1,Results!$G:$H,2,FALSE)),"") | AS36: =IFERROR(IFERROR(VLOOKUP($C36&" "&AS$1,Results!$F:$H,3,FALSE),-VLOOKUP($C36&" "&AS$1,Results!$G:$H,2,FALSE)),"") | AT36: =IFERROR(IFERROR(VLOOKUP($C36&" "&AT$1,Results!$F:$H,3,FALSE),-VLOOKUP($C36&" "&AT$1,Results!$G:$H,2,FALSE)),"") | AU36: =IFERROR(IFERROR(VLOOKUP($C36&" "&AU$1,Results!$F:$H,3,FALSE),-VLOOKUP($C36&" "&AU$1,Results!$G:$H,2,FALSE)),"") | AV36: =IFERROR(IFERROR(VLOOKUP($C36&" "&AV$1,Results!$F:$H,3,FALSE),-VLOOKUP($C36&" "&AV$1,Results!$G:$H,2,FALSE)),"") | AW36: =IFERROR(IFERROR(VLOOKUP($C36&" "&AW$1,Results!$F:$H,3,FALSE),-VLOOKUP($C36&" "&AW$1,Results!$G:$H,2,FALSE)),"") | AX36: =IFERROR(IFERROR(VLOOKUP($C36&" "&AX$1,Results!$F:$H,3,FALSE),-VLOOKUP($C36&" "&AX$1,Results!$G:$H,2,FALSE)),"") | AY36: =IFERROR(IFERROR(VLOOKUP($C36&" "&AY$1,Results!$F:$H,3,FALSE),-VLOOKUP($C36&" "&AY$1,Results!$G:$H,2,FALSE)),"") | ... BT36: =IFERROR(IFERROR(VLOOKUP($C36&" "&BT$1,Results!$F:$H,3,FALSE),-VLOOKUP($C36&" "&BT$1,Results!$G:$H,2,FALSE)),"") | BW36: =SUM(U36:BS36) -> 71 | BX36: =COUNTIF(E36:J36,1) -> 4 | BY36: =COUNTIF(E36:J36,0) -> 2 | BZ36: =COUNT(E36:J36) -> 6 | CA36: =+BX36/BZ36 -> 0.66666667 | CC36: =SUM(U36:BT36) -> 71 | CE36: 38 | CF36: =A36 -> 33 | CG36: =+CE36-CF36 -> 5
A37: 37 | B37: 34 | C37: Kildaire Farms | E37: =IF(AND(BC37>0,$A37<VLOOKUP(BC$1,$C:$L,10,FALSE)),1,IF(AND(BC37<0,$A37>VLOOKUP(BC$1,$C:$L,10,FALSE)),1,0)) -> 0 | F37: =IF(AND(BD37>0,$A37<VLOOKUP(BD$1,$C:$L,10,FALSE)),1,IF(AND(BD37<0,$A37>VLOOKUP(BD$1,$C:$L,10,FALSE)),1,0)) -> 0 | G37: =IF(AND(BE37>0,$A37<VLOOKUP(BE$1,$C:$L,10,FALSE)),1,IF(AND(BE37<0,$A37>VLOOKUP(BE$1,$C:$L,10,FALSE)),1,0)) -> 0 | H37: =IF(AND(BG37>0,$A37<VLOOKUP(BG$1,$C:$L,10,FALSE)),1,IF(AND(BG37<0,$A37>VLOOKUP(BG$1,$C:$L,10,FALSE)),1,0)) -> 1 | I37: =IF(AND(BH37>0,$A37<VLOOKUP(BH$1,$C:$L,10,FALSE)),1,IF(AND(BH37<0,$A37>VLOOKUP(BH$1,$C:$L,10,FALSE)),1,0)) -> 0 | J37: =IF(AND(BI37>0,$A37<VLOOKUP(BI$1,$C:$L,10,FALSE)),1,IF(AND(BI37<0,$A37>VLOOKUP(BI$1,$C:$L,10,FALSE)),1,0)) -> 1 | K37: Updated | L37: =B37 -> 34 | M37: 9 | N37: =COUNTIF($U37:$BT37,">0") -> 2 | O37: =COUNTIF($U37:$BT37,"<0") -> 4 | P37: =COUNTIF($U37:$BT37,"=0") -> 0 | Q37: =COUNTIF($BD37:$BG37,">0") -> 1 | R37: =COUNTIF($BD37:$BG37,"<0") -> 2 | S37: =COUNTIF($BD37:$BG37,"=0") -> 0 | T37: =COUNTIF(U37:BU37,"NC") -> 0 | AR37: =IFERROR(IFERROR(VLOOKUP($C37&" "&AR$1,Results!$F:$H,3,FALSE),-VLOOKUP($C37&" "&AR$1,Results!$G:$H,2,FALSE)),"") | AS37: =IFERROR(IFERROR(VLOOKUP($C37&" "&AS$1,Results!$F:$H,3,FALSE),-VLOOKUP($C37&" "&AS$1,Results!$G:$H,2,FALSE)),"") | AT37: =IFERROR(IFERROR(VLOOKUP($C37&" "&AT$1,Results!$F:$H,3,FALSE),-VLOOKUP($C37&" "&AT$1,Results!$G:$H,2,FALSE)),"") | AU37: =IFERROR(IFERROR(VLOOKUP($C37&" "&AU$1,Results!$F:$H,3,FALSE),-VLOOKUP($C37&" "&AU$1,Results!$G:$H,2,FALSE)),"") | AV37: =IFERROR(IFERROR(VLOOKUP($C37&" "&AV$1,Results!$F:$H,3,FALSE),-VLOOKUP($C37&" "&AV$1,Results!$G:$H,2,FALSE)),"") | AW37: =IFERROR(IFERROR(VLOOKUP($C37&" "&AW$1,Results!$F:$H,3,FALSE),-VLOOKUP($C37&" "&AW$1,Results!$G:$H,2,FALSE)),"") | AX37: =IFERROR(IFERROR(VLOOKUP($C37&" "&AX$1,Results!$F:$H,3,FALSE),-VLOOKUP($C37&" "&AX$1,Results!$G:$H,2,FALSE)),"") | AY37: =IFERROR(IFERROR(VLOOKUP($C37&" "&AY$1,Results!$F:$H,3,FALSE),-VLOOKUP($C37&" "&AY$1,Results!$G:$H,2,FALSE)),"") | ... BT37: =IFERROR(IFERROR(VLOOKUP($C37&" "&BT$1,Results!$F:$H,3,FALSE),-VLOOKUP($C37&" "&BT$1,Results!$G:$H,2,FALSE)),"") | BW37: =SUM(U37:BS37) -> -152.66667 | BX37: =COUNTIF(E37:J37,1) -> 2 | BY37: =COUNTIF(E37:J37,0) -> 4 | BZ37: =COUNT(E37:J37) -> 6 | CA37: =+BX37/BZ37 -> 0.33333333 | CC37: =SUM(U37:BT37) -> -152.66667 | CE37: 37 | CF37: =A37 -> 37 | CG37: =+CE37-CF37 -> 0
A38: 36 | B38: 35 | C38: Carpenter Village | E38: =IF(AND(AZ38>0,$A38<VLOOKUP(AZ$1,$C:$L,10,FALSE)),1,IF(AND(AZ38<0,$A38>VLOOKUP(AZ$1,$C:$L,10,FALSE)),1,0)) -> 0 | F38: =IF(AND(BA38>0,$A38<VLOOKUP(BA$1,$C:$L,10,FALSE)),1,IF(AND(BA38<0,$A38>VLOOKUP(BA$1,$C:$L,10,FALSE)),1,0)) -> 0 | G38: =IF(AND(BB38>0,$A38<VLOOKUP(BB$1,$C:$L,10,FALSE)),1,IF(AND(BB38<0,$A38>VLOOKUP(BB$1,$C:$L,10,FALSE)),1,0)) -> 0 | H38: =IF(AND(BD38>0,$A38<VLOOKUP(BD$1,$C:$L,10,FALSE)),1,IF(AND(BD38<0,$A38>VLOOKUP(BD$1,$C:$L,10,FALSE)),1,0)) -> 1 | I38: =IF(AND(BE38>0,$A38<VLOOKUP(BE$1,$C:$L,10,FALSE)),1,IF(AND(BE38<0,$A38>VLOOKUP(BE$1,$C:$L,10,FALSE)),1,0)) -> 0 | J38: =IF(AND(BF38>0,$A38<VLOOKUP(BF$1,$C:$L,10,FALSE)),1,IF(AND(BF38<0,$A38>VLOOKUP(BF$1,$C:$L,10,FALSE)),1,0)) -> 0 | K38: Updated | L38: =B38 -> 35 | M38: 9 | N38: =COUNTIF($U38:$BT38,">0") -> 2 | O38: =COUNTIF($U38:$BT38,"<0") -> 4 | P38: =COUNTIF($U38:$BT38,"=0") -> 0 | Q38: =COUNTIF($BD38:$BG38,">0") -> 1 | R38: =COUNTIF($BD38:$BG38,"<0") -> 2 | S38: =COUNTIF($BD38:$BG38,"=0") -> 0 | T38: =COUNTIF(U38:BU38,"NC") -> 0 | AR38: =IFERROR(IFERROR(VLOOKUP($C38&" "&AR$1,Results!$F:$H,3,FALSE),-VLOOKUP($C38&" "&AR$1,Results!$G:$H,2,FALSE)),"") | AS38: =IFERROR(IFERROR(VLOOKUP($C38&" "&AS$1,Results!$F:$H,3,FALSE),-VLOOKUP($C38&" "&AS$1,Results!$G:$H,2,FALSE)),"") | AT38: =IFERROR(IFERROR(VLOOKUP($C38&" "&AT$1,Results!$F:$H,3,FALSE),-VLOOKUP($C38&" "&AT$1,Results!$G:$H,2,FALSE)),"") | AU38: =IFERROR(IFERROR(VLOOKUP($C38&" "&AU$1,Results!$F:$H,3,FALSE),-VLOOKUP($C38&" "&AU$1,Results!$G:$H,2,FALSE)),"") | AV38: =IFERROR(IFERROR(VLOOKUP($C38&" "&AV$1,Results!$F:$H,3,FALSE),-VLOOKUP($C38&" "&AV$1,Results!$G:$H,2,FALSE)),"") | AW38: =IFERROR(IFERROR(VLOOKUP($C38&" "&AW$1,Results!$F:$H,3,FALSE),-VLOOKUP($C38&" "&AW$1,Results!$G:$H,2,FALSE)),"") | AX38: =IFERROR(IFERROR(VLOOKUP($C38&" "&AX$1,Results!$F:$H,3,FALSE),-VLOOKUP($C38&" "&AX$1,Results!$G:$H,2,FALSE)),"") | AY38: =IFERROR(IFERROR(VLOOKUP($C38&" "&AY$1,Results!$F:$H,3,FALSE),-VLOOKUP($C38&" "&AY$1,Results!$G:$H,2,FALSE)),"") | ... BT38: =IFERROR(IFERROR(VLOOKUP($C38&" "&BT$1,Results!$F:$H,3,FALSE),-VLOOKUP($C38&" "&BT$1,Results!$G:$H,2,FALSE)),"") | BW38: =SUM(U38:BS38) -> -126 | BX38: =COUNTIF(E38:J38,1) -> 1 | BY38: =COUNTIF(E38:J38,0) -> 5 | BZ38: =COUNT(E38:J38) -> 6 | CA38: =+BX38/BZ38 -> 0.16666667 | CC38: =SUM(U38:BT38) -> -126 | CE38: 35 | CF38: =A38 -> 36 | CG38: =+CE38-CF38 -> -1
A39: 32 | B39: 36 | C39: Bentwinds | E39: =IF(AND(BK39>0,$A39<VLOOKUP(BK$1,$C:$L,10,FALSE)),1,IF(AND(BK39<0,$A39>VLOOKUP(BK$1,$C:$L,10,FALSE)),1,0)) -> 1 | F39: =IF(AND(BL39>0,$A39<VLOOKUP(BL$1,$C:$L,10,FALSE)),1,IF(AND(BL39<0,$A39>VLOOKUP(BL$1,$C:$L,10,FALSE)),1,0)) -> 1 | G39: =IF(AND(BN39>0,$A39<VLOOKUP(BN$1,$C:$L,10,FALSE)),1,IF(AND(BN39<0,$A39>VLOOKUP(BN$1,$C:$L,10,FALSE)),1,0)) -> 1 | H39: =IF(AND(BO39>0,$A39<VLOOKUP(BO$1,$C:$L,10,FALSE)),1,IF(AND(BO39<0,$A39>VLOOKUP(BO$1,$C:$L,10,FALSE)),1,0)) -> 1 | I39: =IF(AND(BP39>0,$A39<VLOOKUP(BP$1,$C:$L,10,FALSE)),1,IF(AND(BP39<0,$A39>VLOOKUP(BP$1,$C:$L,10,FALSE)),1,0)) -> 1 | J39: =IF(AND(BS39>0,$A39<VLOOKUP(BS$1,$C:$L,10,FALSE)),1,IF(AND(BS39<0,$A39>VLOOKUP(BS$1,$C:$L,10,FALSE)),1,0)) -> 1 | K39: Updated | L39: =B39 -> 36 | M39: 9 | N39: =COUNTIF($U39:$BT39,">0") -> 5 | O39: =COUNTIF($U39:$BT39,"<0") -> 1 | P39: =COUNTIF($U39:$BT39,"=0") -> 0 | Q39: =COUNTIF($BD39:$BG39,">0") -> 3 | R39: =COUNTIF($BD39:$BG39,"<0") -> 0 | S39: =COUNTIF($BD39:$BG39,"=0") -> 0 | T39: =COUNTIF(U39:BU39,"NC") -> 0 | AR39: =IFERROR(IFERROR(VLOOKUP($C39&" "&AR$1,Results!$F:$H,3,FALSE),-VLOOKUP($C39&" "&AR$1,Results!$G:$H,2,FALSE)),"") | AS39: =IFERROR(IFERROR(VLOOKUP($C39&" "&AS$1,Results!$F:$H,3,FALSE),-VLOOKUP($C39&" "&AS$1,Results!$G:$H,2,FALSE)),"") | AT39: =IFERROR(IFERROR(VLOOKUP($C39&" "&AT$1,Results!$F:$H,3,FALSE),-VLOOKUP($C39&" "&AT$1,Results!$G:$H,2,FALSE)),"") | AU39: =IFERROR(IFERROR(VLOOKUP($C39&" "&AU$1,Results!$F:$H,3,FALSE),-VLOOKUP($C39&" "&AU$1,Results!$G:$H,2,FALSE)),"") | AV39: =IFERROR(IFERROR(VLOOKUP($C39&" "&AV$1,Results!$F:$H,3,FALSE),-VLOOKUP($C39&" "&AV$1,Results!$G:$H,2,FALSE)),"") | AW39: =IFERROR(IFERROR(VLOOKUP($C39&" "&AW$1,Results!$F:$H,3,FALSE),-VLOOKUP($C39&" "&AW$1,Results!$G:$H,2,FALSE)),"") | AX39: =IFERROR(IFERROR(VLOOKUP($C39&" "&AX$1,Results!$F:$H,3,FALSE),-VLOOKUP($C39&" "&AX$1,Results!$G:$H,2,FALSE)),"") | AY39: =IFERROR(IFERROR(VLOOKUP($C39&" "&AY$1,Results!$F:$H,3,FALSE),-VLOOKUP($C39&" "&AY$1,Results!$G:$H,2,FALSE)),"") | ... BV39: =IFERROR(IFERROR(VLOOKUP($C39&" "&BV$1,Results!$F:$H,3,FALSE),-VLOOKUP($C39&" "&BV$1,Results!$G:$H,2,FALSE)),"") | BW39: =SUM(U39:BS39) -> 131 | BX39: =COUNTIF(E39:I39,1) -> 5 | BY39: =COUNTIF(E39:J39,0) -> 0 | BZ39: =COUNT(E39:J39) -> 6 | CA39: =+BX39/BZ39 -> 0.83333333 | CC39: =SUM(U39:BT39) -> 131 | CE39: 42 | CF39: =A39 -> 32 | CG39: =+CE39-CF39 -> 10
A40: 31 | B40: 37 | C40: Kitts Creek | E40: =IF(AND(BG40>0,$A40<VLOOKUP(BG$1,$C:$L,10,FALSE)),1,IF(AND(BG40<0,$A40>VLOOKUP(BG$1,$C:$L,10,FALSE)),1,0)) -> 1 | F40: =IF(AND(BH40>0,$A40<VLOOKUP(BH$1,$C:$L,10,FALSE)),1,IF(AND(BH40<0,$A40>VLOOKUP(BH$1,$C:$L,10,FALSE)),1,0)) -> 1 | G40: =IF(AND(BI40>0,$A40<VLOOKUP(BI$1,$C:$L,10,FALSE)),1,IF(AND(BI40<0,$A40>VLOOKUP(BI$1,$C:$L,10,FALSE)),1,0)) -> 1 | H40: =IF(AND(BK40>0,$A40<VLOOKUP(BK$1,$C:$L,10,FALSE)),1,IF(AND(BK40<0,$A40>VLOOKUP(BK$1,$C:$L,10,FALSE)),1,0)) -> 1 | I40: =IF(AND(BL40>0,$A40<VLOOKUP(BL$1,$C:$L,10,FALSE)),1,IF(AND(BL40<0,$A40>VLOOKUP(BL$1,$C:$L,10,FALSE)),1,0)) -> 1 | J40: =IF(AND(BN40>0,$A40<VLOOKUP(BN$1,$C:$L,10,FALSE)),1,IF(AND(BN40<0,$A40>VLOOKUP(BN$1,$C:$L,10,FALSE)),1,0)) -> 1 | K40: Updated | L40: =B40 -> 37 | M40: 10 | N40: =COUNTIF($U40:$BT40,">0") -> 6 | O40: =COUNTIF($U40:$BT40,"<0") -> 0 | P40: =COUNTIF($U40:$BT40,"=0") -> 0 | Q40: =COUNTIF($BH40:$BK40,">0") -> 3 | R40: =COUNTIF($BH40:$BK40,"<0") -> 0 | S40: =COUNTIF($BH40:$BK40,"=0") -> 0 | T40: =COUNTIF(U40:BU40,"NC") -> 0 | AR40: =IFERROR(IFERROR(VLOOKUP($C40&" "&AR$1,Results!$F:$H,3,FALSE),-VLOOKUP($C40&" "&AR$1,Results!$G:$H,2,FALSE)),"") | AS40: =IFERROR(IFERROR(VLOOKUP($C40&" "&AS$1,Results!$F:$H,3,FALSE),-VLOOKUP($C40&" "&AS$1,Results!$G:$H,2,FALSE)),"") | AT40: =IFERROR(IFERROR(VLOOKUP($C40&" "&AT$1,Results!$F:$H,3,FALSE),-VLOOKUP($C40&" "&AT$1,Results!$G:$H,2,FALSE)),"") | AU40: =IFERROR(IFERROR(VLOOKUP($C40&" "&AU$1,Results!$F:$H,3,FALSE),-VLOOKUP($C40&" "&AU$1,Results!$G:$H,2,FALSE)),"") | AV40: =IFERROR(IFERROR(VLOOKUP($C40&" "&AV$1,Results!$F:$H,3,FALSE),-VLOOKUP($C40&" "&AV$1,Results!$G:$H,2,FALSE)),"") | AW40: =IFERROR(IFERROR(VLOOKUP($C40&" "&AW$1,Results!$F:$H,3,FALSE),-VLOOKUP($C40&" "&AW$1,Results!$G:$H,2,FALSE)),"") | AX40: =IFERROR(IFERROR(VLOOKUP($C40&" "&AX$1,Results!$F:$H,3,FALSE),-VLOOKUP($C40&" "&AX$1,Results!$G:$H,2,FALSE)),"") | AY40: =IFERROR(IFERROR(VLOOKUP($C40&" "&AY$1,Results!$F:$H,3,FALSE),-VLOOKUP($C40&" "&AY$1,Results!$G:$H,2,FALSE)),"") | ... BT40: =IFERROR(IFERROR(VLOOKUP($C40&" "&BT$1,Results!$F:$H,3,FALSE),-VLOOKUP($C40&" "&BT$1,Results!$G:$H,2,FALSE)),"") | BW40: =SUM(U40:BS40) -> 477 | BX40: =COUNTIF(E40:J40,1) -> 6 | BY40: =COUNTIF(E40:J40,0) -> 0 | BZ40: =COUNT(E40:J40) -> 6 | CA40: =+BX40/BZ40 -> 1 | CC40: =SUM(U40:BT40) -> 477 | CE40: 36 | CF40: =A40 -> 31 | CG40: =+CE40-CF40 -> 5
A41: 35 | B41: 38 | C41: Park Village | E41: =IF(AND(BJ41>0,$A41<VLOOKUP(BJ$1,$C:$L,10,FALSE)),1,IF(AND(BJ41<0,$A41>VLOOKUP(BJ$1,$C:$L,10,FALSE)),1,0)) -> 1 | F41: =IF(AND(BL41>0,$A41<VLOOKUP(BL$1,$C:$L,10,FALSE)),1,IF(AND(BL41<0,$A41>VLOOKUP(BL$1,$C:$L,10,FALSE)),1,0)) -> 1 | G41: =IF(AND(BM41>0,$A41<VLOOKUP(BM$1,$C:$L,10,FALSE)),1,IF(AND(BM41<0,$A41>VLOOKUP(BM$1,$C:$L,10,FALSE)),1,0)) -> 1 | H41: =IF(AND(BQ41>0,$A41<VLOOKUP(BQ$1,$C:$L,10,FALSE)),1,IF(AND(BQ41<0,$A41>VLOOKUP(BQ$1,$C:$L,10,FALSE)),1,0)) -> 1 | I41: =IF(AND(BS41>0,$A41<VLOOKUP(BS$1,$C:$L,10,FALSE)),1,IF(AND(BS41<0,$A41>VLOOKUP(BS$1,$C:$L,10,FALSE)),1,0)) -> 1 | J41: =IF(AND(BT41>0,$A41<VLOOKUP(BT$1,$C:$L,10,FALSE)),1,IF(AND(BT41<0,$A41>VLOOKUP(BT$1,$C:$L,10,FALSE)),1,0)) -> 1 | K41: Updated | L41: =B41 -> 38 | M41: 10 | N41: =COUNTIF($U41:$BT41,">0") -> 4 | O41: =COUNTIF($U41:$BT41,"<0") -> 2 | P41: =COUNTIF($U41:$BT41,"=0") -> 0 | Q41: =COUNTIF($BH41:$BK41,">0") -> 2 | R41: =COUNTIF($BH41:$BK41,"<0") -> 1 | S41: =COUNTIF($BH41:$BK41,"=0") -> 0 | T41: =COUNTIF(U41:BU41,"NC") -> 0 | AR41: =IFERROR(IFERROR(VLOOKUP($C41&" "&AR$1,Results!$F:$H,3,FALSE),-VLOOKUP($C41&" "&AR$1,Results!$G:$H,2,FALSE)),"") | AS41: =IFERROR(IFERROR(VLOOKUP($C41&" "&AS$1,Results!$F:$H,3,FALSE),-VLOOKUP($C41&" "&AS$1,Results!$G:$H,2,FALSE)),"") | AT41: =IFERROR(IFERROR(VLOOKUP($C41&" "&AT$1,Results!$F:$H,3,FALSE),-VLOOKUP($C41&" "&AT$1,Results!$G:$H,2,FALSE)),"") | AU41: =IFERROR(IFERROR(VLOOKUP($C41&" "&AU$1,Results!$F:$H,3,FALSE),-VLOOKUP($C41&" "&AU$1,Results!$G:$H,2,FALSE)),"") | AV41: =IFERROR(IFERROR(VLOOKUP($C41&" "&AV$1,Results!$F:$H,3,FALSE),-VLOOKUP($C41&" "&AV$1,Results!$G:$H,2,FALSE)),"") | AW41: =IFERROR(IFERROR(VLOOKUP($C41&" "&AW$1,Results!$F:$H,3,FALSE),-VLOOKUP($C41&" "&AW$1,Results!$G:$H,2,FALSE)),"") | AX41: =IFERROR(IFERROR(VLOOKUP($C41&" "&AX$1,Results!$F:$H,3,FALSE),-VLOOKUP($C41&" "&AX$1,Results!$G:$H,2,FALSE)),"") | AY41: =IFERROR(IFERROR(VLOOKUP($C41&" "&AY$1,Results!$F:$H,3,FALSE),-VLOOKUP($C41&" "&AY$1,Results!$G:$H,2,FALSE)),"") | ... BV41: =IFERROR(IFERROR(VLOOKUP($C41&" "&BV$1,Results!$F:$H,3,FALSE),-VLOOKUP($C41&" "&BV$1,Results!$G:$H,2,FALSE)),"") | BW41: =SUM(U41:BS41) -> 269 | BX41: =COUNTIF(E41:I41,1) -> 5 | BY41: =COUNTIF(E41:J41,0) -> 0 | BZ41: =COUNT(E41:J41) -> 6 | CA41: =+BX41/BZ41 -> 0.83333333 | CC41: =SUM(U41:BT41) -> 269 | CE41: 40 | CF41: =A41 -> 35 | CG41: =+CE41-CF41 -> 5
A42: 42 | B42: 39 | C42: Brighton Forest | E42: =IF(AND(BD42>0,$A42<VLOOKUP(BD$1,$C:$L,10,FALSE)),1,IF(AND(BD42<0,$A42>VLOOKUP(BD$1,$C:$L,10,FALSE)),1,0)) -> 0 | F42: =IF(AND(BE42>0,$A42<VLOOKUP(BE$1,$C:$L,10,FALSE)),1,IF(AND(BE42<0,$A42>VLOOKUP(BE$1,$C:$L,10,FALSE)),1,0)) -> 0 | G42: =IF(AND(BF42>0,$A42<VLOOKUP(BF$1,$C:$L,10,FALSE)),1,IF(AND(BF42<0,$A42>VLOOKUP(BF$1,$C:$L,10,FALSE)),1,0)) -> 0 | H42: =IF(AND(BH42>0,$A42<VLOOKUP(BH$1,$C:$L,10,FALSE)),1,IF(AND(BH42<0,$A42>VLOOKUP(BH$1,$C:$L,10,FALSE)),1,0)) -> 1 | I42: =IF(AND(BI42>0,$A42<VLOOKUP(BI$1,$C:$L,10,FALSE)),1,IF(AND(BI42<0,$A42>VLOOKUP(BI$1,$C:$L,10,FALSE)),1,0)) -> 1 | J42: =IF(AND(BJ42>0,$A42<VLOOKUP(BJ$1,$C:$L,10,FALSE)),1,IF(AND(BJ42<0,$A42>VLOOKUP(BJ$1,$C:$L,10,FALSE)),1,0)) -> 0 | K42: Updated | L42: =B42 -> 39 | M42: 10 | N42: =COUNTIF($U42:$BT42,">0") -> 1 | O42: =COUNTIF($U42:$BT42,"<0") -> 5 | P42: =COUNTIF($U42:$BT42,"=0") -> 0 | Q42: =COUNTIF($BH42:$BK42,">0") -> 0 | R42: =COUNTIF($BH42:$BK42,"<0") -> 3 | S42: =COUNTIF($BH42:$BK42,"=0") -> 0 | T42: =COUNTIF(U42:BU42,"NC") -> 0 | AR42: =IFERROR(IFERROR(VLOOKUP($C42&" "&AR$1,Results!$F:$H,3,FALSE),-VLOOKUP($C42&" "&AR$1,Results!$G:$H,2,FALSE)),"") | AS42: =IFERROR(IFERROR(VLOOKUP($C42&" "&AS$1,Results!$F:$H,3,FALSE),-VLOOKUP($C42&" "&AS$1,Results!$G:$H,2,FALSE)),"") | AT42: =IFERROR(IFERROR(VLOOKUP($C42&" "&AT$1,Results!$F:$H,3,FALSE),-VLOOKUP($C42&" "&AT$1,Results!$G:$H,2,FALSE)),"") | AU42: =IFERROR(IFERROR(VLOOKUP($C42&" "&AU$1,Results!$F:$H,3,FALSE),-VLOOKUP($C42&" "&AU$1,Results!$G:$H,2,FALSE)),"") | AV42: =IFERROR(IFERROR(VLOOKUP($C42&" "&AV$1,Results!$F:$H,3,FALSE),-VLOOKUP($C42&" "&AV$1,Results!$G:$H,2,FALSE)),"") | AW42: =IFERROR(IFERROR(VLOOKUP($C42&" "&AW$1,Results!$F:$H,3,FALSE),-VLOOKUP($C42&" "&AW$1,Results!$G:$H,2,FALSE)),"") | AX42: =IFERROR(IFERROR(VLOOKUP($C42&" "&AX$1,Results!$F:$H,3,FALSE),-VLOOKUP($C42&" "&AX$1,Results!$G:$H,2,FALSE)),"") | AY42: =IFERROR(IFERROR(VLOOKUP($C42&" "&AY$1,Results!$F:$H,3,FALSE),-VLOOKUP($C42&" "&AY$1,Results!$G:$H,2,FALSE)),"") | ... BT42: =IFERROR(IFERROR(VLOOKUP($C42&" "&BT$1,Results!$F:$H,3,FALSE),-VLOOKUP($C42&" "&BT$1,Results!$G:$H,2,FALSE)),"") | BW42: =SUM(U42:BS42) -> -333 | BX42: =COUNTIF(E42:J42,1) -> 2 | BY42: =COUNTIF(E42:J42,0) -> 4 | BZ42: =COUNT(E42:J42) -> 6 | CA42: =+BX42/BZ42 -> 0.33333333 | CC42: =SUM(U42:BT42) -> -333 | CE42: 39 | CF42: =A42 -> 42 | CG42: =+CE42-CF42 -> -3
A43: 39 | B43: 40 | C43: Eagle Ridge | E43: =IF(AND(BL43>0,$A43<VLOOKUP(BL$1,$C:$L,10,FALSE)),1,IF(AND(BL43<0,$A43>VLOOKUP(BL$1,$C:$L,10,FALSE)),1,0)) -> 1 | F43: =IF(AND(BM43>0,$A43<VLOOKUP(BM$1,$C:$L,10,FALSE)),1,IF(AND(BM43<0,$A43>VLOOKUP(BM$1,$C:$L,10,FALSE)),1,0)) -> 1 | G43: BYE | H43: =IF(AND(BP43>0,$A43<VLOOKUP(BP$1,$C:$L,10,FALSE)),1,IF(AND(BP43<0,$A43>VLOOKUP(BP$1,$C:$L,10,FALSE)),1,0)) -> 1 | I43: =IF(AND(BQ43>0,$A43<VLOOKUP(BQ$1,$C:$L,10,FALSE)),1,IF(AND(BQ43<0,$A43>VLOOKUP(BQ$1,$C:$L,10,FALSE)),1,0)) -> 1 | J43: =IF(AND(BT43>0,$A43<VLOOKUP(BT$1,$C:$L,10,FALSE)),1,IF(AND(BT43<0,$A43>VLOOKUP(BT$1,$C:$L,10,FALSE)),1,0)) -> 1 | K43: Updated | L43: =B43 -> 40 | M43: 10 | N43: =COUNTIF($U43:$BU43,">0") -> 4 | O43: =COUNTIF($U43:$BU43,"<0") -> 2 | P43: =COUNTIF($U43:$BU43,"=0") -> 0 | Q43: =COUNTIF($BH43:$BK43,">0") -> 1 | R43: =COUNTIF($BH43:$BK43,"<0") -> 2 | S43: =COUNTIF($BH43:$BK43,"=0") -> 0 | T43: =COUNTIF(U43:BU43,"NC") -> 0 | AR43: =IFERROR(IFERROR(VLOOKUP($C43&" "&AR$1,Results!$F:$H,3,FALSE),-VLOOKUP($C43&" "&AR$1,Results!$G:$H,2,FALSE)),"") | AS43: =IFERROR(IFERROR(VLOOKUP($C43&" "&AS$1,Results!$F:$H,3,FALSE),-VLOOKUP($C43&" "&AS$1,Results!$G:$H,2,FALSE)),"") | AT43: =IFERROR(IFERROR(VLOOKUP($C43&" "&AT$1,Results!$F:$H,3,FALSE),-VLOOKUP($C43&" "&AT$1,Results!$G:$H,2,FALSE)),"") | AU43: =IFERROR(IFERROR(VLOOKUP($C43&" "&AU$1,Results!$F:$H,3,FALSE),-VLOOKUP($C43&" "&AU$1,Results!$G:$H,2,FALSE)),"") | AV43: =IFERROR(IFERROR(VLOOKUP($C43&" "&AV$1,Results!$F:$H,3,FALSE),-VLOOKUP($C43&" "&AV$1,Results!$G:$H,2,FALSE)),"") | AW43: =IFERROR(IFERROR(VLOOKUP($C43&" "&AW$1,Results!$F:$H,3,FALSE),-VLOOKUP($C43&" "&AW$1,Results!$G:$H,2,FALSE)),"") | AX43: =IFERROR(IFERROR(VLOOKUP($C43&" "&AX$1,Results!$F:$H,3,FALSE),-VLOOKUP($C43&" "&AX$1,Results!$G:$H,2,FALSE)),"") | AY43: =IFERROR(IFERROR(VLOOKUP($C43&" "&AY$1,Results!$F:$H,3,FALSE),-VLOOKUP($C43&" "&AY$1,Results!$G:$H,2,FALSE)),"") | ... BV43: =IFERROR(IFERROR(VLOOKUP($C43&" "&BV$1,Results!$F:$H,3,FALSE),-VLOOKUP($C43&" "&BV$1,Results!$G:$H,2,FALSE)),"") | BW43: =SUM(U43:BS43) -> 194 | BX43: =COUNTIF(E43:J43,1) -> 5 | BY43: =COUNTIF(E43:J43,0) -> 0 | BZ43: =COUNT(E43:J43) -> 5 | CA43: =+BX43/BZ43 -> 1 | CC43: =SUM(U43:BT43) -> 194 | CE43: 48 | CF43: =A43 -> 39 | CG43: =+CE43-CF43 -> 9
A44: 40 | B44: 41 | C44: Glenridge | E44: =IF(AND(BH44>0,$A44<VLOOKUP(BH$1,$C:$L,10,FALSE)),1,IF(AND(BH44<0,$A44>VLOOKUP(BH$1,$C:$L,10,FALSE)),1,0)) -> 0 | F44: =IF(AND(BI44>0,$A44<VLOOKUP(BI$1,$C:$L,10,FALSE)),1,IF(AND(BI44<0,$A44>VLOOKUP(BI$1,$C:$L,10,FALSE)),1,0)) -> 1 | G44: =IF(AND(BJ44>0,$A44<VLOOKUP(BJ$1,$C:$L,10,FALSE)),1,IF(AND(BJ44<0,$A44>VLOOKUP(BJ$1,$C:$L,10,FALSE)),1,0)) -> 0 | H44: =IF(AND(BM44>0,$A44<VLOOKUP(BM$1,$C:$L,10,FALSE)),1,IF(AND(BM44<0,$A44>VLOOKUP(BM$1,$C:$L,10,FALSE)),1,0)) -> 1 | I44: =IF(AND(BQ44>0,$A44<VLOOKUP(BQ$1,$C:$L,10,FALSE)),1,IF(AND(BQ44<0,$A44>VLOOKUP(BQ$1,$C:$L,10,FALSE)),1,0)) -> 1 | J44: =IF(AND(BR44>0,$A44<VLOOKUP(BR$1,$C:$L,10,FALSE)),1,IF(AND(BR44<0,$A44>VLOOKUP(BR$1,$C:$L,10,FALSE)),1,0)) -> 1 | K44: Updated | L44: =B44 -> 41 | M44: 11 | N44: =COUNTIF($U44:$BT44,">0") -> 4 | O44: =COUNTIF($U44:$BT44,"<0") -> 2 | P44: =COUNTIF($U44:$BT44,"=0") -> 0 | Q44: =COUNTIF($BL44:$BO44,">0") -> 3 | R44: =COUNTIF($BL44:$BO44,"<0") -> 0 | S44: =COUNTIF($BH44:$BK44,"=0") -> 0 | T44: =COUNTIF(U44:BU44,"NC") -> 0 | AR44: =IFERROR(IFERROR(VLOOKUP($C44&" "&AR$1,Results!$F:$H,3,FALSE),-VLOOKUP($C44&" "&AR$1,Results!$G:$H,2,FALSE)),"") | AS44: =IFERROR(IFERROR(VLOOKUP($C44&" "&AS$1,Results!$F:$H,3,FALSE),-VLOOKUP($C44&" "&AS$1,Results!$G:$H,2,FALSE)),"") | AT44: =IFERROR(IFERROR(VLOOKUP($C44&" "&AT$1,Results!$F:$H,3,FALSE),-VLOOKUP($C44&" "&AT$1,Results!$G:$H,2,FALSE)),"") | AU44: =IFERROR(IFERROR(VLOOKUP($C44&" "&AU$1,Results!$F:$H,3,FALSE),-VLOOKUP($C44&" "&AU$1,Results!$G:$H,2,FALSE)),"") | AV44: =IFERROR(IFERROR(VLOOKUP($C44&" "&AV$1,Results!$F:$H,3,FALSE),-VLOOKUP($C44&" "&AV$1,Results!$G:$H,2,FALSE)),"") | AW44: =IFERROR(IFERROR(VLOOKUP($C44&" "&AW$1,Results!$F:$H,3,FALSE),-VLOOKUP($C44&" "&AW$1,Results!$G:$H,2,FALSE)),"") | AX44: =IFERROR(IFERROR(VLOOKUP($C44&" "&AX$1,Results!$F:$H,3,FALSE),-VLOOKUP($C44&" "&AX$1,Results!$G:$H,2,FALSE)),"") | AY44: =IFERROR(IFERROR(VLOOKUP($C44&" "&AY$1,Results!$F:$H,3,FALSE),-VLOOKUP($C44&" "&AY$1,Results!$G:$H,2,FALSE)),"") | ... BT44: =IFERROR(IFERROR(VLOOKUP($C44&" "&BT$1,Results!$F:$H,3,FALSE),-VLOOKUP($C44&" "&BT$1,Results!$G:$H,2,FALSE)),"") | BW44: =SUM(U44:BS44) -> 249 | BX44: =COUNTIF(E44:J44,1) -> 4 | BY44: =COUNTIF(E44:J44,0) -> 2 | BZ44: =COUNT(E44:J44) -> 6 | CA44: =+BX44/BZ44 -> 0.66666667 | CC44: =SUM(U44:BT44) -> 249 | CE44: 41 | CF44: =A44 -> 40 | CG44: =+CE44-CF44 -> 1
A45: 48 | B45: 42 | C45: Harmony | E45: =IF(AND(BF45>0,$A45<VLOOKUP(BF$1,$C:$L,10,FALSE)),1,IF(AND(BF45<0,$A45>VLOOKUP(BF$1,$C:$L,10,FALSE)),1,0)) -> 0 | F45: =IF(AND(BG45>0,$A45<VLOOKUP(BG$1,$C:$L,10,FALSE)),1,IF(AND(BG45<0,$A45>VLOOKUP(BG$1,$C:$L,10,FALSE)),1,0)) -> 0 | G45: =IF(AND(BH45>0,$A45<VLOOKUP(BH$1,$C:$L,10,FALSE)),1,IF(AND(BH45<0,$A45>VLOOKUP(BH$1,$C:$L,10,FALSE)),1,0)) -> 0 | H45: =IF(AND(BJ45>0,$A45<VLOOKUP(BJ$1,$C:$L,10,FALSE)),1,IF(AND(BJ45<0,$A45>VLOOKUP(BJ$1,$C:$L,10,FALSE)),1,0)) -> 1 | I45: =IF(AND(BK45>0,$A45<VLOOKUP(BK$1,$C:$L,10,FALSE)),1,IF(AND(BK45<0,$A45>VLOOKUP(BK$1,$C:$L,10,FALSE)),1,0)) -> 1 | J45: =IF(AND(BL45>0,$A45<VLOOKUP(BL$1,$C:$L,10,FALSE)),1,IF(AND(BL45<0,$A45>VLOOKUP(BL$1,$C:$L,10,FALSE)),1,0)) -> 1 | K45: Updated | L45: =B45 -> 42 | M45: 11 | N45: =COUNTIF($U45:$BT45,">0") -> 0 | O45: =COUNTIF($U45:$BT45,"<0") -> 6 | P45: =COUNTIF($U45:$BT45,"=0") -> 0 | Q45: =COUNTIF($BL45:$BO45,">0") -> 0 | R45: =COUNTIF($BL45:$BO45,"<0") -> 3 | S45: =COUNTIF($BH45:$BK45,"=0") -> 0 | T45: =COUNTIF(U45:BU45,"NC") -> 0 | AR45: =IFERROR(IFERROR(VLOOKUP($C45&" "&AR$1,Results!$F:$H,3,FALSE),-VLOOKUP($C45&" "&AR$1,Results!$G:$H,2,FALSE)),"") | AS45: =IFERROR(IFERROR(VLOOKUP($C45&" "&AS$1,Results!$F:$H,3,FALSE),-VLOOKUP($C45&" "&AS$1,Results!$G:$H,2,FALSE)),"") | AT45: =IFERROR(IFERROR(VLOOKUP($C45&" "&AT$1,Results!$F:$H,3,FALSE),-VLOOKUP($C45&" "&AT$1,Results!$G:$H,2,FALSE)),"") | AU45: =IFERROR(IFERROR(VLOOKUP($C45&" "&AU$1,Results!$F:$H,3,FALSE),-VLOOKUP($C45&" "&AU$1,Results!$G:$H,2,FALSE)),"") | AV45: =IFERROR(IFERROR(VLOOKUP($C45&" "&AV$1,Results!$F:$H,3,FALSE),-VLOOKUP($C45&" "&AV$1,Results!$G:$H,2,FALSE)),"") | AW45: =IFERROR(IFERROR(VLOOKUP($C45&" "&AW$1,Results!$F:$H,3,FALSE),-VLOOKUP($C45&" "&AW$1,Results!$G:$H,2,FALSE)),"") | AX45: =IFERROR(IFERROR(VLOOKUP($C45&" "&AX$1,Results!$F:$H,3,FALSE),-VLOOKUP($C45&" "&AX$1,Results!$G:$H,2,FALSE)),"") | AY45: =IFERROR(IFERROR(VLOOKUP($C45&" "&AY$1,Results!$F:$H,3,FALSE),-VLOOKUP($C45&" "&AY$1,Results!$G:$H,2,FALSE)),"") | ... BT45: =IFERROR(IFERROR(VLOOKUP($C45&" "&BT$1,Results!$F:$H,3,FALSE),-VLOOKUP($C45&" "&BT$1,Results!$G:$H,2,FALSE)),"") -> -51 | BW45: =SUM(U45:BS45) -> -431 | BX45: =COUNTIF(E45:J45,1) -> 3 | BY45: =COUNTIF(E45:J45,0) -> 3 | BZ45: =COUNT(E45:J45) -> 6 | CA45: =+BX45/BZ45 -> 0.5 | CC45: =SUM(U45:BT45) -> -482 | CE45: 33 | CF45: =A45 -> 48 | CG45: =+CE45-CF45 -> -15
A46: 45 | B46: 43 | C46: Garner | E46: =IF(AND(BK46>0,$A46<VLOOKUP(BK$1,$C:$L,10,FALSE)),1,IF(AND(BK46<0,$A46>VLOOKUP(BK$1,$C:$L,10,FALSE)),1,0)) -> 1 | F46: =IF(AND(BL46>0,$A46<VLOOKUP(BL$1,$C:$L,10,FALSE)),1,IF(AND(BL46<0,$A46>VLOOKUP(BL$1,$C:$L,10,FALSE)),1,0)) -> 1 | G46: =IF(AND(BP46>0,$A46<VLOOKUP(BP$1,$C:$L,10,FALSE)),1,IF(AND(BP46<0,$A46>VLOOKUP(BP$1,$C:$L,10,FALSE)),1,0)) -> 0 | H46: BYE | I46: =IF(AND(BS46>0,$A46<VLOOKUP(BS$1,$C:$L,10,FALSE)),1,IF(AND(BS46<0,$A46>VLOOKUP(BS$1,$C:$L,10,FALSE)),1,0)) -> 1 | J46: =IF(AND(BT46>0,$A46<VLOOKUP(BT$1,$C:$L,10,FALSE)),1,IF(AND(BT46<0,$A46>VLOOKUP(BT$1,$C:$L,10,FALSE)),1,0)) -> 1 | K46: Updated | L46: =B46 -> 43 | M46: 11 | N46: =COUNTIF($U46:$BU46,">0") -> 2 | O46: =COUNTIF($U46:$BU46,"<0") -> 4 | P46: =COUNTIF($U46:$BU46,"=0") -> 0 | Q46: =COUNTIF($BL46:$BO46,">0") -> 1 | R46: =COUNTIF($BL46:$BO46,"<0") -> 2 | S46: =COUNTIF($BH46:$BK46,"=0") -> 0 | T46: =COUNTIF(U46:BU46,"NC") -> 0 | AR46: =IFERROR(IFERROR(VLOOKUP($C46&" "&AR$1,Results!$F:$H,3,FALSE),-VLOOKUP($C46&" "&AR$1,Results!$G:$H,2,FALSE)),"") | AS46: =IFERROR(IFERROR(VLOOKUP($C46&" "&AS$1,Results!$F:$H,3,FALSE),-VLOOKUP($C46&" "&AS$1,Results!$G:$H,2,FALSE)),"") | AT46: =IFERROR(IFERROR(VLOOKUP($C46&" "&AT$1,Results!$F:$H,3,FALSE),-VLOOKUP($C46&" "&AT$1,Results!$G:$H,2,FALSE)),"") | AU46: =IFERROR(IFERROR(VLOOKUP($C46&" "&AU$1,Results!$F:$H,3,FALSE),-VLOOKUP($C46&" "&AU$1,Results!$G:$H,2,FALSE)),"") | AV46: =IFERROR(IFERROR(VLOOKUP($C46&" "&AV$1,Results!$F:$H,3,FALSE),-VLOOKUP($C46&" "&AV$1,Results!$G:$H,2,FALSE)),"") | AW46: =IFERROR(IFERROR(VLOOKUP($C46&" "&AW$1,Results!$F:$H,3,FALSE),-VLOOKUP($C46&" "&AW$1,Results!$G:$H,2,FALSE)),"") | AX46: =IFERROR(IFERROR(VLOOKUP($C46&" "&AX$1,Results!$F:$H,3,FALSE),-VLOOKUP($C46&" "&AX$1,Results!$G:$H,2,FALSE)),"") | AY46: =IFERROR(IFERROR(VLOOKUP($C46&" "&AY$1,Results!$F:$H,3,FALSE),-VLOOKUP($C46&" "&AY$1,Results!$G:$H,2,FALSE)),"") | ... BV46: =IFERROR(IFERROR(VLOOKUP($C46&" "&BV$1,Results!$F:$H,3,FALSE),-VLOOKUP($C46&" "&BV$1,Results!$G:$H,2,FALSE)),"") | BW46: =SUM(U46:BS46) -> -239 | BX46: =COUNTIF(E46:J46,1) -> 4 | BY46: =COUNTIF(E46:J46,0) -> 1 | BZ46: =COUNT(E46:J46) -> 5 | CA46: =+BX46/BZ46 -> 0.8 | CC46: =SUM(U46:BT46) -> -239 | CE46: 45 | CF46: =A46 -> 45 | CG46: =+CE46-CF46 -> 0
A47: 44 | B47: 44 | C47: Crooked Creek | E47: =IF(AND(BN47>0,$A47<VLOOKUP(BN$1,$C:$L,10,FALSE)),1,IF(AND(BN47<0,$A47>VLOOKUP(BN$1,$C:$L,10,FALSE)),1,0)) -> 0 | F47: =IF(AND(BO47>0,$A47<VLOOKUP(BO$1,$C:$L,10,FALSE)),1,IF(AND(BO47<0,$A47>VLOOKUP(BO$1,$C:$L,10,FALSE)),1,0)) -> 0 | G47: =IF(AND(BP47>0,$A47<VLOOKUP(BP$1,$C:$L,10,FALSE)),1,IF(AND(BP47<0,$A47>VLOOKUP(BP$1,$C:$L,10,FALSE)),1,0)) -> 1 | H47: =IF(AND(BR47>0,$A47<VLOOKUP(BR$1,$C:$L,10,FALSE)),1,IF(AND(BR47<0,$A47>VLOOKUP(BR$1,$C:$L,10,FALSE)),1,0)) -> 0 | I47: =IF(AND(BS47>0,$A47<VLOOKUP(BS$1,$C:$L,10,FALSE)),1,IF(AND(BS47<0,$A47>VLOOKUP(BS$1,$C:$L,10,FALSE)),1,0)) -> 1 | J47: BYE | K47: Updated | L47: =B47 -> 44 | M47: 11 | N47: =COUNTIF($U47:$BU47,">0") -> 2 | O47: =COUNTIF($U47:$BU47,"<0") -> 3 | P47: =COUNTIF($U47:$BU47,"=0") -> 0 | Q47: =COUNTIF($BL47:$BO47,">0") -> 2 | R47: =COUNTIF($BL47:$BO47,"<0") -> 1 | S47: =COUNTIF($BL47:$BO47,"=0") -> 0 | T47: =COUNTIF(U47:BU47,"NC") -> 0 | AR47: =IFERROR(IFERROR(VLOOKUP($C47&" "&AR$1,Results!$F:$H,3,FALSE),-VLOOKUP($C47&" "&AR$1,Results!$G:$H,2,FALSE)),"") | AS47: =IFERROR(IFERROR(VLOOKUP($C47&" "&AS$1,Results!$F:$H,3,FALSE),-VLOOKUP($C47&" "&AS$1,Results!$G:$H,2,FALSE)),"") | AT47: =IFERROR(IFERROR(VLOOKUP($C47&" "&AT$1,Results!$F:$H,3,FALSE),-VLOOKUP($C47&" "&AT$1,Results!$G:$H,2,FALSE)),"") | AU47: =IFERROR(IFERROR(VLOOKUP($C47&" "&AU$1,Results!$F:$H,3,FALSE),-VLOOKUP($C47&" "&AU$1,Results!$G:$H,2,FALSE)),"") | AV47: =IFERROR(IFERROR(VLOOKUP($C47&" "&AV$1,Results!$F:$H,3,FALSE),-VLOOKUP($C47&" "&AV$1,Results!$G:$H,2,FALSE)),"") | AW47: =IFERROR(IFERROR(VLOOKUP($C47&" "&AW$1,Results!$F:$H,3,FALSE),-VLOOKUP($C47&" "&AW$1,Results!$G:$H,2,FALSE)),"") | AX47: =IFERROR(IFERROR(VLOOKUP($C47&" "&AX$1,Results!$F:$H,3,FALSE),-VLOOKUP($C47&" "&AX$1,Results!$G:$H,2,FALSE)),"") | AY47: =IFERROR(IFERROR(VLOOKUP($C47&" "&AY$1,Results!$F:$H,3,FALSE),-VLOOKUP($C47&" "&AY$1,Results!$G:$H,2,FALSE)),"") | ... BV47: =IFERROR(IFERROR(VLOOKUP($C47&" "&BV$1,Results!$F:$H,3,FALSE),-VLOOKUP($C47&" "&BV$1,Results!$G:$H,2,FALSE)),"") -> 242 | BW47: =SUM(U47:BS47) -> -305 | BX47: =COUNTIF(E47:J47,1) -> 2 | BY47: =COUNTIF(E47:J47,0) -> 3 | BZ47: =COUNT(E47:J47) -> 5 | CA47: =+BX47/BZ47 -> 0.4 | CC47: =SUM(U47:BT47) -> -305 | CE47: 47 | CF47: =A47 -> 44 | CG47: =+CE47-CF47 -> 3
A48: 43 | B48: 45 | C48: Charleston Village | E48: =IF(AND(BI48>0,$A48<VLOOKUP(BI$1,$C:$L,10,FALSE)),1,IF(AND(BI48<0,$A48>VLOOKUP(BI$1,$C:$L,10,FALSE)),1,0)) -> 0 | F48: =IF(AND(BJ48>0,$A48<VLOOKUP(BJ$1,$C:$L,10,FALSE)),1,IF(AND(BJ48<0,$A48>VLOOKUP(BJ$1,$C:$L,10,FALSE)),1,0)) -> 0 | G48: =IF(AND(BM48>0,$A48<VLOOKUP(BM$1,$C:$L,10,FALSE)),1,IF(AND(BM48<0,$A48>VLOOKUP(BM$1,$C:$L,10,FALSE)),1,0)) -> 0 | H48: =IF(AND(BN48>0,$A48<VLOOKUP(BN$1,$C:$L,10,FALSE)),1,IF(AND(BN48<0,$A48>VLOOKUP(BN$1,$C:$L,10,FALSE)),1,0)) -> 0 | I48: =IF(AND(BO48>0,$A48<VLOOKUP(BO$1,$C:$L,10,FALSE)),1,IF(AND(BO48<0,$A48>VLOOKUP(BO$1,$C:$L,10,FALSE)),1,0)) -> 1 | J48: =IF(AND(BR48>0,$A48<VLOOKUP(BR$1,$C:$L,10,FALSE)),1,IF(AND(BR48<0,$A48>VLOOKUP(BR$1,$C:$L,10,FALSE)),1,0)) -> 1 | K48: Updated | L48: =B48 -> 45 | M48: 12 | N48: =COUNTIF($U48:$BU48,">0") -> 4 | O48: =COUNTIF($U48:$BV48,"<0") -> 1 | P48: =COUNTIF($U48:$BV48,"=0") -> 0 | Q48: =COUNTIF($BP48:$BR48,">0") -> 1 | R48: =COUNTIF($BP48:$BR48,"<0") -> 1 | S48: =COUNTIF($BP48:$BR48,"=0") -> 0 | T48: =COUNTIF(U48:BU48,"NC") -> 0 | AR48: =IFERROR(IFERROR(VLOOKUP($C48&" "&AR$1,Results!$F:$H,3,FALSE),-VLOOKUP($C48&" "&AR$1,Results!$G:$H,2,FALSE)),"") | AS48: =IFERROR(IFERROR(VLOOKUP($C48&" "&AS$1,Results!$F:$H,3,FALSE),-VLOOKUP($C48&" "&AS$1,Results!$G:$H,2,FALSE)),"") | AT48: =IFERROR(IFERROR(VLOOKUP($C48&" "&AT$1,Results!$F:$H,3,FALSE),-VLOOKUP($C48&" "&AT$1,Results!$G:$H,2,FALSE)),"") | AU48: =IFERROR(IFERROR(VLOOKUP($C48&" "&AU$1,Results!$F:$H,3,FALSE),-VLOOKUP($C48&" "&AU$1,Results!$G:$H,2,FALSE)),"") | AV48: =IFERROR(IFERROR(VLOOKUP($C48&" "&AV$1,Results!$F:$H,3,FALSE),-VLOOKUP($C48&" "&AV$1,Results!$G:$H,2,FALSE)),"") | AW48: =IFERROR(IFERROR(VLOOKUP($C48&" "&AW$1,Results!$F:$H,3,FALSE),-VLOOKUP($C48&" "&AW$1,Results!$G:$H,2,FALSE)),"") | AX48: =IFERROR(IFERROR(VLOOKUP($C48&" "&AX$1,Results!$F:$H,3,FALSE),-VLOOKUP($C48&" "&AX$1,Results!$G:$H,2,FALSE)),"") | AY48: =IFERROR(IFERROR(VLOOKUP($C48&" "&AY$1,Results!$F:$H,3,FALSE),-VLOOKUP($C48&" "&AY$1,Results!$G:$H,2,FALSE)),"") | ... BT48: =IFERROR(IFERROR(VLOOKUP($C48&" "&BT$1,Results!$F:$H,3,FALSE),-VLOOKUP($C48&" "&BT$1,Results!$G:$H,2,FALSE)),"") -> 170 | BW48: =SUM(U48:BS48) -> 187 | BX48: =COUNTIF(E48:J48,1) -> 2 | BY48: =COUNTIF(E48:J48,0) -> 4 | BZ48: =COUNT(E48:J48) -> 6 | CA48: =+BX48/BZ48 -> 0.33333333 | CC48: =SUM(U48:BT48) -> 357 | CE48: 44 | CF48: =A48 -> 43 | CG48: =+CE48-CF48 -> 1
A49: 41 | B49: 46 | C49: Arbor Creek | E49: =IF(AND(BM49>0,$A49<VLOOKUP(BM$1,$C:$L,10,FALSE)),1,IF(AND(BM49<0,$A49>VLOOKUP(BM$1,$C:$L,10,FALSE)),1,0)) -> 1 | F49: =IF(AND(BN49>0,$A49<VLOOKUP(BN$1,$C:$L,10,FALSE)),1,IF(AND(BN49<0,$A49>VLOOKUP(BN$1,$C:$L,10,FALSE)),1,0)) -> 1 | G49: =IF(AND(BQ49>0,$A49<VLOOKUP(BQ$1,$C:$L,10,FALSE)),1,IF(AND(BQ49<0,$A49>VLOOKUP(BQ$1,$C:$L,10,FALSE)),1,0)) -> 1 | H49: =IF(AND(BR49>0,$A49<VLOOKUP(BR$1,$C:$L,10,FALSE)),1,IF(AND(BR49<0,$A49>VLOOKUP(BR$1,$C:$L,10,FALSE)),1,0)) -> 1 | I49: BYE | J49: =IF(AND(BT49>0,$A49<VLOOKUP(BT$1,$C:$L,10,FALSE)),1,IF(AND(BT49<0,$A49>VLOOKUP(BT$1,$C:$L,10,FALSE)),1,0)) -> 1 | K49: Updated | L49: =B49 -> 46 | M49: 12 | N49: =COUNTIF($U49:$BU49,">0") -> 4 | O49: =COUNTIF($U49:$BU49,"<0") -> 1 | P49: =COUNTIF($U49:$BU49,"=0") -> 0 | Q49: =COUNTIF($BP49:$BR49,">0") -> 2 | R49: =COUNTIF($BP49:$BR49,"<0") -> 0 | S49: =COUNTIF($BP49:$BR49,"=0") -> 0 | T49: =COUNTIF(U49:BU49,"NC") -> 0 | AR49: =IFERROR(IFERROR(VLOOKUP($C49&" "&AR$1,Results!$F:$H,3,FALSE),-VLOOKUP($C49&" "&AR$1,Results!$G:$H,2,FALSE)),"") | AS49: =IFERROR(IFERROR(VLOOKUP($C49&" "&AS$1,Results!$F:$H,3,FALSE),-VLOOKUP($C49&" "&AS$1,Results!$G:$H,2,FALSE)),"") | AT49: =IFERROR(IFERROR(VLOOKUP($C49&" "&AT$1,Results!$F:$H,3,FALSE),-VLOOKUP($C49&" "&AT$1,Results!$G:$H,2,FALSE)),"") | AU49: =IFERROR(IFERROR(VLOOKUP($C49&" "&AU$1,Results!$F:$H,3,FALSE),-VLOOKUP($C49&" "&AU$1,Results!$G:$H,2,FALSE)),"") | AV49: =IFERROR(IFERROR(VLOOKUP($C49&" "&AV$1,Results!$F:$H,3,FALSE),-VLOOKUP($C49&" "&AV$1,Results!$G:$H,2,FALSE)),"") | AW49: =IFERROR(IFERROR(VLOOKUP($C49&" "&AW$1,Results!$F:$H,3,FALSE),-VLOOKUP($C49&" "&AW$1,Results!$G:$H,2,FALSE)),"") | AX49: =IFERROR(IFERROR(VLOOKUP($C49&" "&AX$1,Results!$F:$H,3,FALSE),-VLOOKUP($C49&" "&AX$1,Results!$G:$H,2,FALSE)),"") | AY49: =IFERROR(IFERROR(VLOOKUP($C49&" "&AY$1,Results!$F:$H,3,FALSE),-VLOOKUP($C49&" "&AY$1,Results!$G:$H,2,FALSE)),"") | ... BV49: =IFERROR(IFERROR(VLOOKUP($C49&" "&BV$1,Results!$F:$H,3,FALSE),-VLOOKUP($C49&" "&BV$1,Results!$G:$H,2,FALSE)),"") -> 1 | BW49: =SUM(U49:BS49) -> 254 | BX49: =COUNTIF(E49:J49,1) -> 5 | BY49: =COUNTIF(E49:J49,0) -> 0 | BZ49: =COUNT(E49:J49) -> 5 | CA49: =+BX49/BZ49 -> 1 | CC49: =SUM(U49:BT49) -> 321 | CE49: 49 | CF49: =A49 -> 41 | CG49: =+CE49-CF49 -> 8
A50: 46 | B50: 47 | C50: Devereaux | E50: =IF(AND(BM50>0,$A50<VLOOKUP(BM$1,$C:$L,10,FALSE)),1,IF(AND(BM50<0,$A50>VLOOKUP(BM$1,$C:$L,10,FALSE)),1,0)) -> 0 | F50: BYE | G50: =IF(AND(BO50>0,$A50<VLOOKUP(BO$1,$C:$L,10,FALSE)),1,IF(AND(BO50<0,$A50>VLOOKUP(BO$1,$C:$L,10,FALSE)),1,0)) -> 0 | H50: =IF(AND(BQ50>0,$A50<VLOOKUP(BQ$1,$C:$L,10,FALSE)),1,IF(AND(BQ50<0,$A50>VLOOKUP(BQ$1,$C:$L,10,FALSE)),1,0)) -> 0 | I50: =IF(AND(BR50>0,$A50<VLOOKUP(BR$1,$C:$L,10,FALSE)),1,IF(AND(BR50<0,$A50>VLOOKUP(BR$1,$C:$L,10,FALSE)),1,0)) -> 1 | J50: =IF(AND(BT50>0,$A50<VLOOKUP(BT$1,$C:$L,10,FALSE)),1,IF(AND(BT50<0,$A50>VLOOKUP(BT$1,$C:$L,10,FALSE)),1,0)) -> 1 | K50: Updated | L50: =B50 -> 47 | M50: 12 | N50: =COUNTIF($U50:$BU50,">0") -> 4 | O50: =COUNTIF($U50:$BV50,"<0") -> 2 | P50: =COUNTIF($U50:$BV50,"=0") -> 0 | Q50: =COUNTIF($BP50:$BR50,">0") -> 0 | R50: =COUNTIF($BP50:$BR50,"<0") -> 2 | S50: =COUNTIF($BP50:$BR50,"=0") -> 0 | T50: =COUNTIF(U50:BU50,"NC") -> 0 | AR50: =IFERROR(IFERROR(VLOOKUP($C50&" "&AR$1,Results!$F:$H,3,FALSE),-VLOOKUP($C50&" "&AR$1,Results!$G:$H,2,FALSE)),"") | AS50: =IFERROR(IFERROR(VLOOKUP($C50&" "&AS$1,Results!$F:$H,3,FALSE),-VLOOKUP($C50&" "&AS$1,Results!$G:$H,2,FALSE)),"") | AT50: =IFERROR(IFERROR(VLOOKUP($C50&" "&AT$1,Results!$F:$H,3,FALSE),-VLOOKUP($C50&" "&AT$1,Results!$G:$H,2,FALSE)),"") | AU50: =IFERROR(IFERROR(VLOOKUP($C50&" "&AU$1,Results!$F:$H,3,FALSE),-VLOOKUP($C50&" "&AU$1,Results!$G:$H,2,FALSE)),"") | AV50: =IFERROR(IFERROR(VLOOKUP($C50&" "&AV$1,Results!$F:$H,3,FALSE),-VLOOKUP($C50&" "&AV$1,Results!$G:$H,2,FALSE)),"") | AW50: =IFERROR(IFERROR(VLOOKUP($C50&" "&AW$1,Results!$F:$H,3,FALSE),-VLOOKUP($C50&" "&AW$1,Results!$G:$H,2,FALSE)),"") | AX50: =IFERROR(IFERROR(VLOOKUP($C50&" "&AX$1,Results!$F:$H,3,FALSE),-VLOOKUP($C50&" "&AX$1,Results!$G:$H,2,FALSE)),"") | AY50: =IFERROR(IFERROR(VLOOKUP($C50&" "&AY$1,Results!$F:$H,3,FALSE),-VLOOKUP($C50&" "&AY$1,Results!$G:$H,2,FALSE)),"") | ... BV50: =IFERROR(IFERROR(VLOOKUP($C50&" "&BV$1,Results!$F:$H,3,FALSE),-VLOOKUP($C50&" "&BV$1,Results!$G:$H,2,FALSE)),"") | BW50: =SUM(U50:BS50) -> -58 | BX50: =COUNTIF(E50:J50,1) -> 2 | BY50: =COUNTIF(E50:J50,0) -> 3 | BZ50: =COUNT(E50:J50) -> 5 | CA50: =+BX50/BZ50 -> 0.4 | CC50: =SUM(U50:BT50) -> -33 | CE50: 46 | CF50: =A50 -> 46 | CG50: =+CE50-CF50 -> 0
A51: 47 | B51: 48 | C51: Wellington Park | E51: =IF(AND(BK51>0,$A51<VLOOKUP(BK$1,$C:$L,10,FALSE)),1,IF(AND(BK51<0,$A51>VLOOKUP(BK$1,$C:$L,10,FALSE)),1,0)) -> 0 | F51: =IF(AND(BN51>0,$A51<VLOOKUP(BN$1,$C:$L,10,FALSE)),1,IF(AND(BN51<0,$A51>VLOOKUP(BN$1,$C:$L,10,FALSE)),1,0)) -> 1 | G51: =IF(AND(BO51>0,$A51<VLOOKUP(BO$1,$C:$L,10,FALSE)),1,IF(AND(BO51<0,$A51>VLOOKUP(BO$1,$C:$L,10,FALSE)),1,0)) -> 0 | H51: =IF(AND(BP51>0,$A51<VLOOKUP(BP$1,$C:$L,10,FALSE)),1,IF(AND(BP51<0,$A51>VLOOKUP(BP$1,$C:$L,10,FALSE)),1,0)) -> 1 | I51: =IF(AND(BS51>0,$A51<VLOOKUP(BS$1,$C:$L,10,FALSE)),1,IF(AND(BS51<0,$A51>VLOOKUP(BS$1,$C:$L,10,FALSE)),1,0)) -> 1 | J51: BYE | K51: Updated | L51: =B51 -> 48 | M51: 13 | N51: =COUNTIF($U51:$BV51,">0") -> 3 | O51: =COUNTIF($U51:$BU51,"<0") -> 3 | P51: =COUNTIF($U51:$BU51,"=0") -> 0 | Q51: =COUNTIF($BS51:$BT51,">0") -> 1 | R51: =COUNTIF($BS51:$BT51,"<0") -> 0 | S51: =COUNTIF($BS51:$BU51,"=0") -> 0 | T51: =COUNTIF(U51:BU51,"NC") -> 0 | AR51: =IFERROR(IFERROR(VLOOKUP($C51&" "&AR$1,Results!$F:$H,3,FALSE),-VLOOKUP($C51&" "&AR$1,Results!$G:$H,2,FALSE)),"") | AS51: =IFERROR(IFERROR(VLOOKUP($C51&" "&AS$1,Results!$F:$H,3,FALSE),-VLOOKUP($C51&" "&AS$1,Results!$G:$H,2,FALSE)),"") | AT51: =IFERROR(IFERROR(VLOOKUP($C51&" "&AT$1,Results!$F:$H,3,FALSE),-VLOOKUP($C51&" "&AT$1,Results!$G:$H,2,FALSE)),"") | AU51: =IFERROR(IFERROR(VLOOKUP($C51&" "&AU$1,Results!$F:$H,3,FALSE),-VLOOKUP($C51&" "&AU$1,Results!$G:$H,2,FALSE)),"") | AV51: =IFERROR(IFERROR(VLOOKUP($C51&" "&AV$1,Results!$F:$H,3,FALSE),-VLOOKUP($C51&" "&AV$1,Results!$G:$H,2,FALSE)),"") | AW51: =IFERROR(IFERROR(VLOOKUP($C51&" "&AW$1,Results!$F:$H,3,FALSE),-VLOOKUP($C51&" "&AW$1,Results!$G:$H,2,FALSE)),"") | AX51: =IFERROR(IFERROR(VLOOKUP($C51&" "&AX$1,Results!$F:$H,3,FALSE),-VLOOKUP($C51&" "&AX$1,Results!$G:$H,2,FALSE)),"") | AY51: =IFERROR(IFERROR(VLOOKUP($C51&" "&AY$1,Results!$F:$H,3,FALSE),-VLOOKUP($C51&" "&AY$1,Results!$G:$H,2,FALSE)),"") | ... BV51: =IFERROR(IFERROR(VLOOKUP($C51&" "&BV$1,Results!$F:$H,3,FALSE),-VLOOKUP($C51&" "&BV$1,Results!$G:$H,2,FALSE)),"") | BW51: =SUM(U51:BS51) -> -156 | BX51: =COUNTIF(F51:J51,1) -> 3 | BY51: =COUNTIF(E51:J51,0) -> 2 | BZ51: =COUNT(E51:J51) -> 5 | CA51: =+BX51/BZ51 -> 0.6 | CC51: =SUM(U51:BT51) -> -118 | CE51: 43 | CF51: =A51 -> 47 | CG51: =+CE51-CF51 -> -4
A52: 49 | B52: 49 | C52: Renaissance Park | E52: =IF(AND(BN52>0,$A52<VLOOKUP(BN$1,$C:$L,10,FALSE)),1,IF(AND(BN52<0,$A52>VLOOKUP(BN$1,$C:$L,10,FALSE)),1,0)) -> 0 | F52: =IF(AND(BO52>0,$A52<VLOOKUP(BO$1,$C:$L,10,FALSE)),1,IF(AND(BO52<0,$A52>VLOOKUP(BO$1,$C:$L,10,FALSE)),1,0)) -> 0 | G52: =IF(AND(BP52>0,$A52<VLOOKUP(BP$1,$C:$L,10,FALSE)),1,IF(AND(BP52<0,$A52>VLOOKUP(BP$1,$C:$L,10,FALSE)),1,0)) -> 1 | H52: =IF(AND(BR52>0,$A52<VLOOKUP(BR$1,$C:$L,10,FALSE)),1,IF(AND(BR52<0,$A52>VLOOKUP(BR$1,$C:$L,10,FALSE)),1,0)) -> 1 | I52: =IF(AND(BS52>0,$A52<VLOOKUP(BS$1,$C:$L,10,FALSE)),1,IF(AND(BS52<0,$A52>VLOOKUP(BS$1,$C:$L,10,FALSE)),1,0)) -> 1 | J52: BYE | K52: Updated | L52: =B52 -> 49 | M52: 13 | N52: =COUNTIF($U52:$BV52,">0") -> 1 | O52: =COUNTIF($U52:$BV52,"<0") -> 4 | P52: =COUNTIF($U52:$BV52,"=0") -> 0 | Q52: =COUNTIF($BS52:$BU52,">0") -> 0 | R52: =COUNTIF($BS52:$BU52,"<0") -> 1 | S52: =COUNTIF($BS52:$BT52,"=0") -> 0 | T52: =COUNTIF(U52:BU52,"NC") -> 0 | AR52: =IFERROR(IFERROR(VLOOKUP($C52&" "&AR$1,Results!$F:$H,3,FALSE),-VLOOKUP($C52&" "&AR$1,Results!$G:$H,2,FALSE)),"") | AS52: =IFERROR(IFERROR(VLOOKUP($C52&" "&AS$1,Results!$F:$H,3,FALSE),-VLOOKUP($C52&" "&AS$1,Results!$G:$H,2,FALSE)),"") | AT52: =IFERROR(IFERROR(VLOOKUP($C52&" "&AT$1,Results!$F:$H,3,FALSE),-VLOOKUP($C52&" "&AT$1,Results!$G:$H,2,FALSE)),"") | AU52: =IFERROR(IFERROR(VLOOKUP($C52&" "&AU$1,Results!$F:$H,3,FALSE),-VLOOKUP($C52&" "&AU$1,Results!$G:$H,2,FALSE)),"") | AV52: =IFERROR(IFERROR(VLOOKUP($C52&" "&AV$1,Results!$F:$H,3,FALSE),-VLOOKUP($C52&" "&AV$1,Results!$G:$H,2,FALSE)),"") | AW52: =IFERROR(IFERROR(VLOOKUP($C52&" "&AW$1,Results!$F:$H,3,FALSE),-VLOOKUP($C52&" "&AW$1,Results!$G:$H,2,FALSE)),"") | AX52: =IFERROR(IFERROR(VLOOKUP($C52&" "&AX$1,Results!$F:$H,3,FALSE),-VLOOKUP($C52&" "&AX$1,Results!$G:$H,2,FALSE)),"") | AY52: =IFERROR(IFERROR(VLOOKUP($C52&" "&AY$1,Results!$F:$H,3,FALSE),-VLOOKUP($C52&" "&AY$1,Results!$G:$H,2,FALSE)),"") | ... BV52: =IFERROR(IFERROR(VLOOKUP($C52&" "&BV$1,Results!$F:$H,3,FALSE),-VLOOKUP($C52&" "&BV$1,Results!$G:$H,2,FALSE)),"") | BW52: =SUM(U52:BS52) -> -249 | BX52: =COUNTIF(E52:J52,1) -> 3 | BY52: =COUNTIF(E52:J52,0) -> 2 | BZ52: =COUNT(E52:J52) -> 5 | CA52: =+BX52/BZ52 -> 0.6 | CC52: =SUM(U52:BT52) -> -249 | CE52: 50 | CF52: =A52 -> 49 | CG52: =+CE52-CF52 -> 1
A53: 50 | B53: 50 | C53: Breckenridge | E53: =IF(AND(AN53>0,$A53<VLOOKUP(AN$1,$C:$L,10,FALSE)),1,IF(AND(AN53<0,$A53>VLOOKUP(AN$1,$C:$L,10,FALSE)),1,0)) -> 0 | F53: =IF(AND(AO53>0,$A53<VLOOKUP(AO$1,$C:$L,10,FALSE)),1,IF(AND(AO53<0,$A53>VLOOKUP(AO$1,$C:$L,10,FALSE)),1,0)) -> 0 | G53: =IF(AND(AP53>0,$A53<VLOOKUP(AP$1,$C:$L,10,FALSE)),1,IF(AND(AP53<0,$A53>VLOOKUP(AP$1,$C:$L,10,FALSE)),1,0)) -> 0 | H53: =IF(AND(AR53>0,$A53<VLOOKUP(AR$1,$C:$L,10,FALSE)),1,IF(AND(AR53<0,$A53>VLOOKUP(AR$1,$C:$L,10,FALSE)),1,0)) -> 0 | I53: =IF(AND(AS53>0,$A53<VLOOKUP(AS$1,$C:$L,10,FALSE)),1,IF(AND(AS53<0,$A53>VLOOKUP(AS$1,$C:$L,10,FALSE)),1,0)) -> 0 | J53: =IF(AND(AT53>0,$A53<VLOOKUP(AT$1,$C:$L,10,FALSE)),1,IF(AND(AT53<0,$A53>VLOOKUP(AT$1,$C:$L,10,FALSE)),1,0)) -> 0 | K53: Updated | L53: =B53 -> 50 | M53: 14 | N53: =COUNTIF($U53:$BT53,">0") -> 0 | O53: =COUNTIF($U53:$BT53,"<0") -> 3 | P53: =COUNTIF($U53:$BT53,"=0") -> 0 | Q53: =COUNTIF($AN53:$AQ53,">0") -> 0 | R53: =COUNTIF($AN53:$AQ53,"<0") -> 0 | S53: =COUNTIF($AN53:$AQ53,"=0") -> 0 | T53: =COUNTIF(U53:BU53,"NC") -> 0 | AF53: =IFERROR(IFERROR(VLOOKUP($C53&" "&AF$1,Results!$F:$H,3,FALSE),-VLOOKUP($C53&" "&AF$1,Results!$G:$H,2,FALSE)),"") | AG53: =IFERROR(IFERROR(VLOOKUP($C53&" "&AG$1,Results!$F:$H,3,FALSE),-VLOOKUP($C53&" "&AG$1,Results!$G:$H,2,FALSE)),"") | AH53: =IFERROR(IFERROR(VLOOKUP($C53&" "&AH$1,Results!$F:$H,3,FALSE),-VLOOKUP($C53&" "&AH$1,Results!$G:$H,2,FALSE)),"") | AI53: =IFERROR(IFERROR(VLOOKUP($C53&" "&AI$1,Results!$F:$H,3,FALSE),-VLOOKUP($C53&" "&AI$1,Results!$G:$H,2,FALSE)),"") | AJ53: =IFERROR(IFERROR(VLOOKUP($C53&" "&AJ$1,Results!$F:$H,3,FALSE),-VLOOKUP($C53&" "&AJ$1,Results!$G:$H,2,FALSE)),"") | AK53: =IFERROR(IFERROR(VLOOKUP($C53&" "&AK$1,Results!$F:$H,3,FALSE),-VLOOKUP($C53&" "&AK$1,Results!$G:$H,2,FALSE)),"") | AL53: =IFERROR(IFERROR(VLOOKUP($C53&" "&AL$1,Results!$F:$H,3,FALSE),-VLOOKUP($C53&" "&AL$1,Results!$G:$H,2,FALSE)),"") | AM53: =IFERROR(IFERROR(VLOOKUP($C53&" "&AM$1,Results!$F:$H,3,FALSE),-VLOOKUP($C53&" "&AM$1,Results!$G:$H,2,FALSE)),"") | ... BC53: =IFERROR(IFERROR(VLOOKUP($C53&" "&BC$1,Results!$F:$H,3,FALSE),-VLOOKUP($C53&" "&BC$1,Results!$G:$H,2,FALSE)),"") | BL53: =IFERROR(IFERROR(VLOOKUP($C53&" "&BL$1,Results!$F:$H,3,FALSE),-VLOOKUP($C53&" "&BL$1,Results!$G:$H,2,FALSE)),"") | BM53: =IFERROR(IFERROR(VLOOKUP($C53&" "&BM$1,Results!$F:$H,3,FALSE),-VLOOKUP($C53&" "&BM$1,Results!$G:$H,2,FALSE)),"") | BN53: =IFERROR(IFERROR(VLOOKUP($C53&" "&BN$1,Results!$F:$H,3,FALSE),-VLOOKUP($C53&" "&BN$1,Results!$G:$H,2,FALSE)),"") | BO53: =IFERROR(IFERROR(VLOOKUP($C53&" "&BO$1,Results!$F:$H,3,FALSE),-VLOOKUP($C53&" "&BO$1,Results!$G:$H,2,FALSE)),"") | BP53: =IFERROR(IFERROR(VLOOKUP($C53&" "&BP$1,Results!$F:$H,3,FALSE),-VLOOKUP($C53&" "&BP$1,Results!$G:$H,2,FALSE)),"") -> -301 | BQ53: =IFERROR(IFERROR(VLOOKUP($C53&" "&BQ$1,Results!$F:$H,3,FALSE),-VLOOKUP($C53&" "&BQ$1,Results!$G:$H,2,FALSE)),"") | BR53: =IFERROR(IFERROR(VLOOKUP($C53&" "&BR$1,Results!$F:$H,3,FALSE),-VLOOKUP($C53&" "&BR$1,Results!$G:$H,2,FALSE)),"") -> -133 | BS53: =IFERROR(IFERROR(VLOOKUP($C53&" "&BS$1,Results!$F:$H,3,FALSE),-VLOOKUP($C53&" "&BS$1,Results!$G:$H,2,FALSE)),"") -> -272 | ... BV53: =IFERROR(IFERROR(VLOOKUP($C53&" "&BV$1,Results!$F:$H,3,FALSE),-VLOOKUP($C53&" "&BV$1,Results!$G:$H,2,FALSE)),"") -> 124 | BW53: =SUM(U53:BS53) -> -706 | BX53: =COUNTIF(E53:J53,1) -> 0 | BY53: =COUNTIF(E53:J53,0) -> 6 | BZ53: =COUNT(E53:J53) -> 6 | CA53: =+BX53/BZ53 -> 0 | CC53: =SUM(U53:BT53) -> -706 | CE53: 16 | CF53: =A53 -> 50 | CG53: =+CE53-CF53 -> -34
A54: 51 | B54: 51 | C54: Sweetwater | E54: =IF(AND(AN54>0,$A54<VLOOKUP(AN$1,$C:$L,10,FALSE)),1,IF(AND(AN54<0,$A54>VLOOKUP(AN$1,$C:$L,10,FALSE)),1,0)) -> 0 | F54: =IF(AND(AO54>0,$A54<VLOOKUP(AO$1,$C:$L,10,FALSE)),1,IF(AND(AO54<0,$A54>VLOOKUP(AO$1,$C:$L,10,FALSE)),1,0)) -> 0 | G54: =IF(AND(AP54>0,$A54<VLOOKUP(AP$1,$C:$L,10,FALSE)),1,IF(AND(AP54<0,$A54>VLOOKUP(AP$1,$C:$L,10,FALSE)),1,0)) -> 0 | H54: =IF(AND(AR54>0,$A54<VLOOKUP(AR$1,$C:$L,10,FALSE)),1,IF(AND(AR54<0,$A54>VLOOKUP(AR$1,$C:$L,10,FALSE)),1,0)) -> 0 | I54: =IF(AND(AS54>0,$A54<VLOOKUP(AS$1,$C:$L,10,FALSE)),1,IF(AND(AS54<0,$A54>VLOOKUP(AS$1,$C:$L,10,FALSE)),1,0)) -> 0 | J54: =IF(AND(AT54>0,$A54<VLOOKUP(AT$1,$C:$L,10,FALSE)),1,IF(AND(AT54<0,$A54>VLOOKUP(AT$1,$C:$L,10,FALSE)),1,0)) -> 0 | K54: Updated | L54: =B54 -> 51 | M54: 14 | N54: =COUNTIF($U54:$BT54,">0") -> 0 | O54: =COUNTIF($U54:$BT54,"<0") -> 2 | P54: =COUNTIF($U54:$BT54,"=0") -> 0 | Q54: =COUNTIF($AN54:$AQ54,">0") -> 0 | R54: =COUNTIF($AN54:$AQ54,"<0") -> 0 | S54: =COUNTIF($AN54:$AQ54,"=0") -> 0 | T54: =COUNTIF(U54:BU54,"NC") -> 0 | AF54: =IFERROR(IFERROR(VLOOKUP($C54&" "&AF$1,Results!$F:$H,3,FALSE),-VLOOKUP($C54&" "&AF$1,Results!$G:$H,2,FALSE)),"") | AG54: =IFERROR(IFERROR(VLOOKUP($C54&" "&AG$1,Results!$F:$H,3,FALSE),-VLOOKUP($C54&" "&AG$1,Results!$G:$H,2,FALSE)),"") | AH54: =IFERROR(IFERROR(VLOOKUP($C54&" "&AH$1,Results!$F:$H,3,FALSE),-VLOOKUP($C54&" "&AH$1,Results!$G:$H,2,FALSE)),"") | AI54: =IFERROR(IFERROR(VLOOKUP($C54&" "&AI$1,Results!$F:$H,3,FALSE),-VLOOKUP($C54&" "&AI$1,Results!$G:$H,2,FALSE)),"") | AJ54: =IFERROR(IFERROR(VLOOKUP($C54&" "&AJ$1,Results!$F:$H,3,FALSE),-VLOOKUP($C54&" "&AJ$1,Results!$G:$H,2,FALSE)),"") | AK54: =IFERROR(IFERROR(VLOOKUP($C54&" "&AK$1,Results!$F:$H,3,FALSE),-VLOOKUP($C54&" "&AK$1,Results!$G:$H,2,FALSE)),"") | AL54: =IFERROR(IFERROR(VLOOKUP($C54&" "&AL$1,Results!$F:$H,3,FALSE),-VLOOKUP($C54&" "&AL$1,Results!$G:$H,2,FALSE)),"") | AM54: =IFERROR(IFERROR(VLOOKUP($C54&" "&AM$1,Results!$F:$H,3,FALSE),-VLOOKUP($C54&" "&AM$1,Results!$G:$H,2,FALSE)),"") | ... BC54: =IFERROR(IFERROR(VLOOKUP($C54&" "&BC$1,Results!$F:$H,3,FALSE),-VLOOKUP($C54&" "&BC$1,Results!$G:$H,2,FALSE)),"") | BL54: =IFERROR(IFERROR(VLOOKUP($C54&" "&BL$1,Results!$F:$H,3,FALSE),-VLOOKUP($C54&" "&BL$1,Results!$G:$H,2,FALSE)),"") | BM54: =IFERROR(IFERROR(VLOOKUP($C54&" "&BM$1,Results!$F:$H,3,FALSE),-VLOOKUP($C54&" "&BM$1,Results!$G:$H,2,FALSE)),"") | BN54: =IFERROR(IFERROR(VLOOKUP($C54&" "&BN$1,Results!$F:$H,3,FALSE),-VLOOKUP($C54&" "&BN$1,Results!$G:$H,2,FALSE)),"") | BO54: =IFERROR(IFERROR(VLOOKUP($C54&" "&BO$1,Results!$F:$H,3,FALSE),-VLOOKUP($C54&" "&BO$1,Results!$G:$H,2,FALSE)),"") -> -242 | BP54: =IFERROR(IFERROR(VLOOKUP($C54&" "&BP$1,Results!$F:$H,3,FALSE),-VLOOKUP($C54&" "&BP$1,Results!$G:$H,2,FALSE)),"") | BQ54: =IFERROR(IFERROR(VLOOKUP($C54&" "&BQ$1,Results!$F:$H,3,FALSE),-VLOOKUP($C54&" "&BQ$1,Results!$G:$H,2,FALSE)),"") -> -1 | BR54: =IFERROR(IFERROR(VLOOKUP($C54&" "&BR$1,Results!$F:$H,3,FALSE),-VLOOKUP($C54&" "&BR$1,Results!$G:$H,2,FALSE)),"") | BS54: =IFERROR(IFERROR(VLOOKUP($C54&" "&BS$1,Results!$F:$H,3,FALSE),-VLOOKUP($C54&" "&BS$1,Results!$G:$H,2,FALSE)),"") | ... BV54: =IFERROR(IFERROR(VLOOKUP($C54&" "&BV$1,Results!$F:$H,3,FALSE),-VLOOKUP($C54&" "&BV$1,Results!$G:$H,2,FALSE)),"") | BW54: =SUM(U54:BS54) -> -243 | BX54: =COUNTIF(E54:J54,1) -> 0 | BY54: =COUNTIF(E54:J54,0) -> 6 | BZ54: =COUNT(E54:J54) -> 6 | CA54: =+BX54/BZ54 -> 0 | CC54: =SUM(U54:BT54) -> -243 | CE54: 16 | CF54: =A54 -> 51 | CG54: =+CE54-CF54 -> -35
BX55: =SUM(BX4:BX53) -> 179 | BY55: =SUM(BY4:BY53) -> 105 | BZ55: =SUM(BZ4:BZ53) -> 286 | CA55: =COUNTIF(CA4:CA53,1) -> 11
BX56: =+BX55/BZ55 -> 0.62587413 | CA56: =COUNT(CA4:CA53) -> 50 | CE56: 89.2
CA57: =+CA55/CA56 -> 0.22
BX58: NOT Adjusted for Forfeits or ties
BX60: =BX55+North!BK43 -> 310 | BZ60: =BZ55+North!BM43 -> 508
BX61: =BX60/BZ60 -> 0.61023622

Sheet North
A1: =BK44 -> 0.59009009 | C1: =SUM(U4:BI41)+SUM(South!U4:W7) -> 0 | M1: 6 | N1: RECORDS | U1: =South!C4 -> Cary | V1: =South!C5 -> Scottish Hills | W1: =South!C6 -> Cary Park | X1: =C4 -> Seven Oaks | Y1: =C5 -> University Club | Z1: =C6 -> Greystone | AA1: =C7 -> Wood Valley | AB1: =C8 -> Granite Falls | AC1: =C9 -> Brier Creek | AD1: =C10 -> North Hills | AE1: =C11 -> North Raleigh | AF1: =C12 -> Bedford at Falls River | AG1: =C13 -> Greenway Club | AH1: =C14 -> Northbrook | AI1: =C15 -> Harrington Grove | AJ1: =C16 -> Lake Park | AK1: =C17 -> Riverwood | AL1: =C18 -> Quail Hollow | AM1: =C19 -> Stonebridge | AN1: =C20 -> Heritage of Wake Forest | AO1: =C21 -> Springdale | AP1: =C22 -> Hasentree | AQ1: =C23 -> Summerfield North | AR1: =C24 -> Durant Trails | AS1: =C25 -> Lifetime Raleigh | AT1: =C26 -> Oak Park | AU1: =C27 -> Manchester | AV1: =C28 -> Hedingham | AW1: =C29 -> Jewish Community Center | AX1: =C30 -> Meredith Townes | AY1: =C31 -> Lakemont | AZ1: =C32 -> Crabtree | BA1: =C33 -> Southall | BB1: =C34 -> Black Horse Run | BC1: =C35 -> Banbury Woods & Hunters Landing | BD1: =C36 -> Hawthorne | BE1: =C37 -> Wendell | BF1: =C38 -> Coachman's Trail | BG1: =C39 -> Raleigh Racquet | BH1: =C40 -> Zebulon | BI1: =C41 -> Planter's Walk
A2: =South!A2 -> 2026 | B2: =South!B2 -> 2025 | E2: Rank Justified by HTH result | L2: 2023 | N2: Overall | Q2: Division | U2: S1 | V2: S1 | W2: S1 | X2: 1 | Y2: 1 | Z2: 1 | AA2: 1 | AB2: 2 | AC2: 2 | AD2: 2 | AE2: 2 | AF2: 3 | AG2: 3 | AH2: 3 | AI2: 3 | AJ2: 4 | AK2: 4 | AL2: 4 | AM2: 4 | AN2: 5 | AO2: 5 | AP2: 5 | AQ2: 5 | AR2: 6 | AS2: 6 | AT2: 6 | AU2: 6 | AV2: 7 | AW2: 7 | AX2: 7 | AY2: 7 | AZ2: 8 | BA2: 8 | BB2: 8 | BC2: 8 | BD2: 9 | BE2: 9 | BF2: 9 | BG2: 10 | BH2: 10 | BI2: 10 | BK2: HTH | BL2: HTH | BM2: HTH
A3: Rank | B3: Rank | E3: Up 3 | F3: Up 2 | G3: Up 1 | H3: Dn 1 | I3: Dn 2 | J3: Dn 3 | L3: Rank | M3: Div | N3: W | O3: L | P3: T | Q3: W | R3: L | S3: T | T3: NC | BK3: Yes | BL3: No | BM3: Poss | BN3: Percent | BS3: SvS | BT3: Comm | BU3: Diff
A4: 1 | B4: 1 | C4: Seven Oaks | H4: =IF(AND(Y4>0,$A4<VLOOKUP(Y$1,$C:$L,10,FALSE)),1,IF(AND(Y4<0,$A4>VLOOKUP(Y$1,$C:$L,10,FALSE)),1,0)) -> 1 | I4: =IF(AND(Z4>0,$A4<VLOOKUP(Z$1,$C:$L,10,FALSE)),1,IF(AND(Z4<0,$A4>VLOOKUP(Z$1,$C:$L,10,FALSE)),1,0)) -> 1 | J4: =IF(AND(AA4>0,$A4<VLOOKUP(AA$1,$C:$L,10,FALSE)),1,IF(AND(AA4<0,$A4>VLOOKUP(AA$1,$C:$L,10,FALSE)),1,0)) -> 1 | K4: Updated | L4: =B4 -> 1 | M4: 1 | N4: =COUNTIF($U4:$BI4,">0") -> 6 | O4: =COUNTIF($U4:$BI4,"<0") -> 0 | P4: =COUNTIF($U4:$BI4,"=0") -> 0 | Q4: =COUNTIF($X4:$AA4,">0") -> 3 | R4: =COUNTIF($X4:$AA4,"<0") -> 0 | S4: =COUNTIF($X4:$AA4,"=0") -> 0 | T4: =COUNTIF(U4:BI4,"NC") -> 0 | U4: =IFERROR(IFERROR(VLOOKUP($C4&" "&U$1,Results!$F:$H,3,FALSE),-VLOOKUP($C4&" "&U$1,Results!$G:$H,2,FALSE)),"") -> 134 | V4: =IFERROR(IFERROR(VLOOKUP($C4&" "&V$1,Results!$F:$H,3,FALSE),-VLOOKUP($C4&" "&V$1,Results!$G:$H,2,FALSE)),"") -> 197 | W4: =IFERROR(IFERROR(VLOOKUP($C4&" "&W$1,Results!$F:$H,3,FALSE),-VLOOKUP($C4&" "&W$1,Results!$G:$H,2,FALSE)),"") -> 99 | X4: =IFERROR(IFERROR(VLOOKUP($C4&" "&X$1,Results!$F:$H,3,FALSE),-VLOOKUP($C4&" "&X$1,Results!$G:$H,2,FALSE)),"") | Y4: =IFERROR(IFERROR(VLOOKUP($C4&" "&Y$1,Results!$F:$H,3,FALSE),-VLOOKUP($C4&" "&Y$1,Results!$G:$H,2,FALSE)),"") -> 66 | Z4: =IFERROR(IFERROR(VLOOKUP($C4&" "&Z$1,Results!$F:$H,3,FALSE),-VLOOKUP($C4&" "&Z$1,Results!$G:$H,2,FALSE)),"") -> 173 | AA4: =IFERROR(IFERROR(VLOOKUP($C4&" "&AA$1,Results!$F:$H,3,FALSE),-VLOOKUP($C4&" "&AA$1,Results!$G:$H,2,FALSE)),"") -> 225 | AB4: =IFERROR(IFERROR(VLOOKUP($C4&" "&AB$1,Results!$F:$H,3,FALSE),-VLOOKUP($C4&" "&AB$1,Results!$G:$H,2,FALSE)),"") | ... AP4: =IFERROR(IFERROR(VLOOKUP($C4&" "&AP$1,Results!$F:$H,3,FALSE),-VLOOKUP($C4&" "&AP$1,Results!$G:$H,2,FALSE)),"") | AQ4: =IFERROR(IFERROR(VLOOKUP($C4&" "&AQ$1,Results!$F:$H,3,FALSE),-VLOOKUP($C4&" "&AQ$1,Results!$F:$H,2,FALSE)),"") | BJ4: =SUM(U4:BH4) -> 894 | BK4: =COUNTIF(E4:J4,1) -> 3 | BL4: =COUNTIF(E4:J4,0) -> 0 | BM4: =COUNT(E4:J4) -> 3 | BN4: =+BK4/BM4 -> 1 | BQ4: =SUM(U4:BI4) -> 894 | BS4: 1 | BT4: =A4 -> 1 | BU4: =+BS4-BT4 -> 0
A5: 2 | B5: 2 | C5: University Club | G5: =IF(AND(X5>0,$A5<VLOOKUP(X$1,$C:$L,10,FALSE)),1,IF(AND(X5<0,$A5>VLOOKUP(X$1,$C:$L,10,FALSE)),1,0)) -> 1 | H5: =IF(AND(Z5>0,$A5<VLOOKUP(Z$1,$C:$L,10,FALSE)),1,IF(AND(Z5<0,$A5>VLOOKUP(Z$1,$C:$L,10,FALSE)),1,0)) -> 1 | I5: =IF(AND(AA5>0,$A5<VLOOKUP(AA$1,$C:$L,10,FALSE)),1,IF(AND(AA5<0,$A5>VLOOKUP(AA$1,$C:$L,10,FALSE)),1,0)) -> 1 | J5: =IF(AND(AB5>0,$A5<VLOOKUP(AB$1,$C:$L,10,FALSE)),1,IF(AND(AB5<0,$A5>VLOOKUP(AB$1,$C:$L,10,FALSE)),1,0)) -> 1 | K5: Updated | L5: =B5 -> 2 | M5: 1 | N5: =COUNTIF($U5:$BI5,">0") -> 4 | O5: =COUNTIF($U5:$BI5,"<0") -> 2 | P5: =COUNTIF($U5:$BI5,"=0") -> 0 | Q5: =COUNTIF($X5:$AA5,">0") -> 2 | R5: =COUNTIF($X5:$AA5,"<0") -> 1 | S5: =COUNTIF($X5:$AA5,"=0") -> 0 | T5: =COUNTIF(U5:BI5,"NC") -> 0 | U5: =IFERROR(IFERROR(VLOOKUP($C5&" "&U$1,Results!$F:$H,3,FALSE),-VLOOKUP($C5&" "&U$1,Results!$G:$H,2,FALSE)),"") -> -13 | V5: =IFERROR(IFERROR(VLOOKUP($C5&" "&V$1,Results!$F:$H,3,FALSE),-VLOOKUP($C5&" "&V$1,Results!$G:$H,2,FALSE)),"") -> 102 | W5: =IFERROR(IFERROR(VLOOKUP($C5&" "&W$1,Results!$F:$H,3,FALSE),-VLOOKUP($C5&" "&W$1,Results!$G:$H,2,FALSE)),"") | X5: =IFERROR(IFERROR(VLOOKUP($C5&" "&X$1,Results!$F:$H,3,FALSE),-VLOOKUP($C5&" "&X$1,Results!$G:$H,2,FALSE)),"") -> -66 | Y5: =IFERROR(IFERROR(VLOOKUP($C5&" "&Y$1,Results!$F:$H,3,FALSE),-VLOOKUP($C5&" "&Y$1,Results!$G:$H,2,FALSE)),"") | Z5: =IFERROR(IFERROR(VLOOKUP($C5&" "&Z$1,Results!$F:$H,3,FALSE),-VLOOKUP($C5&" "&Z$1,Results!$G:$H,2,FALSE)),"") -> 80 | AA5: =IFERROR(IFERROR(VLOOKUP($C5&" "&AA$1,Results!$F:$H,3,FALSE),-VLOOKUP($C5&" "&AA$1,Results!$G:$H,2,FALSE)),"") -> 123 | AB5: =IFERROR(IFERROR(VLOOKUP($C5&" "&AB$1,Results!$F:$H,3,FALSE),-VLOOKUP($C5&" "&AB$1,Results!$G:$H,2,FALSE)),"") -> 14 | ... AP5: =IFERROR(IFERROR(VLOOKUP($C5&" "&AP$1,Results!$F:$H,3,FALSE),-VLOOKUP($C5&" "&AP$1,Results!$G:$H,2,FALSE)),"") | BJ5: =SUM(U5:BH5) -> 240 | BK5: =COUNTIF(E5:J5,1) -> 4 | BL5: =COUNTIF(E5:J5,0) -> 0 | BM5: =COUNT(E5:J5) -> 4 | BN5: =+BK5/BM5 -> 1 | BQ5: =SUM(U5:BI5) -> 240 | BS5: 2 | BT5: =A5 -> 2 | BU5: =+BS5-BT5 -> 0
A6: 4 | B6: 3 | C6: Greystone | E6: =IF(AND(Y6>0,$A6<VLOOKUP(Y$1,$C:$L,10,FALSE)),1,IF(AND(Y6<0,$A6>VLOOKUP(Y$1,$C:$L,10,FALSE)),1,0)) -> 1 | F6: =IF(AND(Z6>0,$A6<VLOOKUP(Z$1,$C:$L,10,FALSE)),1,IF(AND(Z6<0,$A6>VLOOKUP(Z$1,$C:$L,10,FALSE)),1,0)) -> 0 | G6: =IF(AND(AA6>0,$A6<VLOOKUP(AA$1,$C:$L,10,FALSE)),1,IF(AND(AA6<0,$A6>VLOOKUP(AA$1,$C:$L,10,FALSE)),1,0)) -> 0 | H6: =IF(AND(AC6>0,$A6<VLOOKUP(AC$1,$C:$L,10,FALSE)),1,IF(AND(AC6<0,$A6>VLOOKUP(AC$1,$C:$L,10,FALSE)),1,0)) -> 1 | I6: =IF(AND(AD6>0,$A6<VLOOKUP(AD$1,$C:$L,10,FALSE)),1,IF(AND(AD6<0,$A6>VLOOKUP(AD$1,$C:$L,10,FALSE)),1,0)) -> 1 | J6: =IF(AND(AE6>0,$A6<VLOOKUP(AE$1,$C:$L,10,FALSE)),1,IF(AND(AE6<0,$A6>VLOOKUP(AE$1,$C:$L,10,FALSE)),1,0)) -> 1 | K6: Updated | L6: =B6 -> 3 | M6: 1 | N6: =COUNTIF($U6:$BI6,">0") -> 2 | O6: =COUNTIF($U6:$BI6,"<0") -> 4 | P6: =COUNTIF($U6:$BI6,"=0") -> 0 | Q6: =COUNTIF($X6:$AA6,">0") -> 1 | R6: =COUNTIF($X6:$AA6,"<0") -> 2 | S6: =COUNTIF($X6:$AA6,"=0") -> 0 | T6: =COUNTIF(U6:BI6,"NC") -> 0 | U6: =IFERROR(IFERROR(VLOOKUP($C6&" "&U$1,Results!$F:$H,3,FALSE),-VLOOKUP($C6&" "&U$1,Results!$G:$H,2,FALSE)),"") -> -1 | V6: =IFERROR(IFERROR(VLOOKUP($C6&" "&V$1,Results!$F:$H,3,FALSE),-VLOOKUP($C6&" "&V$1,Results!$G:$H,2,FALSE)),"") | W6: =IFERROR(IFERROR(VLOOKUP($C6&" "&W$1,Results!$F:$H,3,FALSE),-VLOOKUP($C6&" "&W$1,Results!$G:$H,2,FALSE)),"") | X6: =IFERROR(IFERROR(VLOOKUP($C6&" "&X$1,Results!$F:$H,3,FALSE),-VLOOKUP($C6&" "&X$1,Results!$G:$H,2,FALSE)),"") -> -173 | Y6: =IFERROR(IFERROR(VLOOKUP($C6&" "&Y$1,Results!$F:$H,3,FALSE),-VLOOKUP($C6&" "&Y$1,Results!$G:$H,2,FALSE)),"") -> -80 | Z6: =IFERROR(IFERROR(VLOOKUP($C6&" "&Z$1,Results!$F:$H,3,FALSE),-VLOOKUP($C6&" "&Z$1,Results!$G:$H,2,FALSE)),"") | AA6: =IFERROR(IFERROR(VLOOKUP($C6&" "&AA$1,Results!$F:$H,3,FALSE),-VLOOKUP($C6&" "&AA$1,Results!$G:$H,2,FALSE)),"") -> 17 | AB6: =IFERROR(IFERROR(VLOOKUP($C6&" "&AB$1,Results!$F:$H,3,FALSE),-VLOOKUP($C6&" "&AB$1,Results!$G:$H,2,FALSE)),"") -> -98 | ... AP6: =IFERROR(IFERROR(VLOOKUP($C6&" "&AP$1,Results!$F:$H,3,FALSE),-VLOOKUP($C6&" "&AP$1,Results!$G:$H,2,FALSE)),"") | BJ6: =SUM(U6:BH6) -> -302 | BK6: =COUNTIF(E6:J6,1) -> 4 | BL6: =COUNTIF(E6:J6,0) -> 2 | BM6: =COUNT(E6:J6) -> 6 | BN6: =+BK6/BM6 -> 0.66666667 | BQ6: =SUM(U6:BI6) -> -302 | BS6: 3 | BT6: =A6 -> 4 | BU6: =+BS6-BT6 -> -1
A7: 9 | B7: 4 | C7: Wood Valley | E7: =IF(AND(Z7>0,$A7<VLOOKUP(Z$1,$C:$L,10,FALSE)),1,IF(AND(Z7<0,$A7>VLOOKUP(Z$1,$C:$L,10,FALSE)),1,0)) -> 1 | F7: =IF(AND(AA7>0,$A7<VLOOKUP(AA$1,$C:$L,10,FALSE)),1,IF(AND(AA7<0,$A7>VLOOKUP(AA$1,$C:$L,10,FALSE)),1,0)) -> 0 | G7: =IF(AND(AB7>0,$A7<VLOOKUP(AB$1,$C:$L,10,FALSE)),1,IF(AND(AB7<0,$A7>VLOOKUP(AB$1,$C:$L,10,FALSE)),1,0)) -> 1 | H7: =IF(AND(AD7>0,$A7<VLOOKUP(AD$1,$C:$L,10,FALSE)),1,IF(AND(AD7<0,$A7>VLOOKUP(AD$1,$C:$L,10,FALSE)),1,0)) -> 1 | I7: =IF(AND(AE7>0,$A7<VLOOKUP(AE$1,$C:$L,10,FALSE)),1,IF(AND(AE7<0,$A7>VLOOKUP(AE$1,$C:$L,10,FALSE)),1,0)) -> 0 | J7: =IF(AND(AF7>0,$A7<VLOOKUP(AF$1,$C:$L,10,FALSE)),1,IF(AND(AF7<0,$A7>VLOOKUP(AF$1,$C:$L,10,FALSE)),1,0)) -> 0 | K7: Updated | L7: =B7 -> 4 | M7: 1 | N7: =COUNTIF($U7:$BI7,">0") -> 0 | O7: =COUNTIF($U7:$BI7,"<0") -> 6 | P7: =COUNTIF($U7:$BI7,"=0") -> 0 | Q7: =COUNTIF($X7:$AA7,">0") -> 0 | R7: =COUNTIF($X7:$AA7,"<0") -> 3 | S7: =COUNTIF($X7:$AA7,"=0") -> 0 | T7: =COUNTIF(U7:BI7,"NC") -> 0 | U7: =IFERROR(IFERROR(VLOOKUP($C7&" "&U$1,Results!$F:$H,3,FALSE),-VLOOKUP($C7&" "&U$1,Results!$G:$H,2,FALSE)),"") | V7: =IFERROR(IFERROR(VLOOKUP($C7&" "&V$1,Results!$F:$H,3,FALSE),-VLOOKUP($C7&" "&V$1,Results!$G:$H,2,FALSE)),"") | W7: =IFERROR(IFERROR(VLOOKUP($C7&" "&W$1,Results!$F:$H,3,FALSE),-VLOOKUP($C7&" "&W$1,Results!$G:$H,2,FALSE)),"") | X7: =IFERROR(IFERROR(VLOOKUP($C7&" "&X$1,Results!$F:$H,3,FALSE),-VLOOKUP($C7&" "&X$1,Results!$G:$H,2,FALSE)),"") -> -225 | Y7: =IFERROR(IFERROR(VLOOKUP($C7&" "&Y$1,Results!$F:$H,3,FALSE),-VLOOKUP($C7&" "&Y$1,Results!$G:$H,2,FALSE)),"") -> -123 | Z7: =IFERROR(IFERROR(VLOOKUP($C7&" "&Z$1,Results!$F:$H,3,FALSE),-VLOOKUP($C7&" "&Z$1,Results!$G:$H,2,FALSE)),"") -> -17 | AA7: =IFERROR(IFERROR(VLOOKUP($C7&" "&AA$1,Results!$F:$H,3,FALSE),-VLOOKUP($C7&" "&AA$1,Results!$G:$H,2,FALSE)),"") | AB7: =IFERROR(IFERROR(VLOOKUP($C7&" "&AB$1,Results!$F:$H,3,FALSE),-VLOOKUP($C7&" "&AB$1,Results!$G:$H,2,FALSE)),"") -> -115 | ... AP7: =IFERROR(IFERROR(VLOOKUP($C7&" "&AP$1,Results!$F:$H,3,FALSE),-VLOOKUP($C7&" "&AP$1,Results!$G:$H,2,FALSE)),"") | BJ7: =SUM(U7:BH7) -> -575 | BK7: =COUNTIF(E7:J7,1) -> 3 | BL7: =COUNTIF(E7:J7,0) -> 3 | BM7: =COUNT(E7:J7) -> 6 | BN7: =+BK7/BM7 -> 0.5 | BQ7: =SUM(U7:BI7) -> -575 | BS7: 5 | BT7: =A7 -> 9 | BU7: =+BS7-BT7 -> -4
A8: 7 | B8: 5 | C8: Granite Falls | E8: =IF(AND(AA8>0,$A8<VLOOKUP(AA$1,$C:$L,10,FALSE)),1,IF(AND(AA8<0,$A8>VLOOKUP(AA$1,$C:$L,10,FALSE)),1,0)) -> 0 | F8: =IF(AND(AB8>0,$A8<VLOOKUP(AB$1,$C:$L,10,FALSE)),1,IF(AND(AB8<0,$A8>VLOOKUP(AB$1,$C:$L,10,FALSE)),1,0)) -> 0 | G8: =IF(AND(AC8>0,$A8<VLOOKUP(AC$1,$C:$L,10,FALSE)),1,IF(AND(AC8<0,$A8>VLOOKUP(AC$1,$C:$L,10,FALSE)),1,0)) -> 1 | H8: =IF(AND(AE8>0,$A8<VLOOKUP(AE$1,$C:$L,10,FALSE)),1,IF(AND(AE8<0,$A8>VLOOKUP(AE$1,$C:$L,10,FALSE)),1,0)) -> 0 | I8: =IF(AND(AF8>0,$A8<VLOOKUP(AF$1,$C:$L,10,FALSE)),1,IF(AND(AF8<0,$A8>VLOOKUP(AF$1,$C:$L,10,FALSE)),1,0)) -> 1 | J8: =IF(AND(AG8>0,$A8<VLOOKUP(AG$1,$C:$L,10,FALSE)),1,IF(AND(AG8<0,$A8>VLOOKUP(AG$1,$C:$L,10,FALSE)),1,0)) -> 1 | K8: Updated | L8: =B8 -> 5 | M8: 2 | N8: =COUNTIF($U8:$BI8,">0") -> 3 | O8: =COUNTIF($U8:$BI8,"<0") -> 3 | P8: =COUNTIF($U8:$BI8,"=0") -> 0 | Q8: =COUNTIF($AB8:$AE8,">0") -> 1 | R8: =COUNTIF($AB8:$AE8,"<0") -> 2 | S8: =COUNTIF($AB8:$AE8,"=0") -> 0 | T8: =COUNTIF(U8:BI8,"NC") -> 0 | U8: =IFERROR(IFERROR(VLOOKUP($C8&" "&U$1,Results!$F:$H,3,FALSE),-VLOOKUP($C8&" "&U$1,Results!$G:$H,2,FALSE)),"") | V8: =IFERROR(IFERROR(VLOOKUP($C8&" "&V$1,Results!$F:$H,3,FALSE),-VLOOKUP($C8&" "&V$1,Results!$G:$H,2,FALSE)),"") | W8: =IFERROR(IFERROR(VLOOKUP($C8&" "&W$1,Results!$F:$H,3,FALSE),-VLOOKUP($C8&" "&W$1,Results!$G:$H,2,FALSE)),"") | X8: =IFERROR(IFERROR(VLOOKUP($C8&" "&X$1,Results!$F:$H,3,FALSE),-VLOOKUP($C8&" "&X$1,Results!$G:$H,2,FALSE)),"") | Y8: =IFERROR(IFERROR(VLOOKUP($C8&" "&Y$1,Results!$F:$H,3,FALSE),-VLOOKUP($C8&" "&Y$1,Results!$G:$H,2,FALSE)),"") -> -14 | Z8: =IFERROR(IFERROR(VLOOKUP($C8&" "&Z$1,Results!$F:$H,3,FALSE),-VLOOKUP($C8&" "&Z$1,Results!$G:$H,2,FALSE)),"") -> 98 | AA8: =IFERROR(IFERROR(VLOOKUP($C8&" "&AA$1,Results!$F:$H,3,FALSE),-VLOOKUP($C8&" "&AA$1,Results!$G:$H,2,FALSE)),"") -> 115 | AB8: =IFERROR(IFERROR(VLOOKUP($C8&" "&AB$1,Results!$F:$H,3,FALSE),-VLOOKUP($C8&" "&AB$1,Results!$G:$H,2,FALSE)),"") | ... AP8: =IFERROR(IFERROR(VLOOKUP($C8&" "&AP$1,Results!$F:$H,3,FALSE),-VLOOKUP($C8&" "&AP$1,Results!$G:$H,2,FALSE)),"") | BJ8: =SUM(U8:BH8) -> 183 | BK8: =COUNTIF(E8:J8,1) -> 3 | BL8: =COUNTIF(E8:J8,0) -> 3 | BM8: =COUNT(E8:J8) -> 6 | BN8: =+BK8/BM8 -> 0.5 | BQ8: =SUM(U8:BI8) -> 183 | BS8: 8 | BT8: =A8 -> 7 | BU8: =+BS8-BT8 -> 1
A9: 5 | B9: 6 | C9: Brier Creek | E9: =IF(AND(X9>0,$A9<VLOOKUP(X$1,$C:$L,10,FALSE)),1,IF(AND(X9<0,$A9>VLOOKUP(X$1,$C:$L,10,FALSE)),1,0)) -> 0 | F9: =IF(AND(Y9>0,$A9<VLOOKUP(Y$1,$C:$L,10,FALSE)),1,IF(AND(Y9<0,$A9>VLOOKUP(Y$1,$C:$L,10,FALSE)),1,0)) -> 0 | G9: =IF(AND(Z9>0,$A9<VLOOKUP(Z$1,$C:$L,10,FALSE)),1,IF(AND(Z9<0,$A9>VLOOKUP(Z$1,$C:$L,10,FALSE)),1,0)) -> 1 | H9: =IF(AND(AB9>0,$A9<VLOOKUP(AB$1,$C:$L,10,FALSE)),1,IF(AND(AB9<0,$A9>VLOOKUP(AB$1,$C:$L,10,FALSE)),1,0)) -> 0 | I9: =IF(AND(AC9>0,$A9<VLOOKUP(AC$1,$C:$L,10,FALSE)),1,IF(AND(AC9<0,$A9>VLOOKUP(AC$1,$C:$L,10,FALSE)),1,0)) -> 1 | J9: =IF(AND(AD9>0,$A9<VLOOKUP(AD$1,$C:$L,10,FALSE)),1,IF(AND(AD9<0,$A9>VLOOKUP(AD$1,$C:$L,10,FALSE)),1,0)) -> 0 | K9: Updated | L9: =B9 -> 6 | M9: 2 | N9: =COUNTIF($U9:$BI9,">0") -> 4 | O9: =COUNTIF($U9:$BI9,"<0") -> 2 | P9: =COUNTIF($U9:$BI9,"=0") -> 0 | Q9: =COUNTIF($AB9:$AE9,">0") -> 2 | R9: =COUNTIF($AB9:$AE9,"<0") -> 1 | S9: =COUNTIF($AB9:$AE9,"=0") -> 0 | T9: =COUNTIF(U9:BI9,"NC") -> 0 | U9: =IFERROR(IFERROR(VLOOKUP($C9&" "&U$1,Results!$F:$H,3,FALSE),-VLOOKUP($C9&" "&U$1,Results!$G:$H,2,FALSE)),"") | V9: =IFERROR(IFERROR(VLOOKUP($C9&" "&V$1,Results!$F:$H,3,FALSE),-VLOOKUP($C9&" "&V$1,Results!$G:$H,2,FALSE)),"") | W9: =IFERROR(IFERROR(VLOOKUP($C9&" "&W$1,Results!$F:$H,3,FALSE),-VLOOKUP($C9&" "&W$1,Results!$G:$H,2,FALSE)),"") | X9: =IFERROR(IFERROR(VLOOKUP($C9&" "&X$1,Results!$F:$H,3,FALSE),-VLOOKUP($C9&" "&X$1,Results!$G:$H,2,FALSE)),"") | Y9: =IFERROR(IFERROR(VLOOKUP($C9&" "&Y$1,Results!$F:$H,3,FALSE),-VLOOKUP($C9&" "&Y$1,Results!$G:$H,2,FALSE)),"") | Z9: =IFERROR(IFERROR(VLOOKUP($C9&" "&Z$1,Results!$F:$H,3,FALSE),-VLOOKUP($C9&" "&Z$1,Results!$G:$H,2,FALSE)),"") -> -33 | AA9: =IFERROR(IFERROR(VLOOKUP($C9&" "&AA$1,Results!$F:$H,3,FALSE),-VLOOKUP($C9&" "&AA$1,Results!$G:$H,2,FALSE)),"") -> 86 | AB9: =IFERROR(IFERROR(VLOOKUP($C9&" "&AB$1,Results!$F:$H,3,FALSE),-VLOOKUP($C9&" "&AB$1,Results!$G:$H,2,FALSE)),"") -> 44 | ... AP9: =IFERROR(IFERROR(VLOOKUP($C9&" "&AP$1,Results!$F:$H,3,FALSE),-VLOOKUP($C9&" "&AP$1,Results!$G:$H,2,FALSE)),"") | BJ9: =SUM(U9:BH9) -> 404 | BK9: =COUNTIF(E9:J9,1) -> 2 | BL9: =COUNTIF(E9:J9,0) -> 4 | BM9: =COUNT(E9:J9) -> 6 | BN9: =+BK9/BM9 -> 0.33333333 | BQ9: =SUM(U9:BI9) -> 404 | BS9: 6 | BT9: =A9 -> 5 | BU9: =+BS9-BT9 -> 1
A10: 3 | B10: 7 | C10: North Hills | F10: =IF(AND(X10>0,$A10<VLOOKUP(X$1,$C:$L,10,FALSE)),1,IF(AND(X10<0,$A10>VLOOKUP(X$1,$C:$L,10,FALSE)),1,0)) -> 0 | G10: =IF(AND(Y10>0,$A10<VLOOKUP(Y$1,$C:$L,10,FALSE)),1,IF(AND(Y10<0,$A10>VLOOKUP(Y$1,$C:$L,10,FALSE)),1,0)) -> 0 | H10: =IF(AND(AA10>0,$A10<VLOOKUP(AA$1,$C:$L,10,FALSE)),1,IF(AND(AA10<0,$A10>VLOOKUP(AA$1,$C:$L,10,FALSE)),1,0)) -> 1 | I10: =IF(AND(AB10>0,$A10<VLOOKUP(AB$1,$C:$L,10,FALSE)),1,IF(AND(AB10<0,$A10>VLOOKUP(AB$1,$C:$L,10,FALSE)),1,0)) -> 0 | J10: =IF(AND(AC10>0,$A10<VLOOKUP(AC$1,$C:$L,10,FALSE)),1,IF(AND(AC10<0,$A10>VLOOKUP(AC$1,$C:$L,10,FALSE)),1,0)) -> 1 | K10: Updated | L10: =B10 -> 7 | M10: 2 | N10: =COUNTIF($U10:$BI10,">0") -> 5 | O10: =COUNTIF($U10:$BI10,"<0") -> 1 | P10: =COUNTIF($U10:$BI10,"=0") -> 0 | Q10: =COUNTIF($AB10:$AE10,">0") -> 2 | R10: =COUNTIF($AB10:$AE10,"<0") -> 1 | S10: =COUNTIF($AB10:$AE10,"=0") -> 0 | T10: =COUNTIF(U10:BI10,"NC") -> 0 | U10: =IFERROR(IFERROR(VLOOKUP($C10&" "&U$1,Results!$F:$H,3,FALSE),-VLOOKUP($C10&" "&U$1,Results!$G:$H,2,FALSE)),"") | V10: =IFERROR(IFERROR(VLOOKUP($C10&" "&V$1,Results!$F:$H,3,FALSE),-VLOOKUP($C10&" "&V$1,Results!$G:$H,2,FALSE)),"") | W10: =IFERROR(IFERROR(VLOOKUP($C10&" "&W$1,Results!$F:$H,3,FALSE),-VLOOKUP($C10&" "&W$1,Results!$G:$H,2,FALSE)),"") | X10: =IFERROR(IFERROR(VLOOKUP($C10&" "&X$1,Results!$F:$H,3,FALSE),-VLOOKUP($C10&" "&X$1,Results!$G:$H,2,FALSE)),"") | Y10: =IFERROR(IFERROR(VLOOKUP($C10&" "&Y$1,Results!$F:$H,3,FALSE),-VLOOKUP($C10&" "&Y$1,Results!$G:$H,2,FALSE)),"") | Z10: =IFERROR(IFERROR(VLOOKUP($C10&" "&Z$1,Results!$F:$H,3,FALSE),-VLOOKUP($C10&" "&Z$1,Results!$G:$H,2,FALSE)),"") | AA10: =IFERROR(IFERROR(VLOOKUP($C10&" "&AA$1,Results!$F:$H,3,FALSE),-VLOOKUP($C10&" "&AA$1,Results!$G:$H,2,FALSE)),"") -> 9 | AB10: =IFERROR(IFERROR(VLOOKUP($C10&" "&AB$1,Results!$F:$H,3,FALSE),-VLOOKUP($C10&" "&AB$1,Results!$G:$H,2,FALSE)),"") -> -75 | ... AP10: =IFERROR(IFERROR(VLOOKUP($C10&" "&AP$1,Results!$F:$H,3,FALSE),-VLOOKUP($C10&" "&AP$1,Results!$G:$H,2,FALSE)),"") | BJ10: =SUM(U10:BH10) -> 115 | BK10: =COUNTIF(E10:J10,1) -> 2 | BL10: =COUNTIF(E10:J10,0) -> 3 | BM10: =COUNT(E10:J10) -> 5 | BN10: =+BK10/BM10 -> 0.4 | BQ10: =SUM(U10:BI10) -> 115 | BS10: 4 | BT10: =A10 -> 3 | BU10: =+BS10-BT10 -> 1
A11: 6 | B11: 8 | C11: North Raleigh | E11: =IF(AND(AC11>0,$A11<VLOOKUP(AC$1,$C:$L,10,FALSE)),1,IF(AND(AC11<0,$A11>VLOOKUP(AC$1,$C:$L,10,FALSE)),1,0)) -> 0 | F11: =IF(AND(AD11>0,$A11<VLOOKUP(AD$1,$C:$L,10,FALSE)),1,IF(AND(AD11<0,$A11>VLOOKUP(AD$1,$C:$L,10,FALSE)),1,0)) -> 0 | G11: =IF(AND(AE11>0,$A11<VLOOKUP(AE$1,$C:$L,10,FALSE)),1,IF(AND(AE11<0,$A11>VLOOKUP(AE$1,$C:$L,10,FALSE)),1,0)) -> 1 | H11: =IF(AND(AG11>0,$A11<VLOOKUP(AG$1,$C:$L,10,FALSE)),1,IF(AND(AG11<0,$A11>VLOOKUP(AG$1,$C:$L,10,FALSE)),1,0)) -> 1 | I11: =IF(AND(AH11>0,$A11<VLOOKUP(AH$1,$C:$L,10,FALSE)),1,IF(AND(AH11<0,$A11>VLOOKUP(AH$1,$C:$L,10,FALSE)),1,0)) -> 1 | J11: =IF(AND(AI11>0,$A11<VLOOKUP(AI$1,$C:$L,10,FALSE)),1,IF(AND(AI11<0,$A11>VLOOKUP(AI$1,$C:$L,10,FALSE)),1,0)) -> 1 | K11: Updated | L11: =B11 -> 8 | M11: 2 | N11: =COUNTIF($U11:$BI11,">0") -> 4 | O11: =COUNTIF($U11:$BI11,"<0") -> 2 | P11: =COUNTIF($U11:$BI11,"=0") -> 0 | Q11: =COUNTIF($AB11:$AE11,">0") -> 1 | R11: =COUNTIF($AB11:$AE11,"<0") -> 2 | S11: =COUNTIF($AB11:$AE11,"=0") -> 0 | T11: =COUNTIF(U11:BI11,"NC") -> 0 | U11: =IFERROR(IFERROR(VLOOKUP($C11&" "&U$1,Results!$F:$H,3,FALSE),-VLOOKUP($C11&" "&U$1,Results!$G:$H,2,FALSE)),"") | V11: =IFERROR(IFERROR(VLOOKUP($C11&" "&V$1,Results!$F:$H,3,FALSE),-VLOOKUP($C11&" "&V$1,Results!$G:$H,2,FALSE)),"") | W11: =IFERROR(IFERROR(VLOOKUP($C11&" "&W$1,Results!$F:$H,3,FALSE),-VLOOKUP($C11&" "&W$1,Results!$G:$H,2,FALSE)),"") | X11: =IFERROR(IFERROR(VLOOKUP($C11&" "&X$1,Results!$F:$H,3,FALSE),-VLOOKUP($C11&" "&X$1,Results!$G:$H,2,FALSE)),"") | Y11: =IFERROR(IFERROR(VLOOKUP($C11&" "&Y$1,Results!$F:$H,3,FALSE),-VLOOKUP($C11&" "&Y$1,Results!$G:$H,2,FALSE)),"") | Z11: =IFERROR(IFERROR(VLOOKUP($C11&" "&Z$1,Results!$F:$H,3,FALSE),-VLOOKUP($C11&" "&Z$1,Results!$G:$H,2,FALSE)),"") | AA11: =IFERROR(IFERROR(VLOOKUP($C11&" "&AA$1,Results!$F:$H,3,FALSE),-VLOOKUP($C11&" "&AA$1,Results!$G:$H,2,FALSE)),"") | AB11: =IFERROR(IFERROR(VLOOKUP($C11&" "&AB$1,Results!$F:$H,3,FALSE),-VLOOKUP($C11&" "&AB$1,Results!$G:$H,2,FALSE)),"") -> 47 | ... AP11: =IFERROR(IFERROR(VLOOKUP($C11&" "&AP$1,Results!$F:$H,3,FALSE),-VLOOKUP($C11&" "&AP$1,Results!$G:$H,2,FALSE)),"") | BJ11: =SUM(U11:BH11) -> 36 | BK11: =COUNTIF(E11:J11,1) -> 4 | BL11: =COUNTIF(E11:J11,0) -> 2 | BM11: =COUNT(E11:J11) -> 6 | BN11: =+BK11/BM11 -> 0.66666667 | BQ11: =SUM(U11:BI11) -> 36 | BS11: 9 | BT11: =A11 -> 6 | BU11: =+BS11-BT11 -> 3
A12: 14 | B12: 9 | C12: Bedford at Falls River | E12: =IF(AND(AB12>0,$A12<VLOOKUP(AB$1,$C:$L,10,FALSE)),1,IF(AND(AB12<0,$A12>VLOOKUP(AB$1,$C:$L,10,FALSE)),1,0)) -> 0 | F12: =IF(AND(AC12>0,$A12<VLOOKUP(AC$1,$C:$L,10,FALSE)),1,IF(AND(AC12<0,$A12>VLOOKUP(AC$1,$C:$L,10,FALSE)),1,0)) -> 1 | G12: =IF(AND(AD12>0,$A12<VLOOKUP(AD$1,$C:$L,10,FALSE)),1,IF(AND(AD12<0,$A12>VLOOKUP(AD$1,$C:$L,10,FALSE)),1,0)) -> 1 | H12: =IF(AND(AF12>0,$A12<VLOOKUP(AF$1,$C:$L,10,FALSE)),1,IF(AND(AF12<0,$A12>VLOOKUP(AF$1,$C:$L,10,FALSE)),1,0)) -> 0 | I12: =IF(AND(AG12>0,$A12<VLOOKUP(AG$1,$C:$L,10,FALSE)),1,IF(AND(AG12<0,$A12>VLOOKUP(AG$1,$C:$L,10,FALSE)),1,0)) -> 1 | J12: =IF(AND(AH12>0,$A12<VLOOKUP(AH$1,$C:$L,10,FALSE)),1,IF(AND(AH12<0,$A12>VLOOKUP(AH$1,$C:$L,10,FALSE)),1,0)) -> 1 | K12: Updated | L12: =B12 -> 9 | M12: 3 | N12: =COUNTIF($U12:$BI12,">0") -> 0 | O12: =COUNTIF($U12:$BI12,"<0") -> 6 | P12: =COUNTIF($U12:$BI12,"=0") -> 0 | Q12: =COUNTIF($AF12:$AI12,">0") -> 0 | R12: =COUNTIF($AF12:$AI12,"<0") -> 3 | S12: =COUNTIF($AF12:$AI12,"=0") -> 0 | T12: =COUNTIF(U12:BI12,"NC") -> 0 | U12: =IFERROR(IFERROR(VLOOKUP($C12&" "&U$1,Results!$F:$H,3,FALSE),-VLOOKUP($C12&" "&U$1,Results!$G:$H,2,FALSE)),"") | V12: =IFERROR(IFERROR(VLOOKUP($C12&" "&V$1,Results!$F:$H,3,FALSE),-VLOOKUP($C12&" "&V$1,Results!$G:$H,2,FALSE)),"") | W12: =IFERROR(IFERROR(VLOOKUP($C12&" "&W$1,Results!$F:$H,3,FALSE),-VLOOKUP($C12&" "&W$1,Results!$G:$H,2,FALSE)),"") | X12: =IFERROR(IFERROR(VLOOKUP($C12&" "&X$1,Results!$F:$H,3,FALSE),-VLOOKUP($C12&" "&X$1,Results!$G:$H,2,FALSE)),"") | Y12: =IFERROR(IFERROR(VLOOKUP($C12&" "&Y$1,Results!$F:$H,3,FALSE),-VLOOKUP($C12&" "&Y$1,Results!$G:$H,2,FALSE)),"") | Z12: =IFERROR(IFERROR(VLOOKUP($C12&" "&Z$1,Results!$F:$H,3,FALSE),-VLOOKUP($C12&" "&Z$1,Results!$G:$H,2,FALSE)),"") | AA12: =IFERROR(IFERROR(VLOOKUP($C12&" "&AA$1,Results!$F:$H,3,FALSE),-VLOOKUP($C12&" "&AA$1,Results!$G:$H,2,FALSE)),"") | AB12: =IFERROR(IFERROR(VLOOKUP($C12&" "&AB$1,Results!$F:$H,3,FALSE),-VLOOKUP($C12&" "&AB$1,Results!$G:$H,2,FALSE)),"") | ... AP12: =IFERROR(IFERROR(VLOOKUP($C12&" "&AP$1,Results!$F:$H,3,FALSE),-VLOOKUP($C12&" "&AP$1,Results!$G:$H,2,FALSE)),"") | BJ12: =SUM(U12:BH12) -> -625 | BK12: =COUNTIF(E12:J12,1) -> 4 | BL12: =COUNTIF(E12:J12,0) -> 2 | BM12: =COUNT(E12:J12) -> 6 | BN12: =+BK12/BM12 -> 0.66666667 | BQ12: =SUM(U12:BI12) -> -625 | BS12: 12 | BT12: =A12 -> 14 | BU12: =+BS12-BT12 -> -2
A13: 8 | B13: 10 | C13: Greenway Club | E13: =IF(AND(AH13>0,$A13<VLOOKUP(AH$1,$C:$L,10,FALSE)),1,IF(AND(AH13<0,$A13>VLOOKUP(AH$1,$C:$L,10,FALSE)),1,0)) -> 1 | F13: =IF(AND(AI13>0,$A13<VLOOKUP(AI$1,$C:$L,10,FALSE)),1,IF(AND(AI13<0,$A13>VLOOKUP(AI$1,$C:$L,10,FALSE)),1,0)) -> 1 | G13: =IF(AND(AJ13>0,$A13<VLOOKUP(AJ$1,$C:$L,10,FALSE)),1,IF(AND(AJ13<0,$A13>VLOOKUP(AJ$1,$C:$L,10,FALSE)),1,0)) -> 1 | H13: =IF(AND(AL13>0,$A13<VLOOKUP(AL$1,$C:$L,10,FALSE)),1,IF(AND(AL13<0,$A13>VLOOKUP(AL$1,$C:$L,10,FALSE)),1,0)) -> 1 | I13: =IF(AND(AM13>0,$A13<VLOOKUP(AM$1,$C:$L,10,FALSE)),1,IF(AND(AM13<0,$A13>VLOOKUP(AM$1,$C:$L,10,FALSE)),1,0)) -> 1 | J13: =IF(AND(AN13>0,$A13<VLOOKUP(AN$1,$C:$L,10,FALSE)),1,IF(AND(AN13<0,$A13>VLOOKUP(AN$1,$C:$L,10,FALSE)),1,0)) -> 1 | K13: Updated | L13: =B13 -> 10 | M13: 3 | N13: =COUNTIF($U13:$BH13,">0") -> 4 | O13: =COUNTIF($U13:$BH13,"<0") -> 2 | P13: =COUNTIF($U13:$BH13,"=0") -> 0 | Q13: =COUNTIF($AF13:$AI13,">0") -> 3 | R13: =COUNTIF($AF13:$AI13,"<0") -> 0 | S13: =COUNTIF($AF13:$AI13,"=0") -> 0 | T13: =COUNTIF(U13:BI13,"NC") -> 0 | U13: =IFERROR(IFERROR(VLOOKUP($C13&" "&U$1,Results!$F:$H,3,FALSE),-VLOOKUP($C13&" "&U$1,Results!$G:$H,2,FALSE)),"") | V13: =IFERROR(IFERROR(VLOOKUP($C13&" "&V$1,Results!$F:$H,3,FALSE),-VLOOKUP($C13&" "&V$1,Results!$G:$H,2,FALSE)),"") | W13: =IFERROR(IFERROR(VLOOKUP($C13&" "&W$1,Results!$F:$H,3,FALSE),-VLOOKUP($C13&" "&W$1,Results!$G:$H,2,FALSE)),"") | X13: =IFERROR(IFERROR(VLOOKUP($C13&" "&X$1,Results!$F:$H,3,FALSE),-VLOOKUP($C13&" "&X$1,Results!$G:$H,2,FALSE)),"") | Y13: =IFERROR(IFERROR(VLOOKUP($C13&" "&Y$1,Results!$F:$H,3,FALSE),-VLOOKUP($C13&" "&Y$1,Results!$G:$H,2,FALSE)),"") | Z13: =IFERROR(IFERROR(VLOOKUP($C13&" "&Z$1,Results!$F:$H,3,FALSE),-VLOOKUP($C13&" "&Z$1,Results!$G:$H,2,FALSE)),"") | AA13: =IFERROR(IFERROR(VLOOKUP($C13&" "&AA$1,Results!$F:$H,3,FALSE),-VLOOKUP($C13&" "&AA$1,Results!$G:$H,2,FALSE)),"") | AB13: =IFERROR(IFERROR(VLOOKUP($C13&" "&AB$1,Results!$F:$H,3,FALSE),-VLOOKUP($C13&" "&AB$1,Results!$G:$H,2,FALSE)),"") | ... AP13: =IFERROR(IFERROR(VLOOKUP($C13&" "&AP$1,Results!$F:$H,3,FALSE),-VLOOKUP($C13&" "&AP$1,Results!$G:$H,2,FALSE)),"") | BJ13: =SUM(U13:BH13) -> 246 | BK13: =COUNTIF(E13:J13,1) -> 6 | BL13: =COUNTIF(E13:J13,0) -> 0 | BM13: =COUNT(E13:J13) -> 6 | BN13: =+BK13/BM13 -> 1 | BQ13: =SUM(U13:BI13) -> 246 | BS13: 14 | BT13: =A13 -> 8 | BU13: =+BS13-BT13 -> 6
A14: 10 | B14: 11 | C14: Northbrook | E14: =IF(AND(AD14>0,$A14<VLOOKUP(AD$1,$C:$L,10,FALSE)),1,IF(AND(AD14<0,$A14>VLOOKUP(AD$1,$C:$L,10,FALSE)),1,0)) -> 0 | F14: =IF(AND(AE14>0,$A14<VLOOKUP(AE$1,$C:$L,10,FALSE)),1,IF(AND(AE14<0,$A14>VLOOKUP(AE$1,$C:$L,10,FALSE)),1,0)) -> 1 | G14: =IF(AND(AF14>0,$A14<VLOOKUP(AF$1,$C:$L,10,FALSE)),1,IF(AND(AF14<0,$A14>VLOOKUP(AF$1,$C:$L,10,FALSE)),1,0)) -> 0 | H14: =IF(AND(AH14>0,$A14<VLOOKUP(AH$1,$C:$L,10,FALSE)),1,IF(AND(AH14<0,$A14>VLOOKUP(AH$1,$C:$L,10,FALSE)),1,0)) -> 1 | I14: =IF(AND(AI14>0,$A14<VLOOKUP(AI$1,$C:$L,10,FALSE)),1,IF(AND(AI14<0,$A14>VLOOKUP(AI$1,$C:$L,10,FALSE)),1,0)) -> 1 | J14: =IF(AND(AJ14>0,$A14<VLOOKUP(AJ$1,$C:$L,10,FALSE)),1,IF(AND(AJ14<0,$A14>VLOOKUP(AJ$1,$C:$L,10,FALSE)),1,0)) -> 1 | K14: Updated | L14: =B14 -> 11 | M14: 3 | N14: =COUNTIF($U14:$BH14,">0") -> 4 | O14: =COUNTIF($U14:$BH14,"<0") -> 2 | P14: =COUNTIF($U14:$BH14,"=0") -> 0 | Q14: =COUNTIF($AF14:$AI14,">0") -> 2 | R14: =COUNTIF($AF14:$AI14,"<0") -> 1 | S14: =COUNTIF($AF14:$AI14,"=0") -> 0 | T14: =COUNTIF(U14:BI14,"NC") -> 0 | U14: =IFERROR(IFERROR(VLOOKUP($C14&" "&U$1,Results!$F:$H,3,FALSE),-VLOOKUP($C14&" "&U$1,Results!$G:$H,2,FALSE)),"") | V14: =IFERROR(IFERROR(VLOOKUP($C14&" "&V$1,Results!$F:$H,3,FALSE),-VLOOKUP($C14&" "&V$1,Results!$G:$H,2,FALSE)),"") | W14: =IFERROR(IFERROR(VLOOKUP($C14&" "&W$1,Results!$F:$H,3,FALSE),-VLOOKUP($C14&" "&W$1,Results!$G:$H,2,FALSE)),"") | X14: =IFERROR(IFERROR(VLOOKUP($C14&" "&X$1,Results!$F:$H,3,FALSE),-VLOOKUP($C14&" "&X$1,Results!$G:$H,2,FALSE)),"") | Y14: =IFERROR(IFERROR(VLOOKUP($C14&" "&Y$1,Results!$F:$H,3,FALSE),-VLOOKUP($C14&" "&Y$1,Results!$G:$H,2,FALSE)),"") | Z14: =IFERROR(IFERROR(VLOOKUP($C14&" "&Z$1,Results!$F:$H,3,FALSE),-VLOOKUP($C14&" "&Z$1,Results!$G:$H,2,FALSE)),"") | AA14: =IFERROR(IFERROR(VLOOKUP($C14&" "&AA$1,Results!$F:$H,3,FALSE),-VLOOKUP($C14&" "&AA$1,Results!$G:$H,2,FALSE)),"") | AB14: =IFERROR(IFERROR(VLOOKUP($C14&" "&AB$1,Results!$F:$H,3,FALSE),-VLOOKUP($C14&" "&AB$1,Results!$G:$H,2,FALSE)),"") | ... AP14: =IFERROR(IFERROR(VLOOKUP($C14&" "&AP$1,Results!$F:$H,3,FALSE),-VLOOKUP($C14&" "&AP$1,Results!$G:$H,2,FALSE)),"") | BJ14: =SUM(U14:BH14) -> 233 | BK14: =COUNTIF(E14:J14,1) -> 4 | BL14: =COUNTIF(E14:J14,0) -> 2 | BM14: =COUNT(E14:J14) -> 6 | BN14: =+BK14/BM14 -> 0.66666667 | BQ14: =SUM(U14:BI14) -> 233 | BS14: 7 | BT14: =A14 -> 10 | BU14: =+BS14-BT14 -> -3
A15: 13 | B15: 12 | C15: Harrington Grove | E15: =IF(AND(AG15>0,$A15<VLOOKUP(AG$1,$C:$L,10,FALSE)),1,IF(AND(AG15<0,$A15>VLOOKUP(AG$1,$C:$L,10,FALSE)),1,0)) -> 1 | F15: =IF(AND(AH15>0,$A15<VLOOKUP(AH$1,$C:$L,10,FALSE)),1,IF(AND(AH15<0,$A15>VLOOKUP(AH$1,$C:$L,10,FALSE)),1,0)) -> 1 | G15: =IF(AND(AI15>0,$A15<VLOOKUP(AI$1,$C:$L,10,FALSE)),1,IF(AND(AI15<0,$A15>VLOOKUP(AI$1,$C:$L,10,FALSE)),1,0)) -> 0 | H15: =IF(AND(AK15>0,$A15<VLOOKUP(AK$1,$C:$L,10,FALSE)),1,IF(AND(AK15<0,$A15>VLOOKUP(AK$1,$C:$L,10,FALSE)),1,0)) -> 1 | I15: =IF(AND(AL15>0,$A15<VLOOKUP(AL$1,$C:$L,10,FALSE)),1,IF(AND(AL15<0,$A15>VLOOKUP(AL$1,$C:$L,10,FALSE)),1,0)) -> 0 | J15: =IF(AND(AM15>0,$A15<VLOOKUP(AM$1,$C:$L,10,FALSE)),1,IF(AND(AM15<0,$A15>VLOOKUP(AM$1,$C:$L,10,FALSE)),1,0)) -> 1 | K15: Updated | L15: =B15 -> 12 | M15: 3 | N15: =COUNTIF($U15:$BH15,">0") -> 2 | O15: =COUNTIF($U15:$BH15,"<0") -> 4 | P15: =COUNTIF($U15:$BH15,"=0") -> 0 | Q15: =COUNTIF($AF15:$AI15,">0") -> 1 | R15: =COUNTIF($AF15:$AI15,"<0") -> 2 | S15: =COUNTIF($AF15:$AI15,"=0") -> 0 | T15: =COUNTIF(U15:BI15,"NC") -> 0 | U15: =IFERROR(IFERROR(VLOOKUP($C15&" "&U$1,Results!$F:$H,3,FALSE),-VLOOKUP($C15&" "&U$1,Results!$G:$H,2,FALSE)),"") | V15: =IFERROR(IFERROR(VLOOKUP($C15&" "&V$1,Results!$F:$H,3,FALSE),-VLOOKUP($C15&" "&V$1,Results!$G:$H,2,FALSE)),"") | W15: =IFERROR(IFERROR(VLOOKUP($C15&" "&W$1,Results!$F:$H,3,FALSE),-VLOOKUP($C15&" "&W$1,Results!$G:$H,2,FALSE)),"") | X15: =IFERROR(IFERROR(VLOOKUP($C15&" "&X$1,Results!$F:$H,3,FALSE),-VLOOKUP($C15&" "&X$1,Results!$G:$H,2,FALSE)),"") | Y15: =IFERROR(IFERROR(VLOOKUP($C15&" "&Y$1,Results!$F:$H,3,FALSE),-VLOOKUP($C15&" "&Y$1,Results!$G:$H,2,FALSE)),"") | Z15: =IFERROR(IFERROR(VLOOKUP($C15&" "&Z$1,Results!$F:$H,3,FALSE),-VLOOKUP($C15&" "&Z$1,Results!$G:$H,2,FALSE)),"") | AA15: =IFERROR(IFERROR(VLOOKUP($C15&" "&AA$1,Results!$F:$H,3,FALSE),-VLOOKUP($C15&" "&AA$1,Results!$G:$H,2,FALSE)),"") | AB15: =IFERROR(IFERROR(VLOOKUP($C15&" "&AB$1,Results!$F:$H,3,FALSE),-VLOOKUP($C15&" "&AB$1,Results!$G:$H,2,FALSE)),"") | ... AP15: =IFERROR(IFERROR(VLOOKUP($C15&" "&AP$1,Results!$F:$H,3,FALSE),-VLOOKUP($C15&" "&AP$1,Results!$G:$H,2,FALSE)),"") | BJ15: =SUM(U15:BH15) -> -45 | BK15: =COUNTIF(E15:J15,1) -> 4 | BL15: =COUNTIF(E15:J15,0) -> 2 | BM15: =COUNT(E15:J15) -> 6 | BN15: =+BK15/BM15 -> 0.66666667 | BQ15: =SUM(U15:BI15) -> -45 | BS15: 19 | BT15: =A15 -> 13 | BU15: =+BS15-BT15 -> 6
A16: 11 | B16: 13 | C16: Lake Park | E16: =IF(AND(AK16>0,$A16<VLOOKUP(AK$1,$C:$L,10,FALSE)),1,IF(AND(AK16<0,$A16>VLOOKUP(AK$1,$C:$L,10,FALSE)),1,0)) -> 1 | F16: =IF(AND(AL16>0,$A16<VLOOKUP(AL$1,$C:$L,10,FALSE)),1,IF(AND(AL16<0,$A16>VLOOKUP(AL$1,$C:$L,10,FALSE)),1,0)) -> 1 | G16: =IF(AND(AM16>0,$A16<VLOOKUP(AM$1,$C:$L,10,FALSE)),1,IF(AND(AM16<0,$A16>VLOOKUP(AM$1,$C:$L,10,FALSE)),1,0)) -> 1 | H16: =IF(AND(AO16>0,$A16<VLOOKUP(AO$1,$C:$L,10,FALSE)),1,IF(AND(AO16<0,$A16>VLOOKUP(AO$1,$C:$L,10,FALSE)),1,0)) -> 1 | I16: =IF(AND(AP16>0,$A16<VLOOKUP(AP$1,$C:$L,10,FALSE)),1,IF(AND(AP16<0,$A16>VLOOKUP(AP$1,$C:$L,10,FALSE)),1,0)) -> 1 | J16: =IF(AND(AQ16>0,$A16<VLOOKUP(AQ$1,$C:$L,10,FALSE)),1,IF(AND(AQ16<0,$A16>VLOOKUP(AQ$1,$C:$L,10,FALSE)),1,0)) -> 1 | K16: Updated | L16: =B16 -> 13 | M16: 4 | N16: =COUNTIF($U16:$BH16,">0") -> 4 | O16: =COUNTIF($U16:$BH16,"<0") -> 2 | P16: =COUNTIF($U16:$BH16,"=0") -> 0 | Q16: =COUNTIF($AJ16:$AM16,">0") -> 3 | R16: =COUNTIF($AJ16:$AM16,"<0") -> 0 | S16: =COUNTIF($AJ16:$AM16,"=0") -> 0 | T16: =COUNTIF(U16:BI16,"NC") -> 0 | U16: =IFERROR(IFERROR(VLOOKUP($C16&" "&U$1,Results!$F:$H,3,FALSE),-VLOOKUP($C16&" "&U$1,Results!$G:$H,2,FALSE)),"") | V16: =IFERROR(IFERROR(VLOOKUP($C16&" "&V$1,Results!$F:$H,3,FALSE),-VLOOKUP($C16&" "&V$1,Results!$G:$H,2,FALSE)),"") | W16: =IFERROR(IFERROR(VLOOKUP($C16&" "&W$1,Results!$F:$H,3,FALSE),-VLOOKUP($C16&" "&W$1,Results!$G:$H,2,FALSE)),"") | X16: =IFERROR(IFERROR(VLOOKUP($C16&" "&X$1,Results!$F:$H,3,FALSE),-VLOOKUP($C16&" "&X$1,Results!$G:$H,2,FALSE)),"") | Y16: =IFERROR(IFERROR(VLOOKUP($C16&" "&Y$1,Results!$F:$H,3,FALSE),-VLOOKUP($C16&" "&Y$1,Results!$G:$H,2,FALSE)),"") | Z16: =IFERROR(IFERROR(VLOOKUP($C16&" "&Z$1,Results!$F:$H,3,FALSE),-VLOOKUP($C16&" "&Z$1,Results!$G:$H,2,FALSE)),"") | AA16: =IFERROR(IFERROR(VLOOKUP($C16&" "&AA$1,Results!$F:$H,3,FALSE),-VLOOKUP($C16&" "&AA$1,Results!$G:$H,2,FALSE)),"") | AB16: =IFERROR(IFERROR(VLOOKUP($C16&" "&AB$1,Results!$F:$H,3,FALSE),-VLOOKUP($C16&" "&AB$1,Results!$G:$H,2,FALSE)),"") | ... AY16: =IFERROR(IFERROR(VLOOKUP($C16&" "&AY$1,Results!$F:$H,3,FALSE),-VLOOKUP($C16&" "&AY$1,Results!$G:$H,2,FALSE)),"") | BJ16: =SUM(U16:BH16) -> 125 | BK16: =COUNTIF(E16:J16,1) -> 6 | BL16: =COUNTIF(E16:J16,0) -> 0 | BM16: =COUNT(E16:J16) -> 6 | BN16: =+BK16/BM16 -> 1 | BQ16: =SUM(U16:BI16) -> 125 | BS16: 22 | BT16: =A16 -> 11 | BU16: =+BS16-BT16 -> 11
A17: 17 | B17: 14 | C17: Riverwood | E17: =IF(AND(AF17>0,$A17<VLOOKUP(AF$1,$C:$L,10,FALSE)),1,IF(AND(AF17<0,$A17>VLOOKUP(AF$1,$C:$L,10,FALSE)),1,0)) -> 0 | F17: =IF(AND(AG17>0,$A17<VLOOKUP(AG$1,$C:$L,10,FALSE)),1,IF(AND(AG17<0,$A17>VLOOKUP(AG$1,$C:$L,10,FALSE)),1,0)) -> 0 | G17: =IF(AND(AH17>0,$A17<VLOOKUP(AH$1,$C:$L,10,FALSE)),1,IF(AND(AH17<0,$A17>VLOOKUP(AH$1,$C:$L,10,FALSE)),1,0)) -> 1 | H17: =IF(AND(AJ17>0,$A17<VLOOKUP(AJ$1,$C:$L,10,FALSE)),1,IF(AND(AJ17<0,$A17>VLOOKUP(AJ$1,$C:$L,10,FALSE)),1,0)) -> 1 | I17: =IF(AND(AK17>0,$A17<VLOOKUP(AK$1,$C:$L,10,FALSE)),1,IF(AND(AK17<0,$A17>VLOOKUP(AK$1,$C:$L,10,FALSE)),1,0)) -> 0 | J17: =IF(AND(AL17>0,$A17<VLOOKUP(AL$1,$C:$L,10,FALSE)),1,IF(AND(AL17<0,$A17>VLOOKUP(AL$1,$C:$L,10,FALSE)),1,0)) -> 1 | K17: Updated | L17: =B17 -> 14 | M17: 4 | N17: =COUNTIF($U17:$BH17,">0") -> 1 | O17: =COUNTIF($U17:$BH17,"<0") -> 5 | P17: =COUNTIF($U17:$BH17,"=0") -> 0 | Q17: =COUNTIF($AJ17:$AM17,">0") -> 1 | R17: =COUNTIF($AJ17:$AM17,"<0") -> 2 | S17: =COUNTIF($AJ17:$AM17,"=0") -> 0 | T17: =COUNTIF(U17:BI17,"NC") -> 0 | U17: =IFERROR(IFERROR(VLOOKUP($C17&" "&U$1,Results!$F:$H,3,FALSE),-VLOOKUP($C17&" "&U$1,Results!$G:$H,2,FALSE)),"") | V17: =IFERROR(IFERROR(VLOOKUP($C17&" "&V$1,Results!$F:$H,3,FALSE),-VLOOKUP($C17&" "&V$1,Results!$G:$H,2,FALSE)),"") | W17: =IFERROR(IFERROR(VLOOKUP($C17&" "&W$1,Results!$F:$H,3,FALSE),-VLOOKUP($C17&" "&W$1,Results!$G:$H,2,FALSE)),"") | X17: =IFERROR(IFERROR(VLOOKUP($C17&" "&X$1,Results!$F:$H,3,FALSE),-VLOOKUP($C17&" "&X$1,Results!$G:$H,2,FALSE)),"") | Y17: =IFERROR(IFERROR(VLOOKUP($C17&" "&Y$1,Results!$F:$H,3,FALSE),-VLOOKUP($C17&" "&Y$1,Results!$G:$H,2,FALSE)),"") | Z17: =IFERROR(IFERROR(VLOOKUP($C17&" "&Z$1,Results!$F:$H,3,FALSE),-VLOOKUP($C17&" "&Z$1,Results!$G:$H,2,FALSE)),"") | AA17: =IFERROR(IFERROR(VLOOKUP($C17&" "&AA$1,Results!$F:$H,3,FALSE),-VLOOKUP($C17&" "&AA$1,Results!$G:$H,2,FALSE)),"") | AB17: =IFERROR(IFERROR(VLOOKUP($C17&" "&AB$1,Results!$F:$H,3,FALSE),-VLOOKUP($C17&" "&AB$1,Results!$G:$H,2,FALSE)),"") | ... AP17: =IFERROR(IFERROR(VLOOKUP($C17&" "&AP$1,Results!$F:$H,3,FALSE),-VLOOKUP($C17&" "&AP$1,Results!$G:$H,2,FALSE)),"") | BJ17: =SUM(U17:BH17) -> -444 | BK17: =COUNTIF(E17:J17,1) -> 3 | BL17: =COUNTIF(E17:J17,0) -> 3 | BM17: =COUNT(E17:J17) -> 6 | BN17: =+BK17/BM17 -> 0.5 | BQ17: =SUM(U17:BI17) -> -444 | BS17: 10 | BT17: =A17 -> 17 | BU17: =+BS17-BT17 -> -7
A18: 12 | B18: 15 | C18: Quail Hollow | E18: =IF(AND(AE18>0,$A18<VLOOKUP(AE$1,$C:$L,10,FALSE)),1,IF(AND(AE18<0,$A18>VLOOKUP(AE$1,$C:$L,10,FALSE)),1,0)) -> 0 | F18: =IF(AND(AF18>0,$A18<VLOOKUP(AF$1,$C:$L,10,FALSE)),1,IF(AND(AF18<0,$A18>VLOOKUP(AF$1,$C:$L,10,FALSE)),1,0)) -> 0 | G18: =IF(AND(AG18>0,$A18<VLOOKUP(AG$1,$C:$L,10,FALSE)),1,IF(AND(AG18<0,$A18>VLOOKUP(AG$1,$C:$L,10,FALSE)),1,0)) -> 0 | H18: =IF(AND(AI18>0,$A18<VLOOKUP(AI$1,$C:$L,10,FALSE)),1,IF(AND(AI18<0,$A18>VLOOKUP(AI$1,$C:$L,10,FALSE)),1,0)) -> 0 | I18: =IF(AND(AJ18>0,$A18<VLOOKUP(AJ$1,$C:$L,10,FALSE)),1,IF(AND(AJ18<0,$A18>VLOOKUP(AJ$1,$C:$L,10,FALSE)),1,0)) -> 0 | J18: =IF(AND(AK18>0,$A18<VLOOKUP(AK$1,$C:$L,10,FALSE)),1,IF(AND(AK18<0,$A18>VLOOKUP(AK$1,$C:$L,10,FALSE)),1,0)) -> 1 | K18: Updated | L18: =B18 -> 15 | M18: 4 | N18: =COUNTIF($U18:$BH18,">0") -> 4 | O18: =COUNTIF($U18:$BH18,"<0") -> 2 | P18: =COUNTIF($U18:$BH18,"=0") -> 0 | Q18: =COUNTIF($AJ18:$AM18,">0") -> 1 | R18: =COUNTIF($AJ18:$AM18,"<0") -> 2 | S18: =COUNTIF($AJ18:$AM18,"=0") -> 0 | T18: =COUNTIF(U18:BI18,"NC") -> 0 | U18: =IFERROR(IFERROR(VLOOKUP($C18&" "&U$1,Results!$F:$H,3,FALSE),-VLOOKUP($C18&" "&U$1,Results!$G:$H,2,FALSE)),"") | V18: =IFERROR(IFERROR(VLOOKUP($C18&" "&V$1,Results!$F:$H,3,FALSE),-VLOOKUP($C18&" "&V$1,Results!$G:$H,2,FALSE)),"") | W18: =IFERROR(IFERROR(VLOOKUP($C18&" "&W$1,Results!$F:$H,3,FALSE),-VLOOKUP($C18&" "&W$1,Results!$G:$H,2,FALSE)),"") | X18: =IFERROR(IFERROR(VLOOKUP($C18&" "&X$1,Results!$F:$H,3,FALSE),-VLOOKUP($C18&" "&X$1,Results!$G:$H,2,FALSE)),"") | Y18: =IFERROR(IFERROR(VLOOKUP($C18&" "&Y$1,Results!$F:$H,3,FALSE),-VLOOKUP($C18&" "&Y$1,Results!$G:$H,2,FALSE)),"") | Z18: =IFERROR(IFERROR(VLOOKUP($C18&" "&Z$1,Results!$F:$H,3,FALSE),-VLOOKUP($C18&" "&Z$1,Results!$G:$H,2,FALSE)),"") | AA18: =IFERROR(IFERROR(VLOOKUP($C18&" "&AA$1,Results!$F:$H,3,FALSE),-VLOOKUP($C18&" "&AA$1,Results!$G:$H,2,FALSE)),"") | AB18: =IFERROR(IFERROR(VLOOKUP($C18&" "&AB$1,Results!$F:$H,3,FALSE),-VLOOKUP($C18&" "&AB$1,Results!$G:$H,2,FALSE)),"") | ... AP18: =IFERROR(IFERROR(VLOOKUP($C18&" "&AP$1,Results!$F:$H,3,FALSE),-VLOOKUP($C18&" "&AP$1,Results!$G:$H,2,FALSE)),"") | BJ18: =SUM(U18:BH18) -> 211 | BK18: =COUNTIF(E18:J18,1) -> 1 | BL18: =COUNTIF(E18:J18,0) -> 5 | BM18: =COUNT(E18:J18) -> 6 | BN18: =+BK18/BM18 -> 0.16666667 | BQ18: =SUM(U18:BI18) -> 211 | BS18: 13 | BT18: =A18 -> 12 | BU18: =+BS18-BT18 -> 1
A19: 18 | B19: 16 | C19: Stonebridge | E19: =IF(AND(AI19>0,$A19<VLOOKUP(AI$1,$C:$L,10,FALSE)),1,IF(AND(AI19<0,$A19>VLOOKUP(AI$1,$C:$L,10,FALSE)),1,0)) -> 0 | F19: =IF(AND(AJ19>0,$A19<VLOOKUP(AJ$1,$C:$L,10,FALSE)),1,IF(AND(AJ19<0,$A19>VLOOKUP(AJ$1,$C:$L,10,FALSE)),1,0)) -> 1 | G19: =IF(AND(AK19>0,$A19<VLOOKUP(AK$1,$C:$L,10,FALSE)),1,IF(AND(AK19<0,$A19>VLOOKUP(AK$1,$C:$L,10,FALSE)),1,0)) -> 1 | H19: =IF(AND(AM19>0,$A19<VLOOKUP(AM$1,$C:$L,10,FALSE)),1,IF(AND(AM19<0,$A19>VLOOKUP(AM$1,$C:$L,10,FALSE)),1,0)) -> 0 | I19: =IF(AND(AN19>0,$A19<VLOOKUP(AN$1,$C:$L,10,FALSE)),1,IF(AND(AN19<0,$A19>VLOOKUP(AN$1,$C:$L,10,FALSE)),1,0)) -> 0 | J19: =IF(AND(AO19>0,$A19<VLOOKUP(AO$1,$C:$L,10,FALSE)),1,IF(AND(AO19<0,$A19>VLOOKUP(AO$1,$C:$L,10,FALSE)),1,0)) -> 0 | K19: Updated | L19: =B19 -> 16 | M19: 4 | N19: =COUNTIF($U19:$BH19,">0") -> 3 | O19: =COUNTIF($U19:$BH19,"<0") -> 3 | P19: =COUNTIF($U19:$BH19,"=0") -> 0 | Q19: =COUNTIF($AJ19:$AM19,">0") -> 1 | R19: =COUNTIF($AJ19:$AM19,"<0") -> 2 | S19: =COUNTIF($AJ19:$AM19,"=0") -> 0 | T19: =COUNTIF(U19:BI19,"NC") -> 0 | U19: =IFERROR(IFERROR(VLOOKUP($C19&" "&U$1,Results!$F:$H,3,FALSE),-VLOOKUP($C19&" "&U$1,Results!$G:$H,2,FALSE)),"") | V19: =IFERROR(IFERROR(VLOOKUP($C19&" "&V$1,Results!$F:$H,3,FALSE),-VLOOKUP($C19&" "&V$1,Results!$G:$H,2,FALSE)),"") | W19: =IFERROR(IFERROR(VLOOKUP($C19&" "&W$1,Results!$F:$H,3,FALSE),-VLOOKUP($C19&" "&W$1,Results!$G:$H,2,FALSE)),"") | X19: =IFERROR(IFERROR(VLOOKUP($C19&" "&X$1,Results!$F:$H,3,FALSE),-VLOOKUP($C19&" "&X$1,Results!$G:$H,2,FALSE)),"") | Y19: =IFERROR(IFERROR(VLOOKUP($C19&" "&Y$1,Results!$F:$H,3,FALSE),-VLOOKUP($C19&" "&Y$1,Results!$G:$H,2,FALSE)),"") | Z19: =IFERROR(IFERROR(VLOOKUP($C19&" "&Z$1,Results!$F:$H,3,FALSE),-VLOOKUP($C19&" "&Z$1,Results!$G:$H,2,FALSE)),"") | AA19: =IFERROR(IFERROR(VLOOKUP($C19&" "&AA$1,Results!$F:$H,3,FALSE),-VLOOKUP($C19&" "&AA$1,Results!$G:$H,2,FALSE)),"") | AB19: =IFERROR(IFERROR(VLOOKUP($C19&" "&AB$1,Results!$F:$H,3,FALSE),-VLOOKUP($C19&" "&AB$1,Results!$G:$H,2,FALSE)),"") | ... AP19: =IFERROR(IFERROR(VLOOKUP($C19&" "&AP$1,Results!$F:$H,3,FALSE),-VLOOKUP($C19&" "&AP$1,Results!$G:$H,2,FALSE)),"") -> 108 | BJ19: =SUM(U19:BH19) -> 154 | BK19: =COUNTIF(E19:J19,1) -> 2 | BL19: =COUNTIF(E19:J19,0) -> 4 | BM19: =COUNT(E19:J19) -> 6 | BN19: =+BK19/BM19 -> 0.33333333 | BQ19: =SUM(U19:BI19) -> 154 | BS19: 11 | BT19: =A19 -> 18 | BU19: =+BS19-BT19 -> -7
A20: 16 | B20: 17 | C20: Heritage of Wake Forest | E20: =IF(AND(AN20>0,$A20<VLOOKUP(AN$1,$C:$L,10,FALSE)),1,IF(AND(AN20<0,$A20>VLOOKUP(AN$1,$C:$L,10,FALSE)),1,0)) -> 1 | F20: =IF(AND(AO20>0,$A20<VLOOKUP(AO$1,$C:$L,10,FALSE)),1,IF(AND(AO20<0,$A20>VLOOKUP(AO$1,$C:$L,10,FALSE)),1,0)) -> 0 | G20: =IF(AND(AP20>0,$A20<VLOOKUP(AP$1,$C:$L,10,FALSE)),1,IF(AND(AP20<0,$A20>VLOOKUP(AP$1,$C:$L,10,FALSE)),1,0)) -> 1 | H20: =IF(AND(AR20>0,$A20<VLOOKUP(AR$1,$C:$L,10,FALSE)),1,IF(AND(AR20<0,$A20>VLOOKUP(AR$1,$C:$L,10,FALSE)),1,0)) -> 1 | I20: =IF(AND(AS20>0,$A20<VLOOKUP(AS$1,$C:$L,10,FALSE)),1,IF(AND(AS20<0,$A20>VLOOKUP(AS$1,$C:$L,10,FALSE)),1,0)) -> 1 | J20: =IF(AND(AT20>0,$A20<VLOOKUP(AT$1,$C:$L,10,FALSE)),1,IF(AND(AT20<0,$A20>VLOOKUP(AT$1,$C:$L,10,FALSE)),1,0)) -> 1 | K20: Updated | L20: =B20 -> 17 | M20: 5 | N20: =COUNTIF($U20:$BH20,">0") -> 3 | O20: =COUNTIF($U20:$BH20,"<0") -> 3 | P20: =COUNTIF($U20:$BH20,"=0") -> 0 | Q20: =COUNTIF($AN20:$AQ20,">0") -> 2 | R20: =COUNTIF($AN20:$AQ20,"<0") -> 1 | S20: =COUNTIF($AN20:$AQ20,"=0") -> 0 | T20: =COUNTIF(U20:BI20,"NC") -> 0 | U20: =IFERROR(IFERROR(VLOOKUP($C20&" "&U$1,Results!$F:$H,3,FALSE),-VLOOKUP($C20&" "&U$1,Results!$G:$H,2,FALSE)),"") | V20: =IFERROR(IFERROR(VLOOKUP($C20&" "&V$1,Results!$F:$H,3,FALSE),-VLOOKUP($C20&" "&V$1,Results!$G:$H,2,FALSE)),"") | W20: =IFERROR(IFERROR(VLOOKUP($C20&" "&W$1,Results!$F:$H,3,FALSE),-VLOOKUP($C20&" "&W$1,Results!$G:$H,2,FALSE)),"") | X20: =IFERROR(IFERROR(VLOOKUP($C20&" "&X$1,Results!$F:$H,3,FALSE),-VLOOKUP($C20&" "&X$1,Results!$G:$H,2,FALSE)),"") | Y20: =IFERROR(IFERROR(VLOOKUP($C20&" "&Y$1,Results!$F:$H,3,FALSE),-VLOOKUP($C20&" "&Y$1,Results!$G:$H,2,FALSE)),"") | Z20: =IFERROR(IFERROR(VLOOKUP($C20&" "&Z$1,Results!$F:$H,3,FALSE),-VLOOKUP($C20&" "&Z$1,Results!$G:$H,2,FALSE)),"") | AA20: =IFERROR(IFERROR(VLOOKUP($C20&" "&AA$1,Results!$F:$H,3,FALSE),-VLOOKUP($C20&" "&AA$1,Results!$G:$H,2,FALSE)),"") | AB20: =IFERROR(IFERROR(VLOOKUP($C20&" "&AB$1,Results!$F:$H,3,FALSE),-VLOOKUP($C20&" "&AB$1,Results!$G:$H,2,FALSE)),"") | ... AY20: =IFERROR(IFERROR(VLOOKUP($C20&" "&AY$1,Results!$F:$H,3,FALSE),-VLOOKUP($C20&" "&AY$1,Results!$G:$H,2,FALSE)),"") | BJ20: =SUM(U20:BH20) -> -261 | BK20: =COUNTIF(E20:J20,1) -> 5 | BL20: =COUNTIF(E20:J20,0) -> 1 | BM20: =COUNT(E20:J20) -> 6 | BN20: =+BK20/BM20 -> 0.83333333 | BQ20: =SUM(U20:BI20) -> -261 | BS20: 15 | BT20: =A20 -> 16 | BU20: =+BS20-BT20 -> -1
A21: 15 | B21: 18 | C21: Springdale | E21: =IF(AND(AL21>0,$A21<VLOOKUP(AL$1,$C:$L,10,FALSE)),1,IF(AND(AL21<0,$A21>VLOOKUP(AL$1,$C:$L,10,FALSE)),1,0)) -> 0 | F21: =IF(AND(AM21>0,$A21<VLOOKUP(AM$1,$C:$L,10,FALSE)),1,IF(AND(AM21<0,$A21>VLOOKUP(AM$1,$C:$L,10,FALSE)),1,0)) -> 1 | G21: =IF(AND(AN21>0,$A21<VLOOKUP(AN$1,$C:$L,10,FALSE)),1,IF(AND(AN21<0,$A21>VLOOKUP(AN$1,$C:$L,10,FALSE)),1,0)) -> 1 | H21: =IF(AND(AP21>0,$A21<VLOOKUP(AP$1,$C:$L,10,FALSE)),1,IF(AND(AP21<0,$A21>VLOOKUP(AP$1,$C:$L,10,FALSE)),1,0)) -> 1 | I21: =IF(AND(AQ21>0,$A21<VLOOKUP(AQ$1,$C:$L,10,FALSE)),1,IF(AND(AQ21<0,$A21>VLOOKUP(AQ$1,$C:$L,10,FALSE)),1,0)) -> 1 | J21: =IF(AND(AR21>0,$A21<VLOOKUP(AR$1,$C:$L,10,FALSE)),1,IF(AND(AR21<0,$A21>VLOOKUP(AR$1,$C:$L,10,FALSE)),1,0)) -> 1 | K21: Updated | L21: =B21 -> 18 | M21: 5 | N21: =COUNTIF($U21:$BH21,">0") -> 5 | O21: =COUNTIF($U21:$BH21,"<0") -> 1 | P21: =COUNTIF($U21:$BH21,"=0") -> 0 | Q21: =COUNTIF($AN21:$AQ21,">0") -> 3 | R21: =COUNTIF($AN21:$AQ21,"<0") -> 0 | S21: =COUNTIF($AN21:$AQ21,"=0") -> 0 | T21: =COUNTIF(U21:BI21,"NC") -> 0 | U21: =IFERROR(IFERROR(VLOOKUP($C21&" "&U$1,Results!$F:$H,3,FALSE),-VLOOKUP($C21&" "&U$1,Results!$G:$H,2,FALSE)),"") | V21: =IFERROR(IFERROR(VLOOKUP($C21&" "&V$1,Results!$F:$H,3,FALSE),-VLOOKUP($C21&" "&V$1,Results!$G:$H,2,FALSE)),"") | W21: =IFERROR(IFERROR(VLOOKUP($C21&" "&W$1,Results!$F:$H,3,FALSE),-VLOOKUP($C21&" "&W$1,Results!$G:$H,2,FALSE)),"") | X21: =IFERROR(IFERROR(VLOOKUP($C21&" "&X$1,Results!$F:$H,3,FALSE),-VLOOKUP($C21&" "&X$1,Results!$G:$H,2,FALSE)),"") | Y21: =IFERROR(IFERROR(VLOOKUP($C21&" "&Y$1,Results!$F:$H,3,FALSE),-VLOOKUP($C21&" "&Y$1,Results!$G:$H,2,FALSE)),"") | Z21: =IFERROR(IFERROR(VLOOKUP($C21&" "&Z$1,Results!$F:$H,3,FALSE),-VLOOKUP($C21&" "&Z$1,Results!$G:$H,2,FALSE)),"") | AA21: =IFERROR(IFERROR(VLOOKUP($C21&" "&AA$1,Results!$F:$H,3,FALSE),-VLOOKUP($C21&" "&AA$1,Results!$G:$H,2,FALSE)),"") | AB21: =IFERROR(IFERROR(VLOOKUP($C21&" "&AB$1,Results!$F:$H,3,FALSE),-VLOOKUP($C21&" "&AB$1,Results!$G:$H,2,FALSE)),"") | ... AY21: =IFERROR(IFERROR(VLOOKUP($C21&" "&AY$1,Results!$F:$H,3,FALSE),-VLOOKUP($C21&" "&AY$1,Results!$G:$H,2,FALSE)),"") | BJ21: =SUM(U21:BH21) -> 615.66667 | BK21: =COUNTIF(E21:J21,1) -> 5 | BL21: =COUNTIF(E21:J21,0) -> 1 | BM21: =COUNT(E21:J21) -> 6 | BN21: =+BK21/BM21 -> 0.83333333 | BQ21: =SUM(U21:BI21) -> 615.66667 | BS21: 18 | BT21: =A21 -> 15 | BU21: =+BS21-BT21 -> 3
A22: 22 | B22: 19 | C22: Hasentree | E22: =IF(AND(AJ22>0,$A22<VLOOKUP(AJ$1,$C:$L,10,FALSE)),1,IF(AND(AJ22<0,$A22>VLOOKUP(AJ$1,$C:$L,10,FALSE)),1,0)) -> 0 | F22: =IF(AND(AK22>0,$A22<VLOOKUP(AK$1,$C:$L,10,FALSE)),1,IF(AND(AK22<0,$A22>VLOOKUP(AK$1,$C:$L,10,FALSE)),1,0)) -> 0 | G22: =IF(AND(AL22>0,$A22<VLOOKUP(AL$1,$C:$L,10,FALSE)),1,IF(AND(AL22<0,$A22>VLOOKUP(AL$1,$C:$L,10,FALSE)),1,0)) -> 0 | H22: =IF(AND(AN22>0,$A22<VLOOKUP(AN$1,$C:$L,10,FALSE)),1,IF(AND(AN22<0,$A22>VLOOKUP(AN$1,$C:$L,10,FALSE)),1,0)) -> 1 | I22: =IF(AND(AO22>0,$A22<VLOOKUP(AO$1,$C:$L,10,FALSE)),1,IF(AND(AO22<0,$A22>VLOOKUP(AO$1,$C:$L,10,FALSE)),1,0)) -> 1 | J22: =IF(AND(AP22>0,$A22<VLOOKUP(AP$1,$C:$L,10,FALSE)),1,IF(AND(AP22<0,$A22>VLOOKUP(AP$1,$C:$L,10,FALSE)),1,0)) -> 0 | K22: Updated | L22: =B22 -> 19 | M22: 5 | N22: =COUNTIF($U22:$BH22,">0") -> 1 | O22: =COUNTIF($U22:$BH22,"<0") -> 5 | P22: =COUNTIF($U22:$BH22,"=0") -> 0 | Q22: =COUNTIF($AN22:$AQ22,">0") -> 0 | R22: =COUNTIF($AN22:$AQ22,"<0") -> 3 | S22: =COUNTIF($AN22:$AQ22,"=0") -> 0 | T22: =COUNTIF(U22:BI22,"NC") -> 0 | U22: =IFERROR(IFERROR(VLOOKUP($C22&" "&U$1,Results!$F:$H,3,FALSE),-VLOOKUP($C22&" "&U$1,Results!$G:$H,2,FALSE)),"") | V22: =IFERROR(IFERROR(VLOOKUP($C22&" "&V$1,Results!$F:$H,3,FALSE),-VLOOKUP($C22&" "&V$1,Results!$G:$H,2,FALSE)),"") | W22: =IFERROR(IFERROR(VLOOKUP($C22&" "&W$1,Results!$F:$H,3,FALSE),-VLOOKUP($C22&" "&W$1,Results!$G:$H,2,FALSE)),"") | X22: =IFERROR(IFERROR(VLOOKUP($C22&" "&X$1,Results!$F:$H,3,FALSE),-VLOOKUP($C22&" "&X$1,Results!$G:$H,2,FALSE)),"") | Y22: =IFERROR(IFERROR(VLOOKUP($C22&" "&Y$1,Results!$F:$H,3,FALSE),-VLOOKUP($C22&" "&Y$1,Results!$G:$H,2,FALSE)),"") | Z22: =IFERROR(IFERROR(VLOOKUP($C22&" "&Z$1,Results!$F:$H,3,FALSE),-VLOOKUP($C22&" "&Z$1,Results!$G:$H,2,FALSE)),"") | AA22: =IFERROR(IFERROR(VLOOKUP($C22&" "&AA$1,Results!$F:$H,3,FALSE),-VLOOKUP($C22&" "&AA$1,Results!$G:$H,2,FALSE)),"") | AB22: =IFERROR(IFERROR(VLOOKUP($C22&" "&AB$1,Results!$F:$H,3,FALSE),-VLOOKUP($C22&" "&AB$1,Results!$G:$H,2,FALSE)),"") | ... AS22: =IFERROR(IFERROR(VLOOKUP($C22&" "&AS$1,Results!$F:$H,3,FALSE),-VLOOKUP($C22&" "&AS$1,Results!$G:$H,2,FALSE)),"") -> 140 | BJ22: =SUM(U22:BH22) -> -294 | BK22: =COUNTIF(E22:J22,1) -> 2 | BL22: =COUNTIF(E22:J22,0) -> 4 | BM22: =COUNT(E22:J22) -> 6 | BN22: =+BK22/BM22 -> 0.33333333 | BQ22: =SUM(U22:BI22) -> -294 | BS22: 17 | BT22: =A22 -> 22 | BU22: =+BS22-BT22 -> -5
A23: 20 | B23: 20 | C23: Summerfield North | E23: =IF(AND(AO23>0,$A23<VLOOKUP(AO$1,$C:$L,10,FALSE)),1,IF(AND(AO23<0,$A23>VLOOKUP(AO$1,$C:$L,10,FALSE)),1,0)) -> 1 | F23: =IF(AND(AP23>0,$A23<VLOOKUP(AP$1,$C:$L,10,FALSE)),1,IF(AND(AP23<0,$A23>VLOOKUP(AP$1,$C:$L,10,FALSE)),1,0)) -> 0 | G23: =IF(AND(AQ23>0,$A23<VLOOKUP(AQ$1,$C:$L,10,FALSE)),1,IF(AND(AQ23<0,$A23>VLOOKUP(AQ$1,$C:$L,10,FALSE)),1,0)) -> 0 | H23: =IF(AND(AS23>0,$A23<VLOOKUP(AS$1,$C:$L,10,FALSE)),1,IF(AND(AS23<0,$A23>VLOOKUP(AS$1,$C:$L,10,FALSE)),1,0)) -> 1 | I23: =IF(AND(AT23>0,$A23<VLOOKUP(AT$1,$C:$L,10,FALSE)),1,IF(AND(AT23<0,$A23>VLOOKUP(AT$1,$C:$L,10,FALSE)),1,0)) -> 1 | J23: =IF(AND(AU23>0,$A23<VLOOKUP(AU$1,$C:$L,10,FALSE)),1,IF(AND(AU23<0,$A23>VLOOKUP(AU$1,$C:$L,10,FALSE)),1,0)) -> 1 | K23: Updated | L23: =B23 -> 20 | M23: 5 | N23: =COUNTIF($U23:$BH23,">0") -> 4 | O23: =COUNTIF($U23:$BH23,"<0") -> 2 | P23: =COUNTIF($U23:$BH23,"=0") -> 0 | Q23: =COUNTIF($AN23:$AQ23,">0") -> 1 | R23: =COUNTIF($AN23:$AQ23,"<0") -> 2 | S23: =COUNTIF($AN23:$AQ23,"=0") -> 0 | T23: =COUNTIF(U23:BI23,"NC") -> 0 | U23: =IFERROR(IFERROR(VLOOKUP($C23&" "&U$1,Results!$F:$H,3,FALSE),-VLOOKUP($C23&" "&U$1,Results!$G:$H,2,FALSE)),"") | V23: =IFERROR(IFERROR(VLOOKUP($C23&" "&V$1,Results!$F:$H,3,FALSE),-VLOOKUP($C23&" "&V$1,Results!$G:$H,2,FALSE)),"") | W23: =IFERROR(IFERROR(VLOOKUP($C23&" "&W$1,Results!$F:$H,3,FALSE),-VLOOKUP($C23&" "&W$1,Results!$G:$H,2,FALSE)),"") | X23: =IFERROR(IFERROR(VLOOKUP($C23&" "&X$1,Results!$F:$H,3,FALSE),-VLOOKUP($C23&" "&X$1,Results!$G:$H,2,FALSE)),"") | Y23: =IFERROR(IFERROR(VLOOKUP($C23&" "&Y$1,Results!$F:$H,3,FALSE),-VLOOKUP($C23&" "&Y$1,Results!$G:$H,2,FALSE)),"") | Z23: =IFERROR(IFERROR(VLOOKUP($C23&" "&Z$1,Results!$F:$H,3,FALSE),-VLOOKUP($C23&" "&Z$1,Results!$G:$H,2,FALSE)),"") | AA23: =IFERROR(IFERROR(VLOOKUP($C23&" "&AA$1,Results!$F:$H,3,FALSE),-VLOOKUP($C23&" "&AA$1,Results!$G:$H,2,FALSE)),"") | AB23: =IFERROR(IFERROR(VLOOKUP($C23&" "&AB$1,Results!$F:$H,3,FALSE),-VLOOKUP($C23&" "&AB$1,Results!$G:$H,2,FALSE)),"") | ... AY23: =IFERROR(IFERROR(VLOOKUP($C23&" "&AY$1,Results!$F:$H,3,FALSE),-VLOOKUP($C23&" "&AY$1,Results!$G:$H,2,FALSE)),"") | BJ23: =SUM(U23:BH23) -> 62 | BK23: =COUNTIF(E23:J23,1) -> 4 | BL23: =COUNTIF(E23:J23,0) -> 2 | BM23: =COUNT(E23:J23) -> 6 | BN23: =+BK23/BM23 -> 0.66666667 | BQ23: =SUM(U23:BI23) -> 62 | BS23: 20 | BT23: =A23 -> 20 | BU23: =+BS23-BT23 -> 0
A24: 19 | B24: 21 | C24: Durant Trails | E24: =IF(AND(AQ24>0,$A24<VLOOKUP(AQ$1,$C:$L,10,FALSE)),1,IF(AND(AQ24<0,$A24>VLOOKUP(AQ$1,$C:$L,10,FALSE)),1,0)) -> 0 | F24: =IF(AND(AR24>0,$A24<VLOOKUP(AR$1,$C:$L,10,FALSE)),1,IF(AND(AR24<0,$A24>VLOOKUP(AR$1,$C:$L,10,FALSE)),1,0)) -> 1 | G24: =IF(AND(AS24>0,$A24<VLOOKUP(AS$1,$C:$L,10,FALSE)),1,IF(AND(AS24<0,$A24>VLOOKUP(AS$1,$C:$L,10,FALSE)),1,0)) -> 1 | H24: =IF(AND(AU24>0,$A24<VLOOKUP(AU$1,$C:$L,10,FALSE)),1,IF(AND(AU24<0,$A24>VLOOKUP(AU$1,$C:$L,10,FALSE)),1,0)) -> 1 | I24: =IF(AND(AV24>0,$A24<VLOOKUP(AV$1,$C:$L,10,FALSE)),1,IF(AND(AV24<0,$A24>VLOOKUP(AV$1,$C:$L,10,FALSE)),1,0)) -> 1 | J24: =IF(AND(AW24>0,$A24<VLOOKUP(AW$1,$C:$L,10,FALSE)),1,IF(AND(AW24<0,$A24>VLOOKUP(AW$1,$C:$L,10,FALSE)),1,0)) -> 1 | K24: Updated | L24: =B24 -> 21 | M24: 6 | N24: =COUNTIF($U24:$BH24,">0") -> 4 | O24: =COUNTIF($U24:$BH24,"<0") -> 2 | P24: =COUNTIF($U24:$BH24,"=0") -> 0 | Q24: =COUNTIF($AR24:$AU24,">0") -> 3 | R24: =COUNTIF($AR24:$AU24,"<0") -> 0 | S24: =COUNTIF($AR24:$AU24,"=0") -> 0 | T24: =COUNTIF(U24:BI24,"NC") -> 0 | AN24: =IFERROR(IFERROR(VLOOKUP($C24&" "&AN$1,Results!$F:$H,3,FALSE),-VLOOKUP($C24&" "&AN$1,Results!$G:$H,2,FALSE)),"") | AO24: =IFERROR(IFERROR(VLOOKUP($C24&" "&AO$1,Results!$F:$H,3,FALSE),-VLOOKUP($C24&" "&AO$1,Results!$G:$H,2,FALSE)),"") -> -230.66667 | AP24: =IFERROR(IFERROR(VLOOKUP($C24&" "&AP$1,Results!$F:$H,3,FALSE),-VLOOKUP($C24&" "&AP$1,Results!$G:$H,2,FALSE)),"") -> 47 | AQ24: =IFERROR(IFERROR(VLOOKUP($C24&" "&AQ$1,Results!$F:$H,3,FALSE),-VLOOKUP($C24&" "&AQ$1,Results!$G:$H,2,FALSE)),"") -> -58 | AR24: =IFERROR(IFERROR(VLOOKUP($C24&" "&AR$1,Results!$F:$H,3,FALSE),-VLOOKUP($C24&" "&AR$1,Results!$G:$H,2,FALSE)),"") | AS24: =IFERROR(IFERROR(VLOOKUP($C24&" "&AS$1,Results!$F:$H,3,FALSE),-VLOOKUP($C24&" "&AS$1,Results!$G:$H,2,FALSE)),"") -> 118 | AT24: =IFERROR(IFERROR(VLOOKUP($C24&" "&AT$1,Results!$F:$H,3,FALSE),-VLOOKUP($C24&" "&AT$1,Results!$G:$H,2,FALSE)),"") -> 16 | AU24: =IFERROR(IFERROR(VLOOKUP($C24&" "&AU$1,Results!$F:$H,3,FALSE),-VLOOKUP($C24&" "&AU$1,Results!$G:$H,2,FALSE)),"") -> 150 | ... AY24: =IFERROR(IFERROR(VLOOKUP($C24&" "&AY$1,Results!$F:$H,3,FALSE),-VLOOKUP($C24&" "&AY$1,Results!$G:$H,2,FALSE)),"") | BJ24: =SUM(U24:BH24) -> 42.333333 | BK24: =COUNTIF(E24:J24,1) -> 5 | BL24: =COUNTIF(E24:J24,0) -> 1 | BM24: =COUNT(E24:J24) -> 6 | BN24: =+BK24/BM24 -> 0.83333333 | BQ24: =SUM(U24:BI24) -> 42.333333 | BS24: 21 | BT24: =A24 -> 19 | BU24: =+BS24-BT24 -> 2
A25: 27 | B25: 22 | C25: Lifetime Raleigh | E25: =IF(AND(AT25>0,$A25<VLOOKUP(AT$1,$C:$L,10,FALSE)),1,IF(AND(AT25<0,$A25>VLOOKUP(AT$1,$C:$L,10,FALSE)),1,0)) -> 1 | F25: =IF(AND(AU25>0,$A25<VLOOKUP(AU$1,$C:$L,10,FALSE)),1,IF(AND(AU25<0,$A25>VLOOKUP(AU$1,$C:$L,10,FALSE)),1,0)) -> 1 | G25: =IF(AND(AV25>0,$A25<VLOOKUP(AV$1,$C:$L,10,FALSE)),1,IF(AND(AV25<0,$A25>VLOOKUP(AV$1,$C:$L,10,FALSE)),1,0)) -> 1 | H25: =IF(AND(AX25>0,$A25<VLOOKUP(AX$1,$C:$L,10,FALSE)),1,IF(AND(AX25<0,$A25>VLOOKUP(AX$1,$C:$L,10,FALSE)),1,0)) -> 0 | I25: =IF(AND(AY25>0,$A25<VLOOKUP(AY$1,$C:$L,10,FALSE)),1,IF(AND(AY25<0,$A25>VLOOKUP(AY$1,$C:$L,10,FALSE)),1,0)) -> 1 | J25: =IF(AND(AZ25>0,$A25<VLOOKUP(AZ$1,$C:$L,10,FALSE)),1,IF(AND(AZ25<0,$A25>VLOOKUP(AZ$1,$C:$L,10,FALSE)),1,0)) -> 1 | K25: Updated | L25: =B25 -> 22 | M25: 6 | N25: =COUNTIF($U25:$BH25,">0") -> 0 | O25: =COUNTIF($U25:$BH25,"<0") -> 6 | P25: =COUNTIF($U25:$BH25,"=0") -> 0 | Q25: =COUNTIF($AR25:$AU25,">0") -> 0 | R25: =COUNTIF($AR25:$AU25,"<0") -> 3 | S25: =COUNTIF($AR25:$AU25,"=0") -> 0 | T25: =COUNTIF(U25:BI25,"NC") -> 0 | AN25: =IFERROR(IFERROR(VLOOKUP($C25&" "&AN$1,Results!$F:$H,3,FALSE),-VLOOKUP($C25&" "&AN$1,Results!$G:$H,2,FALSE)),"") | AO25: =IFERROR(IFERROR(VLOOKUP($C25&" "&AO$1,Results!$F:$H,3,FALSE),-VLOOKUP($C25&" "&AO$1,Results!$G:$H,2,FALSE)),"") | AP25: =IFERROR(IFERROR(VLOOKUP($C25&" "&AP$1,Results!$F:$H,3,FALSE),-VLOOKUP($C25&" "&AP$1,Results!$G:$H,2,FALSE)),"") -> -140 | AQ25: =IFERROR(IFERROR(VLOOKUP($C25&" "&AQ$1,Results!$F:$H,3,FALSE),-VLOOKUP($C25&" "&AQ$1,Results!$G:$H,2,FALSE)),"") -> -62 | AR25: =IFERROR(IFERROR(VLOOKUP($C25&" "&AR$1,Results!$F:$H,3,FALSE),-VLOOKUP($C25&" "&AR$1,Results!$G:$H,2,FALSE)),"") -> -118 | AS25: =IFERROR(IFERROR(VLOOKUP($C25&" "&AS$1,Results!$F:$H,3,FALSE),-VLOOKUP($C25&" "&AS$1,Results!$G:$H,2,FALSE)),"") | AT25: =IFERROR(IFERROR(VLOOKUP($C25&" "&AT$1,Results!$F:$H,3,FALSE),-VLOOKUP($C25&" "&AT$1,Results!$G:$H,2,FALSE)),"") -> -9 | AU25: =IFERROR(IFERROR(VLOOKUP($C25&" "&AU$1,Results!$F:$H,3,FALSE),-VLOOKUP($C25&" "&AU$1,Results!$G:$H,2,FALSE)),"") -> -34 | ... BD25: =IFERROR(IFERROR(VLOOKUP($C25&" "&BD$1,Results!$F:$H,3,FALSE),-VLOOKUP($C25&" "&BD$1,Results!$G:$H,2,FALSE)),"") | BJ25: =SUM(U25:BH25) -> -422 | BK25: =COUNTIF(E25:J25,1) -> 5 | BL25: =COUNTIF(E25:J25,0) -> 1 | BM25: =COUNT(E25:J25) -> 6 | BN25: =+BK25/BM25 -> 0.83333333 | BQ25: =SUM(U25:BI25) -> -422 | BS25: 28 | BT25: =A25 -> 27 | BU25: =+BS25-BT25 -> 1
A26: 23 | B26: 23 | C26: Oak Park | E26: =IF(AND(AR26>0,$A26<VLOOKUP(AR$1,$C:$L,10,FALSE)),1,IF(AND(AR26<0,$A26>VLOOKUP(AR$1,$C:$L,10,FALSE)),1,0)) -> 1 | F26: =IF(AND(AS26>0,$A26<VLOOKUP(AS$1,$C:$L,10,FALSE)),1,IF(AND(AS26<0,$A26>VLOOKUP(AS$1,$C:$L,10,FALSE)),1,0)) -> 0 | G26: =IF(AND(AT26>0,$A26<VLOOKUP(AT$1,$C:$L,10,FALSE)),1,IF(AND(AT26<0,$A26>VLOOKUP(AT$1,$C:$L,10,FALSE)),1,0)) -> 0 | H26: =IF(AND(AV26>0,$A26<VLOOKUP(AV$1,$C:$L,10,FALSE)),1,IF(AND(AV26<0,$A26>VLOOKUP(AV$1,$C:$L,10,FALSE)),1,0)) -> 0 | I26: =IF(AND(AW26>0,$A26<VLOOKUP(AW$1,$C:$L,10,FALSE)),1,IF(AND(AW26<0,$A26>VLOOKUP(AW$1,$C:$L,10,FALSE)),1,0)) -> 1 | J26: =IF(AND(AX26>0,$A26<VLOOKUP(AX$1,$C:$L,10,FALSE)),1,IF(AND(AX26<0,$A26>VLOOKUP(AX$1,$C:$L,10,FALSE)),1,0)) -> 1 | K26: Updated | L26: =B26 -> 23 | M26: 6 | N26: =COUNTIF($U26:$BH26,">0") -> 2 | O26: =COUNTIF($U26:$BH26,"<0") -> 3 | P26: =COUNTIF($U26:$BH26,"=0") -> 0 | Q26: =COUNTIF($AR26:$AU26,">0") -> 2 | R26: =COUNTIF($AR26:$AU26,"<0") -> 1 | S26: =COUNTIF($AR26:$AU26,"=0") -> 0 | T26: =COUNTIF(U26:BI26,"NC") -> 0 | AN26: =IFERROR(IFERROR(VLOOKUP($C26&" "&AN$1,Results!$F:$H,3,FALSE),-VLOOKUP($C26&" "&AN$1,Results!$G:$H,2,FALSE)),"") | AO26: =IFERROR(IFERROR(VLOOKUP($C26&" "&AO$1,Results!$F:$H,3,FALSE),-VLOOKUP($C26&" "&AO$1,Results!$G:$H,2,FALSE)),"") | AP26: =IFERROR(IFERROR(VLOOKUP($C26&" "&AP$1,Results!$F:$H,3,FALSE),-VLOOKUP($C26&" "&AP$1,Results!$G:$H,2,FALSE)),"") | AQ26: =IFERROR(IFERROR(VLOOKUP($C26&" "&AQ$1,Results!$F:$H,3,FALSE),-VLOOKUP($C26&" "&AQ$1,Results!$G:$H,2,FALSE)),"") -> -11 | AR26: =IFERROR(IFERROR(VLOOKUP($C26&" "&AR$1,Results!$F:$H,3,FALSE),-VLOOKUP($C26&" "&AR$1,Results!$G:$H,2,FALSE)),"") -> -16 | AS26: =IFERROR(IFERROR(VLOOKUP($C26&" "&AS$1,Results!$F:$H,3,FALSE),-VLOOKUP($C26&" "&AS$1,Results!$G:$H,2,FALSE)),"") -> 9 | AT26: =IFERROR(IFERROR(VLOOKUP($C26&" "&AT$1,Results!$F:$H,3,FALSE),-VLOOKUP($C26&" "&AT$1,Results!$G:$H,2,FALSE)),"") | AU26: =IFERROR(IFERROR(VLOOKUP($C26&" "&AU$1,Results!$F:$H,3,FALSE),-VLOOKUP($C26&" "&AU$1,Results!$G:$H,2,FALSE)),"") -> 6 | ... AY26: =IFERROR(IFERROR(VLOOKUP($C26&" "&AY$1,Results!$F:$H,3,FALSE),-VLOOKUP($C26&" "&AY$1,Results!$G:$H,2,FALSE)),"") | BJ26: =SUM(U26:BH26) -> -28 | BK26: =COUNTIF(E26:J26,1) -> 3 | BL26: =COUNTIF(E26:J26,0) -> 3 | BM26: =COUNT(E26:J26) -> 6 | BN26: =+BK26/BM26 -> 0.5 | BQ26: =SUM(U26:BI26) -> -28 | BS26: 26 | BT26: =A26 -> 23 | BU26: =+BS26-BT26 -> 3
A27: 26 | B27: 24 | C27: Manchester | E27: =IF(AND(AM27>0,$A27<VLOOKUP(AM$1,$C:$L,10,FALSE)),1,IF(AND(AM27<0,$A27>VLOOKUP(AM$1,$C:$L,10,FALSE)),1,0)) -> 0 | F27: =IF(AND(AN27>0,$A27<VLOOKUP(AN$1,$C:$L,10,FALSE)),1,IF(AND(AN27<0,$A27>VLOOKUP(AN$1,$C:$L,10,FALSE)),1,0)) -> 0 | G27: =IF(AND(AO27>0,$A27<VLOOKUP(AO$1,$C:$L,10,FALSE)),1,IF(AND(AO27<0,$A27>VLOOKUP(AO$1,$C:$L,10,FALSE)),1,0)) -> 0 | H27: =IF(AND(AQ27>0,$A27<VLOOKUP(AQ$1,$C:$L,10,FALSE)),1,IF(AND(AQ27<0,$A27>VLOOKUP(AQ$1,$C:$L,10,FALSE)),1,0)) -> 0 | I27: =IF(AND(AR27>0,$A27<VLOOKUP(AR$1,$C:$L,10,FALSE)),1,IF(AND(AR27<0,$A27>VLOOKUP(AR$1,$C:$L,10,FALSE)),1,0)) -> 1 | J27: =IF(AND(AS27>0,$A27<VLOOKUP(AS$1,$C:$L,10,FALSE)),1,IF(AND(AS27<0,$A27>VLOOKUP(AS$1,$C:$L,10,FALSE)),1,0)) -> 0 | K27: Updated | L27: =B27 -> 24 | M27: 6 | N27: =COUNTIF($U27:$BH27,">0") -> 2 | O27: =COUNTIF($U27:$BH27,"<0") -> 3 | P27: =COUNTIF($U27:$BH27,"=0") -> 0 | Q27: =COUNTIF($AR27:$AU27,">0") -> 1 | R27: =COUNTIF($AR27:$AU27,"<0") -> 2 | S27: =COUNTIF($AR27:$AU27,"=0") -> 0 | T27: =COUNTIF(U27:BI27,"NC") -> 0 | U27: =IFERROR(IFERROR(VLOOKUP($C27&" "&U$1,Results!$F:$H,3,FALSE),-VLOOKUP($C27&" "&U$1,Results!$G:$H,2,FALSE)),"") | V27: =IFERROR(IFERROR(VLOOKUP($C27&" "&V$1,Results!$F:$H,3,FALSE),-VLOOKUP($C27&" "&V$1,Results!$G:$H,2,FALSE)),"") | W27: =IFERROR(IFERROR(VLOOKUP($C27&" "&W$1,Results!$F:$H,3,FALSE),-VLOOKUP($C27&" "&W$1,Results!$G:$H,2,FALSE)),"") | X27: =IFERROR(IFERROR(VLOOKUP($C27&" "&X$1,Results!$F:$H,3,FALSE),-VLOOKUP($C27&" "&X$1,Results!$G:$H,2,FALSE)),"") | Y27: =IFERROR(IFERROR(VLOOKUP($C27&" "&Y$1,Results!$F:$H,3,FALSE),-VLOOKUP($C27&" "&Y$1,Results!$G:$H,2,FALSE)),"") | Z27: =IFERROR(IFERROR(VLOOKUP($C27&" "&Z$1,Results!$F:$H,3,FALSE),-VLOOKUP($C27&" "&Z$1,Results!$G:$H,2,FALSE)),"") | AA27: =IFERROR(IFERROR(VLOOKUP($C27&" "&AA$1,Results!$F:$H,3,FALSE),-VLOOKUP($C27&" "&AA$1,Results!$G:$H,2,FALSE)),"") | AB27: =IFERROR(IFERROR(VLOOKUP($C27&" "&AB$1,Results!$F:$H,3,FALSE),-VLOOKUP($C27&" "&AB$1,Results!$G:$H,2,FALSE)),"") | ... AY27: =IFERROR(IFERROR(VLOOKUP($C27&" "&AY$1,Results!$F:$H,3,FALSE),-VLOOKUP($C27&" "&AY$1,Results!$G:$H,2,FALSE)),"") | BJ27: =SUM(U27:BH27) -> -161 | BK27: =COUNTIF(E27:J27,1) -> 1 | BL27: =COUNTIF(E27:J27,0) -> 5 | BM27: =COUNT(E27:J27) -> 6 | BN27: =+BK27/BM27 -> 0.16666667 | BQ27: =SUM(U27:BI27) -> -161 | BS27: 16 | BT27: =A27 -> 26 | BU27: =+BS27-BT27 -> -10
A28: 21 | B28: 25 | C28: Hedingham | E28: =IF(AND(AX28>0,$A28<VLOOKUP(AX$1,$C:$L,10,FALSE)),1,IF(AND(AX28<0,$A28>VLOOKUP(AX$1,$C:$L,10,FALSE)),1,0)) -> 1 | F28: =IF(AND(AY28>0,$A28<VLOOKUP(AY$1,$C:$L,10,FALSE)),1,IF(AND(AY28<0,$A28>VLOOKUP(AY$1,$C:$L,10,FALSE)),1,0)) -> 1 | G28: =IF(AND(AZ28>0,$A28<VLOOKUP(AZ$1,$C:$L,10,FALSE)),1,IF(AND(AZ28<0,$A28>VLOOKUP(AZ$1,$C:$L,10,FALSE)),1,0)) -> 1 | H28: =IF(AND(BB28>0,$A28<VLOOKUP(BB$1,$C:$L,10,FALSE)),1,IF(AND(BB28<0,$A28>VLOOKUP(BB$1,$C:$L,10,FALSE)),1,0)) -> 1 | I28: =IF(AND(BC28>0,$A28<VLOOKUP(BC$1,$C:$L,10,FALSE)),1,IF(AND(BC28<0,$A28>VLOOKUP(BC$1,$C:$L,10,FALSE)),1,0)) -> 1 | J28: =IF(AND(BH28>0,$A28<VLOOKUP(BH$1,$C:$L,10,FALSE)),1,IF(AND(BH28<0,$A28>VLOOKUP(BH$1,$C:$L,10,FALSE)),1,0)) -> 1 | K28: Updated | L28: =B28 -> 25 | M28: 7 | N28: =COUNTIF($U28:$BI28,">0") -> 5 | O28: =COUNTIF($U28:$BI28,"<0") -> 0 | P28: =COUNTIF($U28:$BI28,"=0") -> 0 | Q28: =COUNTIF($AV28:$AY28,">0") -> 2 | R28: =COUNTIF($AV28:$AY28,"<0") -> 0 | S28: =COUNTIF($AV28:$AY28,"=0") -> 0 | T28: =COUNTIF(U28:BI28,"NC") -> 0 | AR28: =IFERROR(IFERROR(VLOOKUP($C28&" "&AR$1,Results!$F:$H,3,FALSE),-VLOOKUP($C28&" "&AR$1,Results!$G:$H,2,FALSE)),"") | AS28: =IFERROR(IFERROR(VLOOKUP($C28&" "&AS$1,Results!$F:$H,3,FALSE),-VLOOKUP($C28&" "&AS$1,Results!$G:$H,2,FALSE)),"") -> 59 | AT28: =IFERROR(IFERROR(VLOOKUP($C28&" "&AT$1,Results!$F:$H,3,FALSE),-VLOOKUP($C28&" "&AT$1,Results!$G:$H,2,FALSE)),"") -> 16 | AU28: =IFERROR(IFERROR(VLOOKUP($C28&" "&AU$1,Results!$F:$H,3,FALSE),-VLOOKUP($C28&" "&AU$1,Results!$G:$H,2,FALSE)),"") -> 141 | AV28: =IFERROR(IFERROR(VLOOKUP($C28&" "&AV$1,Results!$F:$H,3,FALSE),-VLOOKUP($C28&" "&AV$1,Results!$G:$H,2,FALSE)),"") | AW28: =IFERROR(IFERROR(VLOOKUP($C28&" "&AW$1,Results!$F:$H,3,FALSE),-VLOOKUP($C28&" "&AW$1,Results!$G:$H,2,FALSE)),"") | AX28: =IFERROR(IFERROR(VLOOKUP($C28&" "&AX$1,Results!$F:$H,3,FALSE),-VLOOKUP($C28&" "&AX$1,Results!$G:$H,2,FALSE)),"") -> 204 | AY28: =IFERROR(IFERROR(VLOOKUP($C28&" "&AY$1,Results!$F:$H,3,FALSE),-VLOOKUP($C28&" "&AY$1,Results!$G:$H,2,FALSE)),"") -> 38 | ... BI28: =IFERROR(IFERROR(VLOOKUP($C28&" "&BI$1,Results!$F:$H,3,FALSE),-VLOOKUP($C28&" "&BI$1,Results!$G:$H,2,FALSE)),"") | BJ28: =SUM(U28:BH28) -> 458 | BK28: =COUNTIF(E28:J28,1) -> 6 | BL28: =COUNTIF(E28:J28,0) -> 0 | BM28: =COUNT(E28:J28) -> 6 | BN28: =+BK28/BM28 -> 1 | BQ28: =SUM(U28:BI28) -> 458 | BS28: 24 | BT28: =A28 -> 21 | BU28: =+BS28-BT28 -> 3
A29: 38 | B29: 26 | C29: Jewish Community Center | E29: =IF(AND(AW29>0,$A29<VLOOKUP(AW$1,$C:$L,10,FALSE)),1,IF(AND(AW29<0,$A29>VLOOKUP(AW$1,$C:$L,10,FALSE)),1,0)) -> 0 | F29: =IF(AND(AX29>0,$A29<VLOOKUP(AX$1,$C:$L,10,FALSE)),1,IF(AND(AX29<0,$A29>VLOOKUP(AX$1,$C:$L,10,FALSE)),1,0)) -> 0 | G29: =IF(AND(AY29>0,$A29<VLOOKUP(AY$1,$C:$L,10,FALSE)),1,IF(AND(AY29<0,$A29>VLOOKUP(AY$1,$C:$L,10,FALSE)),1,0)) -> 0 | H29: =IF(AND(BA29>0,$A29<VLOOKUP(BA$1,$C:$L,10,FALSE)),1,IF(AND(BA29<0,$A29>VLOOKUP(BA$1,$C:$L,10,FALSE)),1,0)) -> 0 | I29: =IF(AND(BB29>0,$A29<VLOOKUP(BB$1,$C:$L,10,FALSE)),1,IF(AND(BB29<0,$A29>VLOOKUP(BB$1,$C:$L,10,FALSE)),1,0)) -> 0 | J29: =IF(AND(BC29>0,$A29<VLOOKUP(BC$1,$C:$L,10,FALSE)),1,IF(AND(BC29<0,$A29>VLOOKUP(BC$1,$C:$L,10,FALSE)),1,0)) -> 0 | K29: Updated | L29: =B29 -> 26 | M29: 7 | N29: =COUNTIF($U29:$BI29,">0") -> 0 | O29: =COUNTIF($U29:$BI29,"<0") -> 0 | P29: =COUNTIF($U29:$BI29,"=0") -> 0 | Q29: =COUNTIF($AV29:$AY29,">0") -> 0 | R29: =COUNTIF($AV29:$AY29,"<0") -> 0 | S29: =COUNTIF($AV29:$AY29,"=0") -> 0 | T29: =COUNTIF(U29:BI29,"NC") -> 0 | AV29: =IFERROR(IFERROR(VLOOKUP($C29&" "&AV$1,Results!$F:$H,3,FALSE),-VLOOKUP($C29&" "&AV$1,Results!$G:$H,2,FALSE)),"") | AW29: =IFERROR(IFERROR(VLOOKUP($C29&" "&AW$1,Results!$F:$H,3,FALSE),-VLOOKUP($C29&" "&AW$1,Results!$G:$H,2,FALSE)),"") | AX29: =IFERROR(IFERROR(VLOOKUP($C29&" "&AX$1,Results!$F:$H,3,FALSE),-VLOOKUP($C29&" "&AX$1,Results!$G:$H,2,FALSE)),"") | AY29: =IFERROR(IFERROR(VLOOKUP($C29&" "&AY$1,Results!$F:$H,3,FALSE),-VLOOKUP($C29&" "&AY$1,Results!$G:$H,2,FALSE)),"") | AZ29: =IFERROR(IFERROR(VLOOKUP($C29&" "&AZ$1,Results!$F:$H,3,FALSE),-VLOOKUP($C29&" "&AZ$1,Results!$G:$H,2,FALSE)),"") | BA29: =IFERROR(IFERROR(VLOOKUP($C29&" "&BA$1,Results!$F:$H,3,FALSE),-VLOOKUP($C29&" "&BA$1,Results!$G:$H,2,FALSE)),"") | BB29: =IFERROR(IFERROR(VLOOKUP($C29&" "&BB$1,Results!$F:$H,3,FALSE),-VLOOKUP($C29&" "&BB$1,Results!$G:$H,2,FALSE)),"") | BC29: =IFERROR(IFERROR(VLOOKUP($C29&" "&BC$1,Results!$F:$H,3,FALSE),-VLOOKUP($C29&" "&BC$1,Results!$G:$H,2,FALSE)),"") | ... BI29: =IFERROR(IFERROR(VLOOKUP($C29&" "&BI$1,Results!$F:$H,3,FALSE),-VLOOKUP($C29&" "&BI$1,Results!$G:$H,2,FALSE)),"") | BJ29: =SUM(U29:BH29) -> 0 | BK29: =COUNTIF(E29:J29,1) -> 0 | BL29: =COUNTIF(E29:J29,0) -> 6 | BM29: =COUNT(E29:J29) -> 6 | BN29: =+BK29/BM29 -> 0 | BQ29: =SUM(U29:BI29) -> 0 | BS29: 29 | BT29: =A29 -> 38 | BU29: =+BS29-BT29 -> -9
A30: 32 | B30: 27 | C30: Meredith Townes | E30: =IF(AND(AP30>0,$A30<VLOOKUP(AP$1,$C:$L,10,FALSE)),1,IF(AND(AP30<0,$A30>VLOOKUP(AP$1,$C:$L,10,FALSE)),1,0)) -> 0 | F30: =IF(AND(AQ30>0,$A30<VLOOKUP(AQ$1,$C:$L,10,FALSE)),1,IF(AND(AQ30<0,$A30>VLOOKUP(AQ$1,$C:$L,10,FALSE)),1,0)) -> 0 | G30: =IF(AND(AR30>0,$A30<VLOOKUP(AR$1,$C:$L,10,FALSE)),1,IF(AND(AR30<0,$A30>VLOOKUP(AR$1,$C:$L,10,FALSE)),1,0)) -> 0 | H30: =IF(AND(AT30>0,$A30<VLOOKUP(AT$1,$C:$L,10,FALSE)),1,IF(AND(AT30<0,$A30>VLOOKUP(AT$1,$C:$L,10,FALSE)),1,0)) -> 0 | I30: =IF(AND(AU30>0,$A30<VLOOKUP(AU$1,$C:$L,10,FALSE)),1,IF(AND(AU30<0,$A30>VLOOKUP(AU$1,$C:$L,10,FALSE)),1,0)) -> 1 | J30: =IF(AND(AV30>0,$A30<VLOOKUP(AV$1,$C:$L,10,FALSE)),1,IF(AND(AV30<0,$A30>VLOOKUP(AV$1,$C:$L,10,FALSE)),1,0)) -> 1 | K30: Updated | L30: =B30 -> 27 | M30: 7 | N30: =COUNTIF($U30:$BI30,">0") -> 0 | O30: =COUNTIF($U30:$BI30,"<0") -> 5 | P30: =COUNTIF($U30:$BI30,"=0") -> 0 | Q30: =COUNTIF($AV30:$AY30,">0") -> 0 | R30: =COUNTIF($AV30:$AY30,"<0") -> 2 | S30: =COUNTIF($AV30:$AY30,"=0") -> 0 | T30: =COUNTIF(U30:BI30,"NC") -> 0 | U30: =IFERROR(IFERROR(VLOOKUP($C30&" "&U$1,Results!$F:$H,3,FALSE),-VLOOKUP($C30&" "&U$1,Results!$G:$H,2,FALSE)),"") | V30: =IFERROR(IFERROR(VLOOKUP($C30&" "&V$1,Results!$F:$H,3,FALSE),-VLOOKUP($C30&" "&V$1,Results!$G:$H,2,FALSE)),"") | W30: =IFERROR(IFERROR(VLOOKUP($C30&" "&W$1,Results!$F:$H,3,FALSE),-VLOOKUP($C30&" "&W$1,Results!$G:$H,2,FALSE)),"") | X30: =IFERROR(IFERROR(VLOOKUP($C30&" "&X$1,Results!$F:$H,3,FALSE),-VLOOKUP($C30&" "&X$1,Results!$G:$H,2,FALSE)),"") | Y30: =IFERROR(IFERROR(VLOOKUP($C30&" "&Y$1,Results!$F:$H,3,FALSE),-VLOOKUP($C30&" "&Y$1,Results!$G:$H,2,FALSE)),"") | Z30: =IFERROR(IFERROR(VLOOKUP($C30&" "&Z$1,Results!$F:$H,3,FALSE),-VLOOKUP($C30&" "&Z$1,Results!$G:$H,2,FALSE)),"") | AA30: =IFERROR(IFERROR(VLOOKUP($C30&" "&AA$1,Results!$F:$H,3,FALSE),-VLOOKUP($C30&" "&AA$1,Results!$G:$H,2,FALSE)),"") | AB30: =IFERROR(IFERROR(VLOOKUP($C30&" "&AB$1,Results!$F:$H,3,FALSE),-VLOOKUP($C30&" "&AB$1,Results!$G:$H,2,FALSE)),"") | ... BA30: =IFERROR(IFERROR(VLOOKUP($C30&" "&BA$1,Results!$F:$H,3,FALSE),-VLOOKUP($C30&" "&BA$1,Results!$G:$H,2,FALSE)),"") -> -234 | BJ30: =SUM(U30:BH30) -> -839 | BK30: =COUNTIF(E30:J30,1) -> 2 | BL30: =COUNTIF(E30:J30,0) -> 4 | BM30: =COUNT(E30:J30) -> 6 | BN30: =+BK30/BM30 -> 0.33333333 | BQ30: =SUM(U30:BI30) -> -839 | BS30: 23 | BT30: =A30 -> 32 | BU30: =+BS30-BT30 -> -9
A31: 25 | B31: 28 | C31: Lakemont | E31: =IF(AND(AU31>0,$A31<VLOOKUP(AU$1,$C:$L,10,FALSE)),1,IF(AND(AU31<0,$A31>VLOOKUP(AU$1,$C:$L,10,FALSE)),1,0)) -> 0 | F31: =IF(AND(AV31>0,$A31<VLOOKUP(AV$1,$C:$L,10,FALSE)),1,IF(AND(AV31<0,$A31>VLOOKUP(AV$1,$C:$L,10,FALSE)),1,0)) -> 0 | G31: =IF(AND(AW31>0,$A31<VLOOKUP(AW$1,$C:$L,10,FALSE)),1,IF(AND(AW31<0,$A31>VLOOKUP(AW$1,$C:$L,10,FALSE)),1,0)) -> 1 | H31: =IF(AND(AY31>0,$A31<VLOOKUP(AY$1,$C:$L,10,FALSE)),1,IF(AND(AY31<0,$A31>VLOOKUP(AY$1,$C:$L,10,FALSE)),1,0)) -> 1 | I31: =IF(AND(AZ31>0,$A31<VLOOKUP(AZ$1,$C:$L,10,FALSE)),1,IF(AND(AZ31<0,$A31>VLOOKUP(AZ$1,$C:$L,10,FALSE)),1,0)) -> 1 | J31: =IF(AND(BA31>0,$A31<VLOOKUP(BA$1,$C:$L,10,FALSE)),1,IF(AND(BA31<0,$A31>VLOOKUP(BA$1,$C:$L,10,FALSE)),1,0)) -> 0 | K31: Updated | L31: =B31 -> 28 | M31: 7 | N31: =COUNTIF($U31:$BI31,">0") -> 3 | O31: =COUNTIF($U31:$BI31,"<0") -> 2 | P31: =COUNTIF($U31:$BI31,"=0") -> 0 | Q31: =COUNTIF($AV31:$AY31,">0") -> 1 | R31: =COUNTIF($AV31:$AY31,"<0") -> 1 | S31: =COUNTIF($AV31:$AY31,"=0") -> 0 | T31: =COUNTIF(U31:BI31,"NC") -> 0 | AN31: =IFERROR(IFERROR(VLOOKUP($C31&" "&AN$1,Results!$F:$H,3,FALSE),-VLOOKUP($C31&" "&AN$1,Results!$G:$H,2,FALSE)),"") | AO31: =IFERROR(IFERROR(VLOOKUP($C31&" "&AO$1,Results!$F:$H,3,FALSE),-VLOOKUP($C31&" "&AO$1,Results!$G:$H,2,FALSE)),"") | AP31: =IFERROR(IFERROR(VLOOKUP($C31&" "&AP$1,Results!$F:$H,3,FALSE),-VLOOKUP($C31&" "&AP$1,Results!$G:$H,2,FALSE)),"") | AQ31: =IFERROR(IFERROR(VLOOKUP($C31&" "&AQ$1,Results!$F:$H,3,FALSE),-VLOOKUP($C31&" "&AQ$1,Results!$G:$H,2,FALSE)),"") | AR31: =IFERROR(IFERROR(VLOOKUP($C31&" "&AR$1,Results!$F:$H,3,FALSE),-VLOOKUP($C31&" "&AR$1,Results!$G:$H,2,FALSE)),"") | AS31: =IFERROR(IFERROR(VLOOKUP($C31&" "&AS$1,Results!$F:$H,3,FALSE),-VLOOKUP($C31&" "&AS$1,Results!$G:$H,2,FALSE)),"") | AT31: =IFERROR(IFERROR(VLOOKUP($C31&" "&AT$1,Results!$F:$H,3,FALSE),-VLOOKUP($C31&" "&AT$1,Results!$G:$H,2,FALSE)),"") | AU31: =IFERROR(IFERROR(VLOOKUP($C31&" "&AU$1,Results!$F:$H,3,FALSE),-VLOOKUP($C31&" "&AU$1,Results!$G:$H,2,FALSE)),"") | ... BD31: =IFERROR(IFERROR(VLOOKUP($C31&" "&BD$1,Results!$F:$H,3,FALSE),-VLOOKUP($C31&" "&BD$1,Results!$G:$H,2,FALSE)),"") | BJ31: =SUM(U31:BH31) -> 78 | BK31: =COUNTIF(E31:J31,1) -> 3 | BL31: =COUNTIF(E31:J31,0) -> 3 | BM31: =COUNT(E31:J31) -> 6 | BN31: =+BK31/BM31 -> 0.5 | BQ31: =SUM(U31:BI31) -> 78 | BS31: 31 | BT31: =A31 -> 25 | BU31: =+BS31-BT31 -> 6
A32: 28 | B32: 29 | C32: Crabtree | E32: =IF(AND(AV32>0,$A32<VLOOKUP(AV$1,$C:$L,10,FALSE)),1,IF(AND(AV32<0,$A32>VLOOKUP(AV$1,$C:$L,10,FALSE)),1,0)) -> 0 | F32: =IF(AND(AW32>0,$A32<VLOOKUP(AW$1,$C:$L,10,FALSE)),1,IF(AND(AW32<0,$A32>VLOOKUP(AW$1,$C:$L,10,FALSE)),1,0)) -> 0 | G32: =IF(AND(AX32>0,$A32<VLOOKUP(AX$1,$C:$L,10,FALSE)),1,IF(AND(AX32<0,$A32>VLOOKUP(AX$1,$C:$L,10,FALSE)),1,0)) -> 0 | H32: =IF(AND(AZ32>0,$A32<VLOOKUP(AZ$1,$C:$L,10,FALSE)),1,IF(AND(AZ32<0,$A32>VLOOKUP(AZ$1,$C:$L,10,FALSE)),1,0)) -> 1 | I32: =IF(AND(BA32>0,$A32<VLOOKUP(BA$1,$C:$L,10,FALSE)),1,IF(AND(BA32<0,$A32>VLOOKUP(BA$1,$C:$L,10,FALSE)),1,0)) -> 0 | J32: =IF(AND(BB32>0,$A32<VLOOKUP(BB$1,$C:$L,10,FALSE)),1,IF(AND(BB32<0,$A32>VLOOKUP(BB$1,$C:$L,10,FALSE)),1,0)) -> 1 | K32: Updated | L32: =B32 -> 29 | M32: 8 | N32: =COUNTIF($U32:$BH32,">0") -> 3 | O32: =COUNTIF($U32:$BH32,"<0") -> 2 | P32: =COUNTIF($U32:$BH32,"=0") -> 0 | Q32: =COUNTIF($AZ32:$BC32,">0") -> 2 | R32: =COUNTIF($AZ32:$BC32,"<0") -> 1 | S32: =COUNTIF($AZ32:$BC32,"=0") -> 0 | T32: =COUNTIF(U32:BI32,"NC") -> 0 | AN32: =IFERROR(IFERROR(VLOOKUP($C32&" "&AN$1,Results!$F:$H,3,FALSE),-VLOOKUP($C32&" "&AN$1,Results!$G:$H,2,FALSE)),"") | AO32: =IFERROR(IFERROR(VLOOKUP($C32&" "&AO$1,Results!$F:$H,3,FALSE),-VLOOKUP($C32&" "&AO$1,Results!$G:$H,2,FALSE)),"") | AP32: =IFERROR(IFERROR(VLOOKUP($C32&" "&AP$1,Results!$F:$H,3,FALSE),-VLOOKUP($C32&" "&AP$1,Results!$G:$H,2,FALSE)),"") | AQ32: =IFERROR(IFERROR(VLOOKUP($C32&" "&AQ$1,Results!$F:$H,3,FALSE),-VLOOKUP($C32&" "&AQ$1,Results!$G:$H,2,FALSE)),"") | AR32: =IFERROR(IFERROR(VLOOKUP($C32&" "&AR$1,Results!$F:$H,3,FALSE),-VLOOKUP($C32&" "&AR$1,Results!$G:$H,2,FALSE)),"") | AS32: =IFERROR(IFERROR(VLOOKUP($C32&" "&AS$1,Results!$F:$H,3,FALSE),-VLOOKUP($C32&" "&AS$1,Results!$G:$H,2,FALSE)),"") | AT32: =IFERROR(IFERROR(VLOOKUP($C32&" "&AT$1,Results!$F:$H,3,FALSE),-VLOOKUP($C32&" "&AT$1,Results!$G:$H,2,FALSE)),"") | AU32: =IFERROR(IFERROR(VLOOKUP($C32&" "&AU$1,Results!$F:$H,3,FALSE),-VLOOKUP($C32&" "&AU$1,Results!$G:$H,2,FALSE)),"") | ... BD32: =IFERROR(IFERROR(VLOOKUP($C32&" "&BD$1,Results!$F:$H,3,FALSE),-VLOOKUP($C32&" "&BD$1,Results!$G:$H,2,FALSE)),"") | BJ32: =SUM(U32:BH32) -> 330 | BK32: =COUNTIF(E32:J32,1) -> 2 | BL32: =COUNTIF(E32:J32,0) -> 4 | BM32: =COUNT(E32:J32) -> 6 | BN32: =+BK32/BM32 -> 0.33333333 | BQ32: =SUM(U32:BI32) -> 330 | BS32: 25 | BT32: =A32 -> 28 | BU32: =+BS32-BT32 -> -3
A33: 24 | B33: 30 | C33: Southall | E33: =IF(AND(BC33>0,$A33<VLOOKUP(BC$1,$C:$L,10,FALSE)),1,IF(AND(BC33<0,$A33>VLOOKUP(BC$1,$C:$L,10,FALSE)),1,0)) -> 1 | F33: =IF(AND(BD33>0,$A33<VLOOKUP(BD$1,$C:$L,10,FALSE)),1,IF(AND(BD33<0,$A33>VLOOKUP(BD$1,$C:$L,10,FALSE)),1,0)) -> 1 | G33: =IF(AND(BF33>0,$A33<VLOOKUP(BF$1,$C:$L,10,FALSE)),1,IF(AND(BF33<0,$A33>VLOOKUP(BF$1,$C:$L,10,FALSE)),1,0)) -> 1 | H33: =IF(AND(BG33>0,$A33<VLOOKUP(BG$1,$C:$L,10,FALSE)),1,IF(AND(BG33<0,$A33>VLOOKUP(BG$1,$C:$L,10,FALSE)),1,0)) -> 1 | I33: =IF(AND(BH33>0,$A33<VLOOKUP(BH$1,$C:$L,10,FALSE)),1,IF(AND(BH33<0,$A33>VLOOKUP(BH$1,$C:$L,10,FALSE)),1,0)) -> 1 | J33: =IF(AND(BI33>0,$A33<VLOOKUP(BI$1,$C:$L,10,FALSE)),1,IF(AND(BI33<0,$A33>VLOOKUP(BI$1,$C:$L,10,FALSE)),1,0)) -> 1 | K33: Updated | L33: =B33 -> 30 | M33: 8 | N33: =COUNTIF($U33:$BI33,">0") -> 6 | O33: =COUNTIF($U33:$BI33,"<0") -> 0 | P33: =COUNTIF($U33:$BI33,"=0") -> 0 | Q33: =COUNTIF($AZ33:$BC33,">0") -> 3 | R33: =COUNTIF($AZ33:$BC33,"<0") -> 0 | S33: =COUNTIF($AZ33:$BC33,"=0") -> 0 | T33: =COUNTIF(U33:BI33,"NC") -> 0 | AV33: =IFERROR(IFERROR(VLOOKUP($C33&" "&AV$1,Results!$F:$H,3,FALSE),-VLOOKUP($C33&" "&AV$1,Results!$G:$H,2,FALSE)),"") | AW33: =IFERROR(IFERROR(VLOOKUP($C33&" "&AW$1,Results!$F:$H,3,FALSE),-VLOOKUP($C33&" "&AW$1,Results!$G:$H,2,FALSE)),"") | AX33: =IFERROR(IFERROR(VLOOKUP($C33&" "&AX$1,Results!$F:$H,3,FALSE),-VLOOKUP($C33&" "&AX$1,Results!$G:$H,2,FALSE)),"") -> 234 | AY33: =IFERROR(IFERROR(VLOOKUP($C33&" "&AY$1,Results!$F:$H,3,FALSE),-VLOOKUP($C33&" "&AY$1,Results!$G:$H,2,FALSE)),"") -> 26 | AZ33: =IFERROR(IFERROR(VLOOKUP($C33&" "&AZ$1,Results!$F:$H,3,FALSE),-VLOOKUP($C33&" "&AZ$1,Results!$G:$H,2,FALSE)),"") -> 19 | BA33: =IFERROR(IFERROR(VLOOKUP($C33&" "&BA$1,Results!$F:$H,3,FALSE),-VLOOKUP($C33&" "&BA$1,Results!$G:$H,2,FALSE)),"") | BB33: =IFERROR(IFERROR(VLOOKUP($C33&" "&BB$1,Results!$F:$H,3,FALSE),-VLOOKUP($C33&" "&BB$1,Results!$G:$H,2,FALSE)),"") -> 114 | BC33: =IFERROR(IFERROR(VLOOKUP($C33&" "&BC$1,Results!$F:$H,3,FALSE),-VLOOKUP($C33&" "&BC$1,Results!$G:$H,2,FALSE)),"") -> 149 | ... BI33: =IFERROR(IFERROR(VLOOKUP($C33&" "&BI$1,Results!$F:$H,3,FALSE),-VLOOKUP($C33&" "&BI$1,Results!$G:$H,2,FALSE)),"") | BJ33: =SUM(U33:BH33) -> 619 | BK33: =COUNTIF(E33:J33,1) -> 6 | BL33: =COUNTIF(E33:J33,0) -> 0 | BM33: =COUNT(E33:J33) -> 6 | BN33: =+BK33/BM33 -> 1 | BQ33: =SUM(U33:BI33) -> 619 | BS33: 34 | BT33: =A33 -> 24 | BU33: =+BS33-BT33 -> 10
