Workbook

Sheet South
A1: =BX55 -> 0 | C1: =SUM(V4:BV53)+SUM(North!V4:BI40) -> 0 | N1: RECORDS | V1: University Club | W1: Seven Oaks | X1: Meredith Townes | Y1: Apex | Z1: Shepherds Vineyard | AA1: Cary Park | AB1: Sunset Ridge | AC1: Medfield | AD1: Prestonwood | AE1: Abbington | AF1: Lochmere | AG1: Olive Chapel | AH1: Scottish Hills | AI1: Walden Creek | AJ1: Cary | AK1: Scotts Mill | AL1: Weatherstone | AM1: Wellsley | AN1: Haddon Hall | AO1: Dutchman Downs | AP1: The Reserve | AQ1: Silverton | AR1: Oxxford Hunt | AS1: Regency | AT1: Life Time Fitness Cary | AU1: Highcroft | AV1: Brookstone | AW1: Clubworx | AX1: Park Village | AY1: Park at West Lake | AZ1: TCC | BA1: Amberly | BB1: Preston Village | BC1: Bella Casa | BD1: WoodCreek | BE1: Weldon Ridge | BF1: Garner | BG1: Glenridge | BH1: Kildaire Farms | BI1: Twelve Oaks | BJ1: Carpenter Village | BK1: Devereaux | BL1: Brighton Forest | BM1: Bentwinds | BN1: Harmony | BO1: Charleston Village | BP1: Eagle Ridge | BQ1: Crooked Creek | BR1: Kitts Creek | BS1: TAC | BT1: Wellington Park | BU1: Renaissance Park | BV1: Holly Glen
A2: 2020 | B2: 2019 | E2: Rank Justified by HTH result | L2: 2020 | N2: Overall | Q2: Division | V2: N1 | W2: N1 | X2: N1 | Y2: 1 | Z2: 1 | AA2: 1 | AB2: 1 | AC2: 2 | AD2: 2 | AE2: 2 | AF2: 2 | AG2: 3 | AH2: 3 | AI2: 3 | AJ2: 3 | AK2: 4 | AL2: 4 | AM2: 4 | AN2: 4 | AO2: 5 | AP2: 5 | AQ2: 5 | AR2: 5 | AS2: 6 | AT2: 6 | AU2: 6 | AV2: 6 | AW2: 7 | AX2: 7 | AY2: 7 | AZ2: 7 | BA2: 8 | BB2: 8 | BC2: 8 | BD2: 8 | BE2: 9 | BF2: 9 | BG2: 9 | BH2: 9 | BI2: 10 | BJ2: 10 | BK2: 10 | BL2: 10 | BM2: 11 | BN2: 11 | BO2: 11 | BP2: 11 | BQ2: 12 | BR2: 12 | BS2: 12 | BT2: 13 | BU2: 13 | BV2: 13 | BX2: HTH | BY2: HTH | BZ2: HTH
A3: Rank | B3: Rank | E3: Up 3 | F3: Up 2 | G3: Up 1 | H3: Dn 1 | I3: Dn 2 | J3: Dn 3 | L3: Rank | M3: Div | N3: W | O3: L | P3: T | Q3: W | R3: L | S3: T | T3: NC | BX3: Yes | BY3: No | BZ3: Poss | CA3: Percent | CE3: MS | CF3: Comm | CG3: Diff
B4: 1 | C4: Apex | H4: =IF(AND(Z4>0,$A4<VLOOKUP(Z$1,$C:$L,10,FALSE)),1,IF(AND(Z4<0,$A4>VLOOKUP(Z$1,$C:$L,10,FALSE)),1,0)) -> 0 | I4: =IF(AND(AA4>0,$A4<VLOOKUP(AA$1,$C:$L,10,FALSE)),1,IF(AND(AA4<0,$A4>VLOOKUP(AA$1,$C:$L,10,FALSE)),1,0)) -> 0 | J4: =IF(AND(AB4>0,$A4<VLOOKUP(AB$1,$C:$L,10,FALSE)),1,IF(AND(AB4<0,$A4>VLOOKUP(AB$1,$C:$L,10,FALSE)),1,0)) -> 0 | K4: Updated | L4: =A4 -> 0 | M4: 1 | N4: =COUNTIF($V4:$BU4,">0") -> 3 | O4: =COUNTIF($V4:$BU4,"<0") -> 3 | P4: =COUNTIF($V4:$BU4,"=0") -> 0 | Q4: =COUNTIF($Y4:$AB4,">0") -> 2 | R4: =COUNTIF($Y4:$AB4,"<0") -> 1 | S4: =COUNTIF($Y4:$AB4,"=0") -> 0 | T4: =COUNTIF(V4:BJ4,"NC") -> 0 | V4: =IFERROR(IFERROR(VLOOKUP($C4&" "&V$1,Results!$G:$I,3,FALSE),-VLOOKUP($C4&" "&V$1,Results!$H:$I,2,FALSE)),"") -> -38 | W4: =IFERROR(IFERROR(VLOOKUP($C4&" "&W$1,Results!$G:$I,3,FALSE),-VLOOKUP($C4&" "&W$1,Results!$H:$I,2,FALSE)),"") -> -100 | X4: =IFERROR(IFERROR(VLOOKUP($C4&" "&X$1,Results!$G:$I,3,FALSE),-VLOOKUP($C4&" "&X$1,Results!$H:$I,2,FALSE)),"") -> 58 | Y4: =IFERROR(IFERROR(VLOOKUP($C4&" "&Y$1,Results!$G:$I,3,FALSE),-VLOOKUP($C4&" "&Y$1,Results!$H:$I,2,FALSE)),"") | Z4: =IFERROR(IFERROR(VLOOKUP($C4&" "&Z$1,Results!$G:$I,3,FALSE),-VLOOKUP($C4&" "&Z$1,Results!$H:$I,2,FALSE)),"") -> 88 | AA4: =IFERROR(IFERROR(VLOOKUP($C4&" "&AA$1,Results!$G:$I,3,FALSE),-VLOOKUP($C4&" "&AA$1,Results!$H:$I,2,FALSE)),"") -> -29 | AB4: =IFERROR(IFERROR(VLOOKUP($C4&" "&AB$1,Results!$G:$I,3,FALSE),-VLOOKUP($C4&" "&AB$1,Results!$H:$I,2,FALSE)),"") -> 82 | AC4: =IFERROR(IFERROR(VLOOKUP($C4&" "&AC$1,Results!$G:$I,3,FALSE),-VLOOKUP($C4&" "&AC$1,Results!$H:$I,2,FALSE)),"") | ... AF4: =IFERROR(IFERROR(VLOOKUP($C4&" "&AF$1,Results!$G:$I,3,FALSE),-VLOOKUP($C4&" "&AF$1,Results!$H:$I,2,FALSE)),"") | BW4: =SUM(V4:BT4) -> 61 | BX4: =COUNTIF(E4:J4,1) -> 0 | BY4: =COUNTIF(E4:J4,0) -> 3 | BZ4: =COUNT(E4:J4) -> 3 | CA4: =+BX4/BZ4 -> 0 | CC4: =SUM(V4:BU4) -> 61 | CE4: 1 | CF4: =A4 -> 0 | CG4: =+CE4-CF4 -> 1
B5: 2 | C5: Shepherds Vineyard | G5: =IF(AND(Y5>0,$A5<VLOOKUP(Y$1,$C:$L,10,FALSE)),1,IF(AND(Y5<0,$A5>VLOOKUP(Y$1,$C:$L,10,FALSE)),1,0)) -> 0 | H5: =IF(AND(AA5>0,$A5<VLOOKUP(AA$1,$C:$L,10,FALSE)),1,IF(AND(AA5<0,$A5>VLOOKUP(AA$1,$C:$L,10,FALSE)),1,0)) -> 0 | I5: =IF(AND(AB5>0,$A5<VLOOKUP(AB$1,$C:$L,10,FALSE)),1,IF(AND(AB5<0,$A5>VLOOKUP(AB$1,$C:$L,10,FALSE)),1,0)) -> 0 | J5: =IF(AND(AC5>0,$A5<VLOOKUP(AC$1,$C:$L,10,FALSE)),1,IF(AND(AC5<0,$A5>VLOOKUP(AC$1,$C:$L,10,FALSE)),1,0)) -> 0 | K5: Updated | L5: =A5 -> 0 | M5: 1 | N5: =COUNTIF($V5:$BU5,">0") -> 1 | O5: =COUNTIF($V5:$BU5,"<0") -> 5 | P5: =COUNTIF($V5:$BU5,"=0") -> 0 | Q5: =COUNTIF($Y5:$AB5,">0") -> 0 | R5: =COUNTIF($Y5:$AB5,"<0") -> 3 | S5: =COUNTIF($Y5:$AB5,"=0") -> 0 | T5: =COUNTIF(V5:BJ5,"NC") -> 0 | V5: =IFERROR(IFERROR(VLOOKUP($C5&" "&V$1,Results!$G:$I,3,FALSE),-VLOOKUP($C5&" "&V$1,Results!$H:$I,2,FALSE)),"") -> -200 | W5: =IFERROR(IFERROR(VLOOKUP($C5&" "&W$1,Results!$G:$I,3,FALSE),-VLOOKUP($C5&" "&W$1,Results!$H:$I,2,FALSE)),"") -> -124 | X5: =IFERROR(IFERROR(VLOOKUP($C5&" "&X$1,Results!$G:$I,3,FALSE),-VLOOKUP($C5&" "&X$1,Results!$H:$I,2,FALSE)),"") | Y5: =IFERROR(IFERROR(VLOOKUP($C5&" "&Y$1,Results!$G:$I,3,FALSE),-VLOOKUP($C5&" "&Y$1,Results!$H:$I,2,FALSE)),"") -> -88 | Z5: =IFERROR(IFERROR(VLOOKUP($C5&" "&Z$1,Results!$G:$I,3,FALSE),-VLOOKUP($C5&" "&Z$1,Results!$H:$I,2,FALSE)),"") | AA5: =IFERROR(IFERROR(VLOOKUP($C5&" "&AA$1,Results!$G:$I,3,FALSE),-VLOOKUP($C5&" "&AA$1,Results!$H:$I,2,FALSE)),"") -> -42 | AB5: =IFERROR(IFERROR(VLOOKUP($C5&" "&AB$1,Results!$G:$I,3,FALSE),-VLOOKUP($C5&" "&AB$1,Results!$H:$I,2,FALSE)),"") -> -16 | AC5: =IFERROR(IFERROR(VLOOKUP($C5&" "&AC$1,Results!$G:$I,3,FALSE),-VLOOKUP($C5&" "&AC$1,Results!$H:$I,2,FALSE)),"") -> 95 | ... AF5: =IFERROR(IFERROR(VLOOKUP($C5&" "&AF$1,Results!$G:$I,3,FALSE),-VLOOKUP($C5&" "&AF$1,Results!$H:$I,2,FALSE)),"") | BW5: =SUM(V5:BT5) -> -375 | BX5: =COUNTIF(E5:I5,1) -> 0 | BY5: =COUNTIF(E5:I5,0) -> 3 | BZ5: =COUNT(E5:I5) -> 3 | CA5: =+BX5/BZ5 -> 0 | CC5: =SUM(V5:BU5) -> -375 | CE5: 3 | CF5: =A5 -> 0 | CG5: =+CE5-CF5 -> 3
B6: 3 | C6: Cary Park | F6: =IF(AND(Y6>0,$A6<VLOOKUP(Y$1,$C:$L,10,FALSE)),1,IF(AND(Y6<0,$A6>VLOOKUP(Y$1,$C:$L,10,FALSE)),1,0)) -> 0 | G6: =IF(AND(Z6>0,$A6<VLOOKUP(Z$1,$C:$L,10,FALSE)),1,IF(AND(Z6<0,$A6>VLOOKUP(Z$1,$C:$L,10,FALSE)),1,0)) -> 0 | H6: =IF(AND(AB6>0,$A6<VLOOKUP(AB$1,$C:$L,10,FALSE)),1,IF(AND(AB6<0,$A6>VLOOKUP(AB$1,$C:$L,10,FALSE)),1,0)) -> 0 | I6: =IF(AND(AC6>0,$A6<VLOOKUP(AC$1,$C:$L,10,FALSE)),1,IF(AND(AC6<0,$A6>VLOOKUP(AC$1,$C:$L,10,FALSE)),1,0)) -> 0 | J6: =IF(AND(AD6>0,$A6<VLOOKUP(AD$1,$C:$L,10,FALSE)),1,IF(AND(AD6<0,$A6>VLOOKUP(AD$1,$C:$L,10,FALSE)),1,0)) -> 0 | K6: Updated | L6: =A6 -> 0 | M6: 1 | N6: =COUNTIF($V6:$BU6,">0") -> 5 | O6: =COUNTIF($V6:$BU6,"<0") -> 1 | P6: =COUNTIF($V6:$BU6,"=0") -> 0 | Q6: =COUNTIF($Y6:$AB6,">0") -> 3 | R6: =COUNTIF($Y6:$AB6,"<0") -> 0 | S6: =COUNTIF($Y6:$AB6,"=0") -> 0 | T6: =COUNTIF(V6:BJ6,"NC") -> 0 | V6: =IFERROR(IFERROR(VLOOKUP($C6&" "&V$1,Results!$G:$I,3,FALSE),-VLOOKUP($C6&" "&V$1,Results!$H:$I,2,FALSE)),"") -> -109 | W6: =IFERROR(IFERROR(VLOOKUP($C6&" "&W$1,Results!$G:$I,3,FALSE),-VLOOKUP($C6&" "&W$1,Results!$H:$I,2,FALSE)),"") | X6: =IFERROR(IFERROR(VLOOKUP($C6&" "&X$1,Results!$G:$I,3,FALSE),-VLOOKUP($C6&" "&X$1,Results!$H:$I,2,FALSE)),"") | Y6: =IFERROR(IFERROR(VLOOKUP($C6&" "&Y$1,Results!$G:$I,3,FALSE),-VLOOKUP($C6&" "&Y$1,Results!$H:$I,2,FALSE)),"") -> 29 | Z6: =IFERROR(IFERROR(VLOOKUP($C6&" "&Z$1,Results!$G:$I,3,FALSE),-VLOOKUP($C6&" "&Z$1,Results!$H:$I,2,FALSE)),"") -> 42 | AA6: =IFERROR(IFERROR(VLOOKUP($C6&" "&AA$1,Results!$G:$I,3,FALSE),-VLOOKUP($C6&" "&AA$1,Results!$H:$I,2,FALSE)),"") | AB6: =IFERROR(IFERROR(VLOOKUP($C6&" "&AB$1,Results!$G:$I,3,FALSE),-VLOOKUP($C6&" "&AB$1,Results!$H:$I,2,FALSE)),"") -> 155 | AC6: =IFERROR(IFERROR(VLOOKUP($C6&" "&AC$1,Results!$G:$I,3,FALSE),-VLOOKUP($C6&" "&AC$1,Results!$H:$I,2,FALSE)),"") -> 159 | ... AF6: =IFERROR(IFERROR(VLOOKUP($C6&" "&AF$1,Results!$G:$I,3,FALSE),-VLOOKUP($C6&" "&AF$1,Results!$H:$I,2,FALSE)),"") | BW6: =SUM(V6:BT6) -> 354 | BX6: =COUNTIF(E6:J6,1) -> 0 | BY6: =COUNTIF(E6:J6,0) -> 5 | BZ6: =COUNT(E6:J6) -> 5 | CA6: =+BX6/BZ6 -> 0 | CC6: =SUM(V6:BU6) -> 354 | CE6: 2 | CF6: =A6 -> 0 | CG6: =+CE6-CF6 -> 2
B7: 4 | C7: Sunset Ridge | E7: =IF(AND(Y7>0,$A7<VLOOKUP(Y$1,$C:$L,10,FALSE)),1,IF(AND(Y7<0,$A7>VLOOKUP(Y$1,$C:$L,10,FALSE)),1,0)) -> 0 | F7: =IF(AND(Z7>0,$A7<VLOOKUP(Z$1,$C:$L,10,FALSE)),1,IF(AND(Z7<0,$A7>VLOOKUP(Z$1,$C:$L,10,FALSE)),1,0)) -> 0 | G7: =IF(AND(AA7>0,$A7<VLOOKUP(AA$1,$C:$L,10,FALSE)),1,IF(AND(AA7<0,$A7>VLOOKUP(AA$1,$C:$L,10,FALSE)),1,0)) -> 0 | H7: =IF(AND(AC7>0,$A7<VLOOKUP(AC$1,$C:$L,10,FALSE)),1,IF(AND(AC7<0,$A7>VLOOKUP(AC$1,$C:$L,10,FALSE)),1,0)) -> 0 | I7: =IF(AND(AD7>0,$A7<VLOOKUP(AD$1,$C:$L,10,FALSE)),1,IF(AND(AD7<0,$A7>VLOOKUP(AD$1,$C:$L,10,FALSE)),1,0)) -> 0 | J7: =IF(AND(AE7>0,$A7<VLOOKUP(AE$1,$C:$L,10,FALSE)),1,IF(AND(AE7<0,$A7>VLOOKUP(AE$1,$C:$L,10,FALSE)),1,0)) -> 0 | K7: Updated | L7: =A7 -> 0 | M7: 1 | N7: =COUNTIF($V7:$BU7,">0") -> 4 | O7: =COUNTIF($V7:$BU7,"<0") -> 2 | P7: =COUNTIF($V7:$BU7,"=0") -> 0 | Q7: =COUNTIF($Y7:$AB7,">0") -> 1 | R7: =COUNTIF($Y7:$AB7,"<0") -> 2 | S7: =COUNTIF($Y7:$AB7,"=0") -> 0 | T7: =COUNTIF(V7:BJ7,"NC") -> 0 | V7: =IFERROR(IFERROR(VLOOKUP($C7&" "&V$1,Results!$G:$I,3,FALSE),-VLOOKUP($C7&" "&V$1,Results!$H:$I,2,FALSE)),"") | W7: =IFERROR(IFERROR(VLOOKUP($C7&" "&W$1,Results!$G:$I,3,FALSE),-VLOOKUP($C7&" "&W$1,Results!$H:$I,2,FALSE)),"") | X7: =IFERROR(IFERROR(VLOOKUP($C7&" "&X$1,Results!$G:$I,3,FALSE),-VLOOKUP($C7&" "&X$1,Results!$H:$I,2,FALSE)),"") | Y7: =IFERROR(IFERROR(VLOOKUP($C7&" "&Y$1,Results!$G:$I,3,FALSE),-VLOOKUP($C7&" "&Y$1,Results!$H:$I,2,FALSE)),"") -> -82 | Z7: =IFERROR(IFERROR(VLOOKUP($C7&" "&Z$1,Results!$G:$I,3,FALSE),-VLOOKUP($C7&" "&Z$1,Results!$H:$I,2,FALSE)),"") -> 16 | AA7: =IFERROR(IFERROR(VLOOKUP($C7&" "&AA$1,Results!$G:$I,3,FALSE),-VLOOKUP($C7&" "&AA$1,Results!$H:$I,2,FALSE)),"") -> -155 | AB7: =IFERROR(IFERROR(VLOOKUP($C7&" "&AB$1,Results!$G:$I,3,FALSE),-VLOOKUP($C7&" "&AB$1,Results!$H:$I,2,FALSE)),"") | AC7: =IFERROR(IFERROR(VLOOKUP($C7&" "&AC$1,Results!$G:$I,3,FALSE),-VLOOKUP($C7&" "&AC$1,Results!$H:$I,2,FALSE)),"") -> 39 | ... AF7: =IFERROR(IFERROR(VLOOKUP($C7&" "&AF$1,Results!$G:$I,3,FALSE),-VLOOKUP($C7&" "&AF$1,Results!$H:$I,2,FALSE)),"") | BW7: =SUM(V7:BT7) -> -37 | BX7: =COUNTIF(E7:J7,1) -> 0 | BY7: =COUNTIF(E7:J7,0) -> 6 | BZ7: =COUNT(E7:J7) -> 6 | CA7: =+BX7/BZ7 -> 0 | CC7: =SUM(V7:BU7) -> -37 | CE7: 9 | CF7: =A7 -> 0 | CG7: =+CE7-CF7 -> 9
B8: 5 | C8: Medfield | E8: =IF(AND(Z8>0,$A8<VLOOKUP(Z$1,$C:$L,10,FALSE)),1,IF(AND(Z8<0,$A8>VLOOKUP(Z$1,$C:$L,10,FALSE)),1,0)) -> 0 | F8: =IF(AND(AA8>0,$A8<VLOOKUP(AA$1,$C:$L,10,FALSE)),1,IF(AND(AA8<0,$A8>VLOOKUP(AA$1,$C:$L,10,FALSE)),1,0)) -> 0 | G8: =IF(AND(AB8>0,$A8<VLOOKUP(AB$1,$C:$L,10,FALSE)),1,IF(AND(AB8<0,$A8>VLOOKUP(AB$1,$C:$L,10,FALSE)),1,0)) -> 0 | H8: =IF(AND(AD8>0,$A8<VLOOKUP(AD$1,$C:$L,10,FALSE)),1,IF(AND(AD8<0,$A8>VLOOKUP(AD$1,$C:$L,10,FALSE)),1,0)) -> 0 | I8: =IF(AND(AE8>0,$A8<VLOOKUP(AE$1,$C:$L,10,FALSE)),1,IF(AND(AE8<0,$A8>VLOOKUP(AE$1,$C:$L,10,FALSE)),1,0)) -> 0 | J8: =IF(AND(AF8>0,$A8<VLOOKUP(AF$1,$C:$L,10,FALSE)),1,IF(AND(AF8<0,$A8>VLOOKUP(AF$1,$C:$L,10,FALSE)),1,0)) -> 0 | K8: Updated | L8: =A8 -> 0 | M8: 2 | N8: =COUNTIF($V8:$BU8,">0") -> 2 | O8: =COUNTIF($V8:$BU8,"<0") -> 4 | P8: =COUNTIF($V8:$BU8,"=0") -> 0 | Q8: =COUNTIF($AC8:$AF8,">0") -> 2 | R8: =COUNTIF($AC8:$AF8,"<0") -> 1 | S8: =COUNTIF($AC8:$AF8,"=0") -> 0 | T8: =COUNTIF(V8:BJ8,"NC") -> 0 | Y8: =IFERROR(IFERROR(VLOOKUP($C8&" "&Y$1,Results!$G:$I,3,FALSE),-VLOOKUP($C8&" "&Y$1,Results!$H:$I,2,FALSE)),"") | Z8: =IFERROR(IFERROR(VLOOKUP($C8&" "&Z$1,Results!$G:$I,3,FALSE),-VLOOKUP($C8&" "&Z$1,Results!$H:$I,2,FALSE)),"") -> -95 | AA8: =IFERROR(IFERROR(VLOOKUP($C8&" "&AA$1,Results!$G:$I,3,FALSE),-VLOOKUP($C8&" "&AA$1,Results!$H:$I,2,FALSE)),"") -> -159 | AB8: =IFERROR(IFERROR(VLOOKUP($C8&" "&AB$1,Results!$G:$I,3,FALSE),-VLOOKUP($C8&" "&AB$1,Results!$H:$I,2,FALSE)),"") -> -39 | AC8: =IFERROR(IFERROR(VLOOKUP($C8&" "&AC$1,Results!$G:$I,3,FALSE),-VLOOKUP($C8&" "&AC$1,Results!$H:$I,2,FALSE)),"") | AD8: =IFERROR(IFERROR(VLOOKUP($C8&" "&AD$1,Results!$G:$I,3,FALSE),-VLOOKUP($C8&" "&AD$1,Results!$H:$I,2,FALSE)),"") -> -39 | AE8: =IFERROR(IFERROR(VLOOKUP($C8&" "&AE$1,Results!$G:$I,3,FALSE),-VLOOKUP($C8&" "&AE$1,Results!$H:$I,2,FALSE)),"") -> 152 | AF8: =IFERROR(IFERROR(VLOOKUP($C8&" "&AF$1,Results!$G:$I,3,FALSE),-VLOOKUP($C8&" "&AF$1,Results!$H:$I,2,FALSE)),"") -> 59 | ... AJ8: =IFERROR(IFERROR(VLOOKUP($C8&" "&AJ$1,Results!$G:$I,3,FALSE),-VLOOKUP($C8&" "&AJ$1,Results!$H:$I,2,FALSE)),"") | BW8: =SUM(V8:BT8) -> -121 | BX8: =COUNTIF(E8:J8,1) -> 0 | BY8: =COUNTIF(E8:I8,0) -> 5 | BZ8: =COUNT(E8:J8) -> 6 | CA8: =+BX8/BZ8 -> 0 | CC8: =SUM(V8:BU8) -> -121 | CE8: 4 | CF8: =A8 -> 0 | CG8: =+CE8-CF8 -> 4
B9: 6 | C9: Prestonwood | E9: =IF(AND(AA9>0,$A9<VLOOKUP(AA$1,$C:$L,10,FALSE)),1,IF(AND(AA9<0,$A9>VLOOKUP(AA$1,$C:$L,10,FALSE)),1,0)) -> 0 | F9: =IF(AND(AB9>0,$A9<VLOOKUP(AB$1,$C:$L,10,FALSE)),1,IF(AND(AB9<0,$A9>VLOOKUP(AB$1,$C:$L,10,FALSE)),1,0)) -> 0 | G9: =IF(AND(AC9>0,$A9<VLOOKUP(AC$1,$C:$L,10,FALSE)),1,IF(AND(AC9<0,$A9>VLOOKUP(AC$1,$C:$L,10,FALSE)),1,0)) -> 0 | H9: =IF(AND(AE9>0,$A9<VLOOKUP(AE$1,$C:$L,10,FALSE)),1,IF(AND(AE9<0,$A9>VLOOKUP(AE$1,$C:$L,10,FALSE)),1,0)) -> 0 | I9: =IF(AND(AF9>0,$A9<VLOOKUP(AF$1,$C:$L,10,FALSE)),1,IF(AND(AF9<0,$A9>VLOOKUP(AF$1,$C:$L,10,FALSE)),1,0)) -> 0 | J9: =IF(AND(AG9>0,$A9<VLOOKUP(AG$1,$C:$L,10,FALSE)),1,IF(AND(AG9<0,$A9>VLOOKUP(AG$1,$C:$L,10,FALSE)),1,0)) -> 0 | K9: Updated | L9: =A9 -> 0 | M9: 2 | N9: =COUNTIF($V9:$BU9,">0") -> 4 | O9: =COUNTIF($V9:$BU9,"<0") -> 2 | P9: =COUNTIF($V9:$BU9,"=0") -> 0 | Q9: =COUNTIF($AC9:$AF9,">0") -> 3 | R9: =COUNTIF($AC9:$AF9,"<0") -> 0 | S9: =COUNTIF($AC9:$AF9,"=0") -> 0 | T9: =COUNTIF(V9:BJ9,"NC") -> 0 | Y9: =IFERROR(IFERROR(VLOOKUP($C9&" "&Y$1,Results!$G:$I,3,FALSE),-VLOOKUP($C9&" "&Y$1,Results!$H:$I,2,FALSE)),"") | Z9: =IFERROR(IFERROR(VLOOKUP($C9&" "&Z$1,Results!$G:$I,3,FALSE),-VLOOKUP($C9&" "&Z$1,Results!$H:$I,2,FALSE)),"") | AA9: =IFERROR(IFERROR(VLOOKUP($C9&" "&AA$1,Results!$G:$I,3,FALSE),-VLOOKUP($C9&" "&AA$1,Results!$H:$I,2,FALSE)),"") -> -78 | AB9: =IFERROR(IFERROR(VLOOKUP($C9&" "&AB$1,Results!$G:$I,3,FALSE),-VLOOKUP($C9&" "&AB$1,Results!$H:$I,2,FALSE)),"") -> -10 | AC9: =IFERROR(IFERROR(VLOOKUP($C9&" "&AC$1,Results!$G:$I,3,FALSE),-VLOOKUP($C9&" "&AC$1,Results!$H:$I,2,FALSE)),"") -> 39 | AD9: =IFERROR(IFERROR(VLOOKUP($C9&" "&AD$1,Results!$G:$I,3,FALSE),-VLOOKUP($C9&" "&AD$1,Results!$H:$I,2,FALSE)),"") | AE9: =IFERROR(IFERROR(VLOOKUP($C9&" "&AE$1,Results!$G:$I,3,FALSE),-VLOOKUP($C9&" "&AE$1,Results!$H:$I,2,FALSE)),"") -> 180 | AF9: =IFERROR(IFERROR(VLOOKUP($C9&" "&AF$1,Results!$G:$I,3,FALSE),-VLOOKUP($C9&" "&AF$1,Results!$H:$I,2,FALSE)),"") -> 2 | ... AJ9: =IFERROR(IFERROR(VLOOKUP($C9&" "&AJ$1,Results!$G:$I,3,FALSE),-VLOOKUP($C9&" "&AJ$1,Results!$H:$I,2,FALSE)),"") | BW9: =SUM(V9:BT9) -> 137 | BX9: =COUNTIF(E9:J9,1) -> 0 | BY9: =COUNTIF(E9:I9,0) -> 5 | BZ9: =COUNT(E9:J9) -> 6 | CA9: =+BX9/BZ9 -> 0 | CC9: =SUM(V9:BU9) -> 137 | CE9: 7 | CF9: =A9 -> 0 | CG9: =+CE9-CF9 -> 7
B10: 7 | C10: Abbington | E10: =IF(AND(AB10>0,$A10<VLOOKUP(AB$1,$C:$L,10,FALSE)),1,IF(AND(AB10<0,$A10>VLOOKUP(AB$1,$C:$L,10,FALSE)),1,0)) -> 0 | F10: =IF(AND(AC10>0,$A10<VLOOKUP(AC$1,$C:$L,10,FALSE)),1,IF(AND(AC10<0,$A10>VLOOKUP(AC$1,$C:$L,10,FALSE)),1,0)) -> 0 | G10: =IF(AND(AD10>0,$A10<VLOOKUP(AD$1,$C:$L,10,FALSE)),1,IF(AND(AD10<0,$A10>VLOOKUP(AD$1,$C:$L,10,FALSE)),1,0)) -> 0 | H10: =IF(AND(AF10>0,$A10<VLOOKUP(AF$1,$C:$L,10,FALSE)),1,IF(AND(AF10<0,$A10>VLOOKUP(AF$1,$C:$L,10,FALSE)),1,0)) -> 0 | I10: =IF(AND(AG10>0,$A10<VLOOKUP(AG$1,$C:$L,10,FALSE)),1,IF(AND(AG10<0,$A10>VLOOKUP(AG$1,$C:$L,10,FALSE)),1,0)) -> 0 | J10: =IF(AND(AH10>0,$A10<VLOOKUP(AH$1,$C:$L,10,FALSE)),1,IF(AND(AH10<0,$A10>VLOOKUP(AH$1,$C:$L,10,FALSE)),1,0)) -> 0 | K10: Updated | L10: =A10 -> 0 | M10: 2 | N10: =COUNTIF($V10:$BU10,">0") -> 0 | O10: =COUNTIF($V10:$BU10,"<0") -> 6 | P10: =COUNTIF($V10:$BU10,"=0") -> 0 | Q10: =COUNTIF($AC10:$AF10,">0") -> 0 | R10: =COUNTIF($AC10:$AF10,"<0") -> 3 | S10: =COUNTIF($AC10:$AF10,"=0") -> 0 | T10: =COUNTIF(V10:BJ10,"NC") -> 0 | Y10: =IFERROR(IFERROR(VLOOKUP($C10&" "&Y$1,Results!$G:$I,3,FALSE),-VLOOKUP($C10&" "&Y$1,Results!$H:$I,2,FALSE)),"") | Z10: =IFERROR(IFERROR(VLOOKUP($C10&" "&Z$1,Results!$G:$I,3,FALSE),-VLOOKUP($C10&" "&Z$1,Results!$H:$I,2,FALSE)),"") | AA10: =IFERROR(IFERROR(VLOOKUP($C10&" "&AA$1,Results!$G:$I,3,FALSE),-VLOOKUP($C10&" "&AA$1,Results!$H:$I,2,FALSE)),"") | AB10: =IFERROR(IFERROR(VLOOKUP($C10&" "&AB$1,Results!$G:$I,3,FALSE),-VLOOKUP($C10&" "&AB$1,Results!$H:$I,2,FALSE)),"") -> -135 | AC10: =IFERROR(IFERROR(VLOOKUP($C10&" "&AC$1,Results!$G:$I,3,FALSE),-VLOOKUP($C10&" "&AC$1,Results!$H:$I,2,FALSE)),"") -> -152 | AD10: =IFERROR(IFERROR(VLOOKUP($C10&" "&AD$1,Results!$G:$I,3,FALSE),-VLOOKUP($C10&" "&AD$1,Results!$H:$I,2,FALSE)),"") -> -180 | AE10: =IFERROR(IFERROR(VLOOKUP($C10&" "&AE$1,Results!$G:$I,3,FALSE),-VLOOKUP($C10&" "&AE$1,Results!$H:$I,2,FALSE)),"") | AF10: =IFERROR(IFERROR(VLOOKUP($C10&" "&AF$1,Results!$G:$I,3,FALSE),-VLOOKUP($C10&" "&AF$1,Results!$H:$I,2,FALSE)),"") -> -20 | ... AJ10: =IFERROR(IFERROR(VLOOKUP($C10&" "&AJ$1,Results!$G:$I,3,FALSE),-VLOOKUP($C10&" "&AJ$1,Results!$H:$I,2,FALSE)),"") | BW10: =SUM(V10:BT10) -> -663 | BX10: =COUNTIF(E10:J10,1) -> 0 | BY10: =COUNTIF(E10:I10,0) -> 5 | BZ10: =COUNT(E10:J10) -> 6 | CA10: =+BX10/BZ10 -> 0 | CC10: =SUM(V10:BU10) -> -663 | CE10: 6 | CF10: =A10 -> 0 | CG10: =+CE10-CF10 -> 6
B11: 8 | C11: Lochmere | E11: =IF(AND(AC11>0,$A11<VLOOKUP(AC$1,$C:$L,10,FALSE)),1,IF(AND(AC11<0,$A11>VLOOKUP(AC$1,$C:$L,10,FALSE)),1,0)) -> 0 | F11: =IF(AND(AD11>0,$A11<VLOOKUP(AD$1,$C:$L,10,FALSE)),1,IF(AND(AD11<0,$A11>VLOOKUP(AD$1,$C:$L,10,FALSE)),1,0)) -> 0 | G11: =IF(AND(AE11>0,$A11<VLOOKUP(AE$1,$C:$L,10,FALSE)),1,IF(AND(AE11<0,$A11>VLOOKUP(AE$1,$C:$L,10,FALSE)),1,0)) -> 0 | H11: =IF(AND(AG11>0,$A11<VLOOKUP(AG$1,$C:$L,10,FALSE)),1,IF(AND(AG11<0,$A11>VLOOKUP(AG$1,$C:$L,10,FALSE)),1,0)) -> 0 | I11: =IF(AND(AH11>0,$A11<VLOOKUP(AH$1,$C:$L,10,FALSE)),1,IF(AND(AH11<0,$A11>VLOOKUP(AH$1,$C:$L,10,FALSE)),1,0)) -> 0 | J11: =IF(AND(AI11>0,$A11<VLOOKUP(AI$1,$C:$L,10,FALSE)),1,IF(AND(AI11<0,$A11>VLOOKUP(AI$1,$C:$L,10,FALSE)),1,0)) -> 0 | K11: Updated | L11: =A11 -> 0 | M11: 2 | N11: =COUNTIF($V11:$BU11,">0") -> 1 | O11: =COUNTIF($V11:$BU11,"<0") -> 5 | P11: =COUNTIF($V11:$BU11,"=0") -> 0 | Q11: =COUNTIF($AC11:$AF11,">0") -> 1 | R11: =COUNTIF($AC11:$AF11,"<0") -> 2 | S11: =COUNTIF($AC11:$AF11,"=0") -> 0 | T11: =COUNTIF(V11:BJ11,"NC") -> 0 | Y11: =IFERROR(IFERROR(VLOOKUP($C11&" "&Y$1,Results!$G:$I,3,FALSE),-VLOOKUP($C11&" "&Y$1,Results!$H:$I,2,FALSE)),"") | Z11: =IFERROR(IFERROR(VLOOKUP($C11&" "&Z$1,Results!$G:$I,3,FALSE),-VLOOKUP($C11&" "&Z$1,Results!$H:$I,2,FALSE)),"") | AA11: =IFERROR(IFERROR(VLOOKUP($C11&" "&AA$1,Results!$G:$I,3,FALSE),-VLOOKUP($C11&" "&AA$1,Results!$H:$I,2,FALSE)),"") | AB11: =IFERROR(IFERROR(VLOOKUP($C11&" "&AB$1,Results!$G:$I,3,FALSE),-VLOOKUP($C11&" "&AB$1,Results!$H:$I,2,FALSE)),"") | AC11: =IFERROR(IFERROR(VLOOKUP($C11&" "&AC$1,Results!$G:$I,3,FALSE),-VLOOKUP($C11&" "&AC$1,Results!$H:$I,2,FALSE)),"") -> -59 | AD11: =IFERROR(IFERROR(VLOOKUP($C11&" "&AD$1,Results!$G:$I,3,FALSE),-VLOOKUP($C11&" "&AD$1,Results!$H:$I,2,FALSE)),"") -> -2 | AE11: =IFERROR(IFERROR(VLOOKUP($C11&" "&AE$1,Results!$G:$I,3,FALSE),-VLOOKUP($C11&" "&AE$1,Results!$H:$I,2,FALSE)),"") -> 20 | AF11: =IFERROR(IFERROR(VLOOKUP($C11&" "&AF$1,Results!$G:$I,3,FALSE),-VLOOKUP($C11&" "&AF$1,Results!$H:$I,2,FALSE)),"") | ... AJ11: =IFERROR(IFERROR(VLOOKUP($C11&" "&AJ$1,Results!$G:$I,3,FALSE),-VLOOKUP($C11&" "&AJ$1,Results!$H:$I,2,FALSE)),"") | BW11: =SUM(V11:BT11) -> -124 | BX11: =COUNTIF(E11:J11,1) -> 0 | BY11: =COUNTIF(E11:I11,0) -> 5 | BZ11: =COUNT(E11:J11) -> 6 | CA11: =+BX11/BZ11 -> 0 | CC11: =SUM(V11:BU11) -> -124 | CE11: 5 | CF11: =A11 -> 0 | CG11: =+CE11-CF11 -> 5
B12: 9 | C12: Olive Chapel | E12: =IF(AND(AD12>0,$A12<VLOOKUP(AD$1,$C:$L,10,FALSE)),1,IF(AND(AD12<0,$A12>VLOOKUP(AD$1,$C:$L,10,FALSE)),1,0)) -> 0 | F12: =IF(AND(AE12>0,$A12<VLOOKUP(AE$1,$C:$L,10,FALSE)),1,IF(AND(AE12<0,$A12>VLOOKUP(AE$1,$C:$L,10,FALSE)),1,0)) -> 0 | G12: =IF(AND(AF12>0,$A12<VLOOKUP(AF$1,$C:$L,10,FALSE)),1,IF(AND(AF12<0,$A12>VLOOKUP(AF$1,$C:$L,10,FALSE)),1,0)) -> 0 | H12: =IF(AND(AH12>0,$A12<VLOOKUP(AH$1,$C:$L,10,FALSE)),1,IF(AND(AH12<0,$A12>VLOOKUP(AH$1,$C:$L,10,FALSE)),1,0)) -> 0 | I12: =IF(AND(AI12>0,$A12<VLOOKUP(AI$1,$C:$L,10,FALSE)),1,IF(AND(AI12<0,$A12>VLOOKUP(AI$1,$C:$L,10,FALSE)),1,0)) -> 0 | J12: =IF(AND(AJ12>0,$A12<VLOOKUP(AJ$1,$C:$L,10,FALSE)),1,IF(AND(AJ12<0,$A12>VLOOKUP(AJ$1,$C:$L,10,FALSE)),1,0)) -> 0 | K12: Updated | L12: =A12 -> 0 | M12: 3 | N12: =COUNTIF($V12:$BU12,">0") -> 3 | O12: =COUNTIF($V12:$BU12,"<0") -> 3 | P12: =COUNTIF($V12:$BU12,"=0") -> 0 | Q12: =COUNTIF($AG12:$AJ12,">0") -> 1 | R12: =COUNTIF($AG12:$AJ12,"<0") -> 2 | S12: =COUNTIF($AG12:$AJ12,"=0") -> 0 | T12: =COUNTIF(V12:BJ12,"NC") -> 0 | AC12: =IFERROR(IFERROR(VLOOKUP($C12&" "&AC$1,Results!$G:$I,3,FALSE),-VLOOKUP($C12&" "&AC$1,Results!$H:$I,2,FALSE)),"") | AD12: =IFERROR(IFERROR(VLOOKUP($C12&" "&AD$1,Results!$G:$I,3,FALSE),-VLOOKUP($C12&" "&AD$1,Results!$H:$I,2,FALSE)),"") -> -4 | AE12: =IFERROR(IFERROR(VLOOKUP($C12&" "&AE$1,Results!$G:$I,3,FALSE),-VLOOKUP($C12&" "&AE$1,Results!$H:$I,2,FALSE)),"") -> 71 | AF12: =IFERROR(IFERROR(VLOOKUP($C12&" "&AF$1,Results!$G:$I,3,FALSE),-VLOOKUP($C12&" "&AF$1,Results!$H:$I,2,FALSE)),"") -> 19 | AG12: =IFERROR(IFERROR(VLOOKUP($C12&" "&AG$1,Results!$G:$I,3,FALSE),-VLOOKUP($C12&" "&AG$1,Results!$H:$I,2,FALSE)),"") | AH12: =IFERROR(IFERROR(VLOOKUP($C12&" "&AH$1,Results!$G:$I,3,FALSE),-VLOOKUP($C12&" "&AH$1,Results!$H:$I,2,FALSE)),"") -> -12 | AI12: =IFERROR(IFERROR(VLOOKUP($C12&" "&AI$1,Results!$G:$I,3,FALSE),-VLOOKUP($C12&" "&AI$1,Results!$H:$I,2,FALSE)),"") -> -46 | AJ12: =IFERROR(IFERROR(VLOOKUP($C12&" "&AJ$1,Results!$G:$I,3,FALSE),-VLOOKUP($C12&" "&AJ$1,Results!$H:$I,2,FALSE)),"") -> 3 | ... AN12: =IFERROR(IFERROR(VLOOKUP($C12&" "&AN$1,Results!$G:$I,3,FALSE),-VLOOKUP($C12&" "&AN$1,Results!$H:$I,2,FALSE)),"") | BW12: =SUM(V12:BT12) -> 31 | BX12: =COUNTIF(E12:J12,1) -> 0 | BY12: =COUNTIF(E12:I12,0) -> 5 | BZ12: =COUNT(E12:J12) -> 6 | CA12: =+BX12/BZ12 -> 0 | CC12: =SUM(V12:BU12) -> 31 | CE12: 16 | CF12: =A12 -> 0 | CG12: =+CE12-CF12 -> 16
B13: 10 | C13: Scottish Hills | E13: =IF(AND(AE13>0,$A13<VLOOKUP(AE$1,$C:$L,10,FALSE)),1,IF(AND(AE13<0,$A13>VLOOKUP(AE$1,$C:$L,10,FALSE)),1,0)) -> 0 | F13: =IF(AND(AF13>0,$A13<VLOOKUP(AF$1,$C:$L,10,FALSE)),1,IF(AND(AF13<0,$A13>VLOOKUP(AF$1,$C:$L,10,FALSE)),1,0)) -> 0 | G13: =IF(AND(AG13>0,$A13<VLOOKUP(AG$1,$C:$L,10,FALSE)),1,IF(AND(AG13<0,$A13>VLOOKUP(AG$1,$C:$L,10,FALSE)),1,0)) -> 0 | H13: =IF(AND(AI13>0,$A13<VLOOKUP(AI$1,$C:$L,10,FALSE)),1,IF(AND(AI13<0,$A13>VLOOKUP(AI$1,$C:$L,10,FALSE)),1,0)) -> 0 | I13: =IF(AND(AJ13>0,$A13<VLOOKUP(AJ$1,$C:$L,10,FALSE)),1,IF(AND(AJ13<0,$A13>VLOOKUP(AJ$1,$C:$L,10,FALSE)),1,0)) -> 0 | J13: =IF(AND(AK13>0,$A13<VLOOKUP(AK$1,$C:$L,10,FALSE)),1,IF(AND(AK13<0,$A13>VLOOKUP(AK$1,$C:$L,10,FALSE)),1,0)) -> 0 | K13: Updated | L13: =A13 -> 0 | M13: 3 | N13: =COUNTIF($V13:$BU13,">0") -> 6 | O13: =COUNTIF($V13:$BU13,"<0") -> 0 | P13: =COUNTIF($V13:$BU13,"=0") -> 0 | Q13: =COUNTIF($AG13:$AJ13,">0") -> 3 | R13: =COUNTIF($AG13:$AJ13,"<0") -> 0 | S13: =COUNTIF($AG13:$AJ13,"=0") -> 0 | T13: =COUNTIF(V13:BJ13,"NC") -> 0 | AC13: =IFERROR(IFERROR(VLOOKUP($C13&" "&AC$1,Results!$G:$I,3,FALSE),-VLOOKUP($C13&" "&AC$1,Results!$H:$I,2,FALSE)),"") | AD13: =IFERROR(IFERROR(VLOOKUP($C13&" "&AD$1,Results!$G:$I,3,FALSE),-VLOOKUP($C13&" "&AD$1,Results!$H:$I,2,FALSE)),"") | AE13: =IFERROR(IFERROR(VLOOKUP($C13&" "&AE$1,Results!$G:$I,3,FALSE),-VLOOKUP($C13&" "&AE$1,Results!$H:$I,2,FALSE)),"") -> 105 | AF13: =IFERROR(IFERROR(VLOOKUP($C13&" "&AF$1,Results!$G:$I,3,FALSE),-VLOOKUP($C13&" "&AF$1,Results!$H:$I,2,FALSE)),"") -> 13 | AG13: =IFERROR(IFERROR(VLOOKUP($C13&" "&AG$1,Results!$G:$I,3,FALSE),-VLOOKUP($C13&" "&AG$1,Results!$H:$I,2,FALSE)),"") -> 12 | AH13: =IFERROR(IFERROR(VLOOKUP($C13&" "&AH$1,Results!$G:$I,3,FALSE),-VLOOKUP($C13&" "&AH$1,Results!$H:$I,2,FALSE)),"") | AI13: =IFERROR(IFERROR(VLOOKUP($C13&" "&AI$1,Results!$G:$I,3,FALSE),-VLOOKUP($C13&" "&AI$1,Results!$H:$I,2,FALSE)),"") -> 46 | AJ13: =IFERROR(IFERROR(VLOOKUP($C13&" "&AJ$1,Results!$G:$I,3,FALSE),-VLOOKUP($C13&" "&AJ$1,Results!$H:$I,2,FALSE)),"") -> 46 | ... AN13: =IFERROR(IFERROR(VLOOKUP($C13&" "&AN$1,Results!$G:$I,3,FALSE),-VLOOKUP($C13&" "&AN$1,Results!$H:$I,2,FALSE)),"") | BW13: =SUM(V13:BT13) -> 287 | BX13: =COUNTIF(E13:J13,1) -> 0 | BY13: =COUNTIF(E13:I13,0) -> 5 | BZ13: =COUNT(E13:J13) -> 6 | CA13: =+BX13/BZ13 -> 0 | CC13: =SUM(V13:BU13) -> 287 | CE13: 8 | CF13: =A13 -> 0 | CG13: =+CE13-CF13 -> 8
B14: 11 | C14: Walden Creek | E14: =IF(AND(AF14>0,$A14<VLOOKUP(AF$1,$C:$L,10,FALSE)),1,IF(AND(AF14<0,$A14>VLOOKUP(AF$1,$C:$L,10,FALSE)),1,0)) -> 0 | F14: =IF(AND(AG14>0,$A14<VLOOKUP(AG$1,$C:$L,10,FALSE)),1,IF(AND(AG14<0,$A14>VLOOKUP(AG$1,$C:$L,10,FALSE)),1,0)) -> 0 | G14: =IF(AND(AH14>0,$A14<VLOOKUP(AH$1,$C:$L,10,FALSE)),1,IF(AND(AH14<0,$A14>VLOOKUP(AH$1,$C:$L,10,FALSE)),1,0)) -> 0 | H14: =IF(AND(AJ14>0,$A14<VLOOKUP(AJ$1,$C:$L,10,FALSE)),1,IF(AND(AJ14<0,$A14>VLOOKUP(AJ$1,$C:$L,10,FALSE)),1,0)) -> 0 | I14: =IF(AND(AK14>0,$A14<VLOOKUP(AK$1,$C:$L,10,FALSE)),1,IF(AND(AK14<0,$A14>VLOOKUP(AK$1,$C:$L,10,FALSE)),1,0)) -> 0 | J14: =IF(AND(AL14>0,$A14<VLOOKUP(AL$1,$C:$L,10,FALSE)),1,IF(AND(AL14<0,$A14>VLOOKUP(AL$1,$C:$L,10,FALSE)),1,0)) -> 0 | K14: Updated | L14: =A14 -> 0 | M14: 3 | N14: =COUNTIF($V14:$BU14,">0") -> 5 | O14: =COUNTIF($V14:$BU14,"<0") -> 1 | P14: =COUNTIF($V14:$BU14,"=0") -> 0 | Q14: =COUNTIF($AG14:$AJ14,">0") -> 2 | R14: =COUNTIF($AG14:$AJ14,"<0") -> 1 | S14: =COUNTIF($AG14:$AJ14,"=0") -> 0 | T14: =COUNTIF(V14:BJ14,"NC") -> 0 | AC14: =IFERROR(IFERROR(VLOOKUP($C14&" "&AC$1,Results!$G:$I,3,FALSE),-VLOOKUP($C14&" "&AC$1,Results!$H:$I,2,FALSE)),"") | AD14: =IFERROR(IFERROR(VLOOKUP($C14&" "&AD$1,Results!$G:$I,3,FALSE),-VLOOKUP($C14&" "&AD$1,Results!$H:$I,2,FALSE)),"") | AE14: =IFERROR(IFERROR(VLOOKUP($C14&" "&AE$1,Results!$G:$I,3,FALSE),-VLOOKUP($C14&" "&AE$1,Results!$H:$I,2,FALSE)),"") | AF14: =IFERROR(IFERROR(VLOOKUP($C14&" "&AF$1,Results!$G:$I,3,FALSE),-VLOOKUP($C14&" "&AF$1,Results!$H:$I,2,FALSE)),"") -> 51 | AG14: =IFERROR(IFERROR(VLOOKUP($C14&" "&AG$1,Results!$G:$I,3,FALSE),-VLOOKUP($C14&" "&AG$1,Results!$H:$I,2,FALSE)),"") -> 46 | AH14: =IFERROR(IFERROR(VLOOKUP($C14&" "&AH$1,Results!$G:$I,3,FALSE),-VLOOKUP($C14&" "&AH$1,Results!$H:$I,2,FALSE)),"") -> -46 | AI14: =IFERROR(IFERROR(VLOOKUP($C14&" "&AI$1,Results!$G:$I,3,FALSE),-VLOOKUP($C14&" "&AI$1,Results!$H:$I,2,FALSE)),"") | AJ14: =IFERROR(IFERROR(VLOOKUP($C14&" "&AJ$1,Results!$G:$I,3,FALSE),-VLOOKUP($C14&" "&AJ$1,Results!$H:$I,2,FALSE)),"") -> 21 | ... AN14: =IFERROR(IFERROR(VLOOKUP($C14&" "&AN$1,Results!$G:$I,3,FALSE),-VLOOKUP($C14&" "&AN$1,Results!$H:$I,2,FALSE)),"") | BW14: =SUM(V14:BT14) -> 113 | BX14: =COUNTIF(E14:J14,1) -> 0 | BY14: =COUNTIF(E14:I14,0) -> 5 | BZ14: =COUNT(E14:J14) -> 6 | CA14: =+BX14/BZ14 -> 0 | CC14: =SUM(V14:BU14) -> 113 | CE14: 10 | CF14: =A14 -> 0 | CG14: =+CE14-CF14 -> 10
B15: 12 | C15: Cary | E15: =IF(AND(AG15>0,$A15<VLOOKUP(AG$1,$C:$L,10,FALSE)),1,IF(AND(AG15<0,$A15>VLOOKUP(AG$1,$C:$L,10,FALSE)),1,0)) -> 0 | F15: =IF(AND(AH15>0,$A15<VLOOKUP(AH$1,$C:$L,10,FALSE)),1,IF(AND(AH15<0,$A15>VLOOKUP(AH$1,$C:$L,10,FALSE)),1,0)) -> 0 | G15: =IF(AND(AI15>0,$A15<VLOOKUP(AI$1,$C:$L,10,FALSE)),1,IF(AND(AI15<0,$A15>VLOOKUP(AI$1,$C:$L,10,FALSE)),1,0)) -> 0 | H15: =IF(AND(AK15>0,$A15<VLOOKUP(AK$1,$C:$L,10,FALSE)),1,IF(AND(AK15<0,$A15>VLOOKUP(AK$1,$C:$L,10,FALSE)),1,0)) -> 0 | I15: =IF(AND(AL15>0,$A15<VLOOKUP(AL$1,$C:$L,10,FALSE)),1,IF(AND(AL15<0,$A15>VLOOKUP(AL$1,$C:$L,10,FALSE)),1,0)) -> 0 | J15: =IF(AND(AM15>0,$A15<VLOOKUP(AM$1,$C:$L,10,FALSE)),1,IF(AND(AM15<0,$A15>VLOOKUP(AM$1,$C:$L,10,FALSE)),1,0)) -> 0 | K15: Updated | L15: =A15 -> 0 | M15: 3 | N15: =COUNTIF($V15:$BU15,">0") -> 2 | O15: =COUNTIF($V15:$BU15,"<0") -> 4 | P15: =COUNTIF($V15:$BU15,"=0") -> 0 | Q15: =COUNTIF($AG15:$AJ15,">0") -> 0 | R15: =COUNTIF($AG15:$AJ15,"<0") -> 3 | S15: =COUNTIF($AG15:$AJ15,"=0") -> 0 | T15: =COUNTIF(V15:BJ15,"NC") -> 0 | AC15: =IFERROR(IFERROR(VLOOKUP($C15&" "&AC$1,Results!$G:$I,3,FALSE),-VLOOKUP($C15&" "&AC$1,Results!$H:$I,2,FALSE)),"") | AD15: =IFERROR(IFERROR(VLOOKUP($C15&" "&AD$1,Results!$G:$I,3,FALSE),-VLOOKUP($C15&" "&AD$1,Results!$H:$I,2,FALSE)),"") | AE15: =IFERROR(IFERROR(VLOOKUP($C15&" "&AE$1,Results!$G:$I,3,FALSE),-VLOOKUP($C15&" "&AE$1,Results!$H:$I,2,FALSE)),"") | AF15: =IFERROR(IFERROR(VLOOKUP($C15&" "&AF$1,Results!$G:$I,3,FALSE),-VLOOKUP($C15&" "&AF$1,Results!$H:$I,2,FALSE)),"") | AG15: =IFERROR(IFERROR(VLOOKUP($C15&" "&AG$1,Results!$G:$I,3,FALSE),-VLOOKUP($C15&" "&AG$1,Results!$H:$I,2,FALSE)),"") -> -3 | AH15: =IFERROR(IFERROR(VLOOKUP($C15&" "&AH$1,Results!$G:$I,3,FALSE),-VLOOKUP($C15&" "&AH$1,Results!$H:$I,2,FALSE)),"") -> -46 | AI15: =IFERROR(IFERROR(VLOOKUP($C15&" "&AI$1,Results!$G:$I,3,FALSE),-VLOOKUP($C15&" "&AI$1,Results!$H:$I,2,FALSE)),"") -> -21 | AJ15: =IFERROR(IFERROR(VLOOKUP($C15&" "&AJ$1,Results!$G:$I,3,FALSE),-VLOOKUP($C15&" "&AJ$1,Results!$H:$I,2,FALSE)),"") | ... AN15: =IFERROR(IFERROR(VLOOKUP($C15&" "&AN$1,Results!$G:$I,3,FALSE),-VLOOKUP($C15&" "&AN$1,Results!$H:$I,2,FALSE)),"") | BW15: =SUM(V15:BT15) -> -15 | BX15: =COUNTIF(E15:J15,1) -> 0 | BY15: =COUNTIF(E15:I15,0) -> 5 | BZ15: =COUNT(E15:J15) -> 6 | CA15: =+BX15/BZ15 -> 0 | CC15: =SUM(V15:BU15) -> -15 | CE15: 14 | CF15: =A15 -> 0 | CG15: =+CE15-CF15 -> 14
B16: 13 | C16: Scotts Mill | E16: =IF(AND(AH16>0,$A16<VLOOKUP(AH$1,$C:$L,10,FALSE)),1,IF(AND(AH16<0,$A16>VLOOKUP(AH$1,$C:$L,10,FALSE)),1,0)) -> 0 | F16: =IF(AND(AI16>0,$A16<VLOOKUP(AI$1,$C:$L,10,FALSE)),1,IF(AND(AI16<0,$A16>VLOOKUP(AI$1,$C:$L,10,FALSE)),1,0)) -> 0 | G16: =IF(AND(AJ16>0,$A16<VLOOKUP(AJ$1,$C:$L,10,FALSE)),1,IF(AND(AJ16<0,$A16>VLOOKUP(AJ$1,$C:$L,10,FALSE)),1,0)) -> 0 | H16: =IF(AND(AL16>0,$A16<VLOOKUP(AL$1,$C:$L,10,FALSE)),1,IF(AND(AL16<0,$A16>VLOOKUP(AL$1,$C:$L,10,FALSE)),1,0)) -> 0 | I16: =IF(AND(AM16>0,$A16<VLOOKUP(AM$1,$C:$L,10,FALSE)),1,IF(AND(AM16<0,$A16>VLOOKUP(AM$1,$C:$L,10,FALSE)),1,0)) -> 0 | J16: =IF(AND(AN16>0,$A16<VLOOKUP(AN$1,$C:$L,10,FALSE)),1,IF(AND(AN16<0,$A16>VLOOKUP(AN$1,$C:$L,10,FALSE)),1,0)) -> 0 | K16: Updated | L16: =A16 -> 0 | M16: 4 | N16: =COUNTIF($V16:$BU16,">0") -> 2 | O16: =COUNTIF($V16:$BU16,"<0") -> 3 | P16: =COUNTIF($V16:$BU16,"=0") -> 1 | Q16: =COUNTIF($AK16:$AN16,">0") -> 2 | R16: =COUNTIF($AK16:$AN16,"<0") -> 0 | S16: =COUNTIF($AK16:$AN16,"=0") -> 1 | T16: =COUNTIF(V16:BJ16,"NC") -> 0 | AG16: =IFERROR(IFERROR(VLOOKUP($C16&" "&AG$1,Results!$G:$I,3,FALSE),-VLOOKUP($C16&" "&AG$1,Results!$H:$I,2,FALSE)),"") | AH16: =IFERROR(IFERROR(VLOOKUP($C16&" "&AH$1,Results!$G:$I,3,FALSE),-VLOOKUP($C16&" "&AH$1,Results!$H:$I,2,FALSE)),"") -> -65 | AI16: =IFERROR(IFERROR(VLOOKUP($C16&" "&AI$1,Results!$G:$I,3,FALSE),-VLOOKUP($C16&" "&AI$1,Results!$H:$I,2,FALSE)),"") -> -16 | AJ16: =IFERROR(IFERROR(VLOOKUP($C16&" "&AJ$1,Results!$G:$I,3,FALSE),-VLOOKUP($C16&" "&AJ$1,Results!$H:$I,2,FALSE)),"") -> -30 | AK16: =IFERROR(IFERROR(VLOOKUP($C16&" "&AK$1,Results!$G:$I,3,FALSE),-VLOOKUP($C16&" "&AK$1,Results!$H:$I,2,FALSE)),"") | AL16: =IFERROR(IFERROR(VLOOKUP($C16&" "&AL$1,Results!$G:$I,3,FALSE),-VLOOKUP($C16&" "&AL$1,Results!$H:$I,2,FALSE)),"") -> 0 | AM16: =IFERROR(IFERROR(VLOOKUP($C16&" "&AM$1,Results!$G:$I,3,FALSE),-VLOOKUP($C16&" "&AM$1,Results!$H:$I,2,FALSE)),"") -> 122 | AN16: =IFERROR(IFERROR(VLOOKUP($C16&" "&AN$1,Results!$G:$I,3,FALSE),-VLOOKUP($C16&" "&AN$1,Results!$H:$I,2,FALSE)),"") -> 4 | ... BD16: =IFERROR(IFERROR(VLOOKUP($C16&" "&BD$1,Results!$G:$I,3,FALSE),-VLOOKUP($C16&" "&BD$1,Results!$H:$I,2,FALSE)),"") | BW16: =SUM(V16:BT16) -> 15 | BX16: =COUNTIF(E16:J16,1) -> 0 | BY16: =COUNTIF(E16:I16,0) -> 5 | BZ16: =COUNT(E16:J16) -> 6 | CA16: =+BX16/BZ16 -> 0 | CC16: =SUM(V16:BU16) -> 15 | CE16: 15 | CF16: =A16 -> 0 | CG16: =+CE16-CF16 -> 15
B17: 14 | C17: Weatherstone | E17: =IF(AND(AI17>0,$A17<VLOOKUP(AI$1,$C:$L,10,FALSE)),1,IF(AND(AI17<0,$A17>VLOOKUP(AI$1,$C:$L,10,FALSE)),1,0)) -> 0 | F17: =IF(AND(AJ17>0,$A17<VLOOKUP(AJ$1,$C:$L,10,FALSE)),1,IF(AND(AJ17<0,$A17>VLOOKUP(AJ$1,$C:$L,10,FALSE)),1,0)) -> 0 | G17: =IF(AND(AK17>0,$A17<VLOOKUP(AK$1,$C:$L,10,FALSE)),1,IF(AND(AK17<0,$A17>VLOOKUP(AK$1,$C:$L,10,FALSE)),1,0)) -> 0 | H17: =IF(AND(AM17>0,$A17<VLOOKUP(AM$1,$C:$L,10,FALSE)),1,IF(AND(AM17<0,$A17>VLOOKUP(AM$1,$C:$L,10,FALSE)),1,0)) -> 0 | I17: =IF(AND(AN17>0,$A17<VLOOKUP(AN$1,$C:$L,10,FALSE)),1,IF(AND(AN17<0,$A17>VLOOKUP(AN$1,$C:$L,10,FALSE)),1,0)) -> 0 | J17: =IF(AND(AO17>0,$A17<VLOOKUP(AO$1,$C:$L,10,FALSE)),1,IF(AND(AO17<0,$A17>VLOOKUP(AO$1,$C:$L,10,FALSE)),1,0)) -> 0 | K17: Updated | L17: =A17 -> 0 | M17: 4 | N17: =COUNTIF($V17:$BU17,">0") -> 4 | O17: =COUNTIF($V17:$BU17,"<0") -> 1 | P17: =COUNTIF($V17:$BU17,"=0") -> 1 | Q17: =COUNTIF($AK17:$AN17,">0") -> 2 | R17: =COUNTIF($AK17:$AN17,"<0") -> 0 | S17: =COUNTIF($AK17:$AN17,"=0") -> 1 | T17: =COUNTIF(V17:BJ17,"NC") -> 0 | AG17: =IFERROR(IFERROR(VLOOKUP($C17&" "&AG$1,Results!$G:$I,3,FALSE),-VLOOKUP($C17&" "&AG$1,Results!$H:$I,2,FALSE)),"") | AH17: =IFERROR(IFERROR(VLOOKUP($C17&" "&AH$1,Results!$G:$I,3,FALSE),-VLOOKUP($C17&" "&AH$1,Results!$H:$I,2,FALSE)),"") | AI17: =IFERROR(IFERROR(VLOOKUP($C17&" "&AI$1,Results!$G:$I,3,FALSE),-VLOOKUP($C17&" "&AI$1,Results!$H:$I,2,FALSE)),"") -> -25 | AJ17: =IFERROR(IFERROR(VLOOKUP($C17&" "&AJ$1,Results!$G:$I,3,FALSE),-VLOOKUP($C17&" "&AJ$1,Results!$H:$I,2,FALSE)),"") -> 83 | AK17: =IFERROR(IFERROR(VLOOKUP($C17&" "&AK$1,Results!$G:$I,3,FALSE),-VLOOKUP($C17&" "&AK$1,Results!$H:$I,2,FALSE)),"") -> 0 | AL17: =IFERROR(IFERROR(VLOOKUP($C17&" "&AL$1,Results!$G:$I,3,FALSE),-VLOOKUP($C17&" "&AL$1,Results!$H:$I,2,FALSE)),"") | AM17: =IFERROR(IFERROR(VLOOKUP($C17&" "&AM$1,Results!$G:$I,3,FALSE),-VLOOKUP($C17&" "&AM$1,Results!$H:$I,2,FALSE)),"") -> 82 | AN17: =IFERROR(IFERROR(VLOOKUP($C17&" "&AN$1,Results!$G:$I,3,FALSE),-VLOOKUP($C17&" "&AN$1,Results!$H:$I,2,FALSE)),"") -> 28 | ... BD17: =IFERROR(IFERROR(VLOOKUP($C17&" "&BD$1,Results!$G:$I,3,FALSE),-VLOOKUP($C17&" "&BD$1,Results!$H:$I,2,FALSE)),"") | BW17: =SUM(V17:BT17) -> 233 | BX17: =COUNTIF(E17:J17,1) -> 0 | BY17: =COUNTIF(E17:I17,0) -> 5 | BZ17: =COUNT(E17:J17) -> 6 | CA17: =+BX17/BZ17 -> 0 | CC17: =SUM(V17:BU17) -> 233 | CE17: 11 | CF17: =A17 -> 0 | CG17: =+CE17-CF17 -> 11
B18: 15 | C18: Wellsley | E18: =IF(AND(AJ18>0,$A18<VLOOKUP(AJ$1,$C:$L,10,FALSE)),1,IF(AND(AJ18<0,$A18>VLOOKUP(AJ$1,$C:$L,10,FALSE)),1,0)) -> 0 | F18: =IF(AND(AK18>0,$A18<VLOOKUP(AK$1,$C:$L,10,FALSE)),1,IF(AND(AK18<0,$A18>VLOOKUP(AK$1,$C:$L,10,FALSE)),1,0)) -> 0 | G18: =IF(AND(AL18>0,$A18<VLOOKUP(AL$1,$C:$L,10,FALSE)),1,IF(AND(AL18<0,$A18>VLOOKUP(AL$1,$C:$L,10,FALSE)),1,0)) -> 0 | H18: =IF(AND(AN18>0,$A18<VLOOKUP(AN$1,$C:$L,10,FALSE)),1,IF(AND(AN18<0,$A18>VLOOKUP(AN$1,$C:$L,10,FALSE)),1,0)) -> 0 | I18: =IF(AND(AO18>0,$A18<VLOOKUP(AO$1,$C:$L,10,FALSE)),1,IF(AND(AO18<0,$A18>VLOOKUP(AO$1,$C:$L,10,FALSE)),1,0)) -> 0 | J18: =IF(AND(AP18>0,$A18<VLOOKUP(AP$1,$C:$L,10,FALSE)),1,IF(AND(AP18<0,$A18>VLOOKUP(AP$1,$C:$L,10,FALSE)),1,0)) -> 0 | K18: Updated | L18: =A18 -> 0 | M18: 4 | N18: =COUNTIF($V18:$BU18,">0") -> 2 | O18: =COUNTIF($V18:$BU18,"<0") -> 4 | P18: =COUNTIF($V18:$BU18,"=0") -> 0 | Q18: =COUNTIF($AK18:$AN18,">0") -> 0 | R18: =COUNTIF($AK18:$AN18,"<0") -> 3 | S18: =COUNTIF($AK18:$AN18,"=0") -> 0 | T18: =COUNTIF(V18:BJ18,"NC") -> 0 | AG18: =IFERROR(IFERROR(VLOOKUP($C18&" "&AG$1,Results!$G:$I,3,FALSE),-VLOOKUP($C18&" "&AG$1,Results!$H:$I,2,FALSE)),"") | AH18: =IFERROR(IFERROR(VLOOKUP($C18&" "&AH$1,Results!$G:$I,3,FALSE),-VLOOKUP($C18&" "&AH$1,Results!$H:$I,2,FALSE)),"") | AI18: =IFERROR(IFERROR(VLOOKUP($C18&" "&AI$1,Results!$G:$I,3,FALSE),-VLOOKUP($C18&" "&AI$1,Results!$H:$I,2,FALSE)),"") | AJ18: =IFERROR(IFERROR(VLOOKUP($C18&" "&AJ$1,Results!$G:$I,3,FALSE),-VLOOKUP($C18&" "&AJ$1,Results!$H:$I,2,FALSE)),"") -> -108 | AK18: =IFERROR(IFERROR(VLOOKUP($C18&" "&AK$1,Results!$G:$I,3,FALSE),-VLOOKUP($C18&" "&AK$1,Results!$H:$I,2,FALSE)),"") -> -122 | AL18: =IFERROR(IFERROR(VLOOKUP($C18&" "&AL$1,Results!$G:$I,3,FALSE),-VLOOKUP($C18&" "&AL$1,Results!$H:$I,2,FALSE)),"") -> -82 | AM18: =IFERROR(IFERROR(VLOOKUP($C18&" "&AM$1,Results!$G:$I,3,FALSE),-VLOOKUP($C18&" "&AM$1,Results!$H:$I,2,FALSE)),"") | AN18: =IFERROR(IFERROR(VLOOKUP($C18&" "&AN$1,Results!$G:$I,3,FALSE),-VLOOKUP($C18&" "&AN$1,Results!$H:$I,2,FALSE)),"") -> -20 | ... BD18: =IFERROR(IFERROR(VLOOKUP($C18&" "&BD$1,Results!$G:$I,3,FALSE),-VLOOKUP($C18&" "&BD$1,Results!$H:$I,2,FALSE)),"") | BW18: =SUM(V18:BT18) -> -224 | BX18: =COUNTIF(E18:J18,1) -> 0 | BY18: =COUNTIF(E18:I18,0) -> 5 | BZ18: =COUNT(E18:J18) -> 6 | CA18: =+BX18/BZ18 -> 0 | CC18: =SUM(V18:BU18) -> -224 | CE18: 12 | CF18: =A18 -> 0 | CG18: =+CE18-CF18 -> 12
B19: 16 | C19: Haddon Hall | E19: =IF(AND(AK19>0,$A19<VLOOKUP(AK$1,$C:$L,10,FALSE)),1,IF(AND(AK19<0,$A19>VLOOKUP(AK$1,$C:$L,10,FALSE)),1,0)) -> 0 | F19: =IF(AND(AL19>0,$A19<VLOOKUP(AL$1,$C:$L,10,FALSE)),1,IF(AND(AL19<0,$A19>VLOOKUP(AL$1,$C:$L,10,FALSE)),1,0)) -> 0 | G19: =IF(AND(AM19>0,$A19<VLOOKUP(AM$1,$C:$L,10,FALSE)),1,IF(AND(AM19<0,$A19>VLOOKUP(AM$1,$C:$L,10,FALSE)),1,0)) -> 0 | H19: =IF(AND(AO19>0,$A19<VLOOKUP(AO$1,$C:$L,10,FALSE)),1,IF(AND(AO19<0,$A19>VLOOKUP(AO$1,$C:$L,10,FALSE)),1,0)) -> 0 | I19: =IF(AND(AP19>0,$A19<VLOOKUP(AP$1,$C:$L,10,FALSE)),1,IF(AND(AP19<0,$A19>VLOOKUP(AP$1,$C:$L,10,FALSE)),1,0)) -> 0 | J19: =IF(AND(AQ19>0,$A19<VLOOKUP(AQ$1,$C:$L,10,FALSE)),1,IF(AND(AQ19<0,$A19>VLOOKUP(AQ$1,$C:$L,10,FALSE)),1,0)) -> 0 | K19: Updated | L19: =A19 -> 0 | M19: 4 | N19: =COUNTIF($V19:$BU19,">0") -> 4 | O19: =COUNTIF($V19:$BU19,"<0") -> 2 | P19: =COUNTIF($V19:$BU19,"=0") -> 0 | Q19: =COUNTIF($AK19:$AN19,">0") -> 1 | R19: =COUNTIF($AK19:$AN19,"<0") -> 2 | S19: =COUNTIF($AK19:$AN19,"=0") -> 0 | T19: =COUNTIF(V19:BJ19,"NC") -> 0 | AG19: =IFERROR(IFERROR(VLOOKUP($C19&" "&AG$1,Results!$G:$I,3,FALSE),-VLOOKUP($C19&" "&AG$1,Results!$H:$I,2,FALSE)),"") | AH19: =IFERROR(IFERROR(VLOOKUP($C19&" "&AH$1,Results!$G:$I,3,FALSE),-VLOOKUP($C19&" "&AH$1,Results!$H:$I,2,FALSE)),"") | AI19: =IFERROR(IFERROR(VLOOKUP($C19&" "&AI$1,Results!$G:$I,3,FALSE),-VLOOKUP($C19&" "&AI$1,Results!$H:$I,2,FALSE)),"") | AJ19: =IFERROR(IFERROR(VLOOKUP($C19&" "&AJ$1,Results!$G:$I,3,FALSE),-VLOOKUP($C19&" "&AJ$1,Results!$H:$I,2,FALSE)),"") | AK19: =IFERROR(IFERROR(VLOOKUP($C19&" "&AK$1,Results!$G:$I,3,FALSE),-VLOOKUP($C19&" "&AK$1,Results!$H:$I,2,FALSE)),"") -> -4 | AL19: =IFERROR(IFERROR(VLOOKUP($C19&" "&AL$1,Results!$G:$I,3,FALSE),-VLOOKUP($C19&" "&AL$1,Results!$H:$I,2,FALSE)),"") -> -28 | AM19: =IFERROR(IFERROR(VLOOKUP($C19&" "&AM$1,Results!$G:$I,3,FALSE),-VLOOKUP($C19&" "&AM$1,Results!$H:$I,2,FALSE)),"") -> 20 | AN19: =IFERROR(IFERROR(VLOOKUP($C19&" "&AN$1,Results!$G:$I,3,FALSE),-VLOOKUP($C19&" "&AN$1,Results!$H:$I,2,FALSE)),"") | ... BD19: =IFERROR(IFERROR(VLOOKUP($C19&" "&BD$1,Results!$G:$I,3,FALSE),-VLOOKUP($C19&" "&BD$1,Results!$H:$I,2,FALSE)),"") | BW19: =SUM(V19:BT19) -> 111 | BX19: =COUNTIF(E19:J19,1) -> 0 | BY19: =COUNTIF(E19:I19,0) -> 5 | BZ19: =COUNT(E19:J19) -> 6 | CA19: =+BX19/BZ19 -> 0 | CC19: =SUM(V19:BU19) -> 111 | CE19: 13 | CF19: =A19 -> 0 | CG19: =+CE19-CF19 -> 13
B20: 17 | C20: Dutchman Downs | E20: =IF(AND(AL20>0,$A20<VLOOKUP(AL$1,$C:$L,10,FALSE)),1,IF(AND(AL20<0,$A20>VLOOKUP(AL$1,$C:$L,10,FALSE)),1,0)) -> 0 | F20: =IF(AND(AM20>0,$A20<VLOOKUP(AM$1,$C:$L,10,FALSE)),1,IF(AND(AM20<0,$A20>VLOOKUP(AM$1,$C:$L,10,FALSE)),1,0)) -> 0 | G20: =IF(AND(AN20>0,$A20<VLOOKUP(AN$1,$C:$L,10,FALSE)),1,IF(AND(AN20<0,$A20>VLOOKUP(AN$1,$C:$L,10,FALSE)),1,0)) -> 0 | H20: =IF(AND(AP20>0,$A20<VLOOKUP(AP$1,$C:$L,10,FALSE)),1,IF(AND(AP20<0,$A20>VLOOKUP(AP$1,$C:$L,10,FALSE)),1,0)) -> 0 | I20: =IF(AND(AQ20>0,$A20<VLOOKUP(AQ$1,$C:$L,10,FALSE)),1,IF(AND(AQ20<0,$A20>VLOOKUP(AQ$1,$C:$L,10,FALSE)),1,0)) -> 0 | J20: =IF(AND(AR20>0,$A20<VLOOKUP(AR$1,$C:$L,10,FALSE)),1,IF(AND(AR20<0,$A20>VLOOKUP(AR$1,$C:$L,10,FALSE)),1,0)) -> 0 | K20: Updated | L20: =A20 -> 0 | M20: 5 | N20: =COUNTIF($V20:$BU20,">0") -> 1 | O20: =COUNTIF($V20:$BU20,"<0") -> 5 | P20: =COUNTIF($V20:$BU20,"=0") -> 0 | Q20: =COUNTIF($AO20:$AR20,">0") -> 1 | R20: =COUNTIF($AO20:$AR20,"<0") -> 2 | S20: =COUNTIF($AO20:$AR20,"=0") -> 0 | T20: =COUNTIF(V20:BJ20,"NC") -> 0 | AG20: =IFERROR(IFERROR(VLOOKUP($C20&" "&AG$1,Results!$G:$I,3,FALSE),-VLOOKUP($C20&" "&AG$1,Results!$H:$I,2,FALSE)),"") | AH20: =IFERROR(IFERROR(VLOOKUP($C20&" "&AH$1,Results!$G:$I,3,FALSE),-VLOOKUP($C20&" "&AH$1,Results!$H:$I,2,FALSE)),"") | AI20: =IFERROR(IFERROR(VLOOKUP($C20&" "&AI$1,Results!$G:$I,3,FALSE),-VLOOKUP($C20&" "&AI$1,Results!$H:$I,2,FALSE)),"") | AJ20: =IFERROR(IFERROR(VLOOKUP($C20&" "&AJ$1,Results!$G:$I,3,FALSE),-VLOOKUP($C20&" "&AJ$1,Results!$H:$I,2,FALSE)),"") | AK20: =IFERROR(IFERROR(VLOOKUP($C20&" "&AK$1,Results!$G:$I,3,FALSE),-VLOOKUP($C20&" "&AK$1,Results!$H:$I,2,FALSE)),"") | AL20: =IFERROR(IFERROR(VLOOKUP($C20&" "&AL$1,Results!$G:$I,3,FALSE),-VLOOKUP($C20&" "&AL$1,Results!$H:$I,2,FALSE)),"") -> -65 | AM20: =IFERROR(IFERROR(VLOOKUP($C20&" "&AM$1,Results!$G:$I,3,FALSE),-VLOOKUP($C20&" "&AM$1,Results!$H:$I,2,FALSE)),"") -> -55 | AN20: =IFERROR(IFERROR(VLOOKUP($C20&" "&AN$1,Results!$G:$I,3,FALSE),-VLOOKUP($C20&" "&AN$1,Results!$H:$I,2,FALSE)),"") -> -65 | ... BD20: =IFERROR(IFERROR(VLOOKUP($C20&" "&BD$1,Results!$G:$I,3,FALSE),-VLOOKUP($C20&" "&BD$1,Results!$H:$I,2,FALSE)),"") | BW20: =SUM(V20:BT20) -> -197 | BX20: =COUNTIF(E20:J20,1) -> 0 | BY20: =COUNTIF(E20:I20,0) -> 5 | BZ20: =COUNT(E20:J20) -> 6 | CA20: =+BX20/BZ20 -> 0 | CC20: =SUM(V20:BU20) -> -197 | CE20: 18 | CF20: =A20 -> 0 | CG20: =+CE20-CF20 -> 18
B21: 18 | C21: The Reserve | E21: =IF(AND(AM21>0,$A21<VLOOKUP(AM$1,$C:$L,10,FALSE)),1,IF(AND(AM21<0,$A21>VLOOKUP(AM$1,$C:$L,10,FALSE)),1,0)) -> 0 | F21: =IF(AND(AN21>0,$A21<VLOOKUP(AN$1,$C:$L,10,FALSE)),1,IF(AND(AN21<0,$A21>VLOOKUP(AN$1,$C:$L,10,FALSE)),1,0)) -> 0 | G21: =IF(AND(AO21>0,$A21<VLOOKUP(AO$1,$C:$L,10,FALSE)),1,IF(AND(AO21<0,$A21>VLOOKUP(AO$1,$C:$L,10,FALSE)),1,0)) -> 0 | H21: =IF(AND(AQ21>0,$A21<VLOOKUP(AQ$1,$C:$L,10,FALSE)),1,IF(AND(AQ21<0,$A21>VLOOKUP(AQ$1,$C:$L,10,FALSE)),1,0)) -> 0 | I21: =IF(AND(AR21>0,$A21<VLOOKUP(AR$1,$C:$L,10,FALSE)),1,IF(AND(AR21<0,$A21>VLOOKUP(AR$1,$C:$L,10,FALSE)),1,0)) -> 0 | J21: =IF(AND(AS21>0,$A21<VLOOKUP(AS$1,$C:$L,10,FALSE)),1,IF(AND(AS21<0,$A21>VLOOKUP(AS$1,$C:$L,10,FALSE)),1,0)) -> 0 | K21: Updated | L21: =A21 -> 0 | M21: 5 | N21: =COUNTIF($V21:$BU21,">0") -> 3 | O21: =COUNTIF($V21:$BU21,"<0") -> 3 | P21: =COUNTIF($V21:$BU21,"=0") -> 0 | Q21: =COUNTIF($AO21:$AR21,">0") -> 2 | R21: =COUNTIF($AO21:$AR21,"<0") -> 1 | S21: =COUNTIF($AO21:$AR21,"=0") -> 0 | T21: =COUNTIF(V21:BJ21,"NC") -> 0 | AG21: =IFERROR(IFERROR(VLOOKUP($C21&" "&AG$1,Results!$G:$I,3,FALSE),-VLOOKUP($C21&" "&AG$1,Results!$H:$I,2,FALSE)),"") | AH21: =IFERROR(IFERROR(VLOOKUP($C21&" "&AH$1,Results!$G:$I,3,FALSE),-VLOOKUP($C21&" "&AH$1,Results!$H:$I,2,FALSE)),"") | AI21: =IFERROR(IFERROR(VLOOKUP($C21&" "&AI$1,Results!$G:$I,3,FALSE),-VLOOKUP($C21&" "&AI$1,Results!$H:$I,2,FALSE)),"") | AJ21: =IFERROR(IFERROR(VLOOKUP($C21&" "&AJ$1,Results!$G:$I,3,FALSE),-VLOOKUP($C21&" "&AJ$1,Results!$H:$I,2,FALSE)),"") | AK21: =IFERROR(IFERROR(VLOOKUP($C21&" "&AK$1,Results!$G:$I,3,FALSE),-VLOOKUP($C21&" "&AK$1,Results!$H:$I,2,FALSE)),"") | AL21: =IFERROR(IFERROR(VLOOKUP($C21&" "&AL$1,Results!$G:$I,3,FALSE),-VLOOKUP($C21&" "&AL$1,Results!$H:$I,2,FALSE)),"") | AM21: =IFERROR(IFERROR(VLOOKUP($C21&" "&AM$1,Results!$G:$I,3,FALSE),-VLOOKUP($C21&" "&AM$1,Results!$H:$I,2,FALSE)),"") -> -53 | AN21: =IFERROR(IFERROR(VLOOKUP($C21&" "&AN$1,Results!$G:$I,3,FALSE),-VLOOKUP($C21&" "&AN$1,Results!$H:$I,2,FALSE)),"") -> -55 | ... BD21: =IFERROR(IFERROR(VLOOKUP($C21&" "&BD$1,Results!$G:$I,3,FALSE),-VLOOKUP($C21&" "&BD$1,Results!$H:$I,2,FALSE)),"") | BW21: =SUM(V21:BT21) -> -25 | BX21: =COUNTIF(E21:J21,1) -> 0 | BY21: =COUNTIF(E21:I21,0) -> 5 | BZ21: =COUNT(E21:J21) -> 6 | CA21: =+BX21/BZ21 -> 0 | CC21: =SUM(V21:BU21) -> -25 | CE21: 19 | CF21: =A21 -> 0 | CG21: =+CE21-CF21 -> 19
B22: 19 | C22: Silverton | E22: =IF(AND(AN22>0,$A22<VLOOKUP(AN$1,$C:$L,10,FALSE)),1,IF(AND(AN22<0,$A22>VLOOKUP(AN$1,$C:$L,10,FALSE)),1,0)) -> 0 | F22: =IF(AND(AO22>0,$A22<VLOOKUP(AO$1,$C:$L,10,FALSE)),1,IF(AND(AO22<0,$A22>VLOOKUP(AO$1,$C:$L,10,FALSE)),1,0)) -> 0 | G22: =IF(AND(AP22>0,$A22<VLOOKUP(AP$1,$C:$L,10,FALSE)),1,IF(AND(AP22<0,$A22>VLOOKUP(AP$1,$C:$L,10,FALSE)),1,0)) -> 0 | H22: =IF(AND(AR22>0,$A22<VLOOKUP(AR$1,$C:$L,10,FALSE)),1,IF(AND(AR22<0,$A22>VLOOKUP(AR$1,$C:$L,10,FALSE)),1,0)) -> 0 | I22: =IF(AND(AS22>0,$A22<VLOOKUP(AS$1,$C:$L,10,FALSE)),1,IF(AND(AS22<0,$A22>VLOOKUP(AS$1,$C:$L,10,FALSE)),1,0)) -> 0 | J22: =IF(AND(AT22>0,$A22<VLOOKUP(AT$1,$C:$L,10,FALSE)),1,IF(AND(AT22<0,$A22>VLOOKUP(AT$1,$C:$L,10,FALSE)),1,0)) -> 0 | K22: Updated | L22: =A22 -> 0 | M22: 5 | N22: =COUNTIF($V22:$BU22,">0") -> 4 | O22: =COUNTIF($V22:$BU22,"<0") -> 2 | P22: =COUNTIF($V22:$BU22,"=0") -> 0 | Q22: =COUNTIF($AO22:$AR22,">0") -> 2 | R22: =COUNTIF($AO22:$AR22,"<0") -> 1 | S22: =COUNTIF($AO22:$AR22,"=0") -> 0 | T22: =COUNTIF(V22:BJ22,"NC") -> 0 | AG22: =IFERROR(IFERROR(VLOOKUP($C22&" "&AG$1,Results!$G:$I,3,FALSE),-VLOOKUP($C22&" "&AG$1,Results!$H:$I,2,FALSE)),"") | AH22: =IFERROR(IFERROR(VLOOKUP($C22&" "&AH$1,Results!$G:$I,3,FALSE),-VLOOKUP($C22&" "&AH$1,Results!$H:$I,2,FALSE)),"") | AI22: =IFERROR(IFERROR(VLOOKUP($C22&" "&AI$1,Results!$G:$I,3,FALSE),-VLOOKUP($C22&" "&AI$1,Results!$H:$I,2,FALSE)),"") | AJ22: =IFERROR(IFERROR(VLOOKUP($C22&" "&AJ$1,Results!$G:$I,3,FALSE),-VLOOKUP($C22&" "&AJ$1,Results!$H:$I,2,FALSE)),"") | AK22: =IFERROR(IFERROR(VLOOKUP($C22&" "&AK$1,Results!$G:$I,3,FALSE),-VLOOKUP($C22&" "&AK$1,Results!$H:$I,2,FALSE)),"") | AL22: =IFERROR(IFERROR(VLOOKUP($C22&" "&AL$1,Results!$G:$I,3,FALSE),-VLOOKUP($C22&" "&AL$1,Results!$H:$I,2,FALSE)),"") | AM22: =IFERROR(IFERROR(VLOOKUP($C22&" "&AM$1,Results!$G:$I,3,FALSE),-VLOOKUP($C22&" "&AM$1,Results!$H:$I,2,FALSE)),"") | AN22: =IFERROR(IFERROR(VLOOKUP($C22&" "&AN$1,Results!$G:$I,3,FALSE),-VLOOKUP($C22&" "&AN$1,Results!$H:$I,2,FALSE)),"") -> -3 | ... BD22: =IFERROR(IFERROR(VLOOKUP($C22&" "&BD$1,Results!$G:$I,3,FALSE),-VLOOKUP($C22&" "&BD$1,Results!$H:$I,2,FALSE)),"") | BW22: =SUM(V22:BT22) -> 188 | BX22: =COUNTIF(E22:J22,1) -> 0 | BY22: =COUNTIF(E22:I22,0) -> 5 | BZ22: =COUNT(E22:J22) -> 6 | CA22: =+BX22/BZ22 -> 0 | CC22: =SUM(V22:BU22) -> 188 | CE22: 22 | CF22: =A22 -> 0 | CG22: =+CE22-CF22 -> 22
B23: 20 | C23: Oxxford Hunt | E23: =IF(AND(AO23>0,$A23<VLOOKUP(AO$1,$C:$L,10,FALSE)),1,IF(AND(AO23<0,$A23>VLOOKUP(AO$1,$C:$L,10,FALSE)),1,0)) -> 0 | F23: =IF(AND(AP23>0,$A23<VLOOKUP(AP$1,$C:$L,10,FALSE)),1,IF(AND(AP23<0,$A23>VLOOKUP(AP$1,$C:$L,10,FALSE)),1,0)) -> 0 | G23: =IF(AND(AQ23>0,$A23<VLOOKUP(AQ$1,$C:$L,10,FALSE)),1,IF(AND(AQ23<0,$A23>VLOOKUP(AQ$1,$C:$L,10,FALSE)),1,0)) -> 0 | H23: =IF(AND(AS23>0,$A23<VLOOKUP(AS$1,$C:$L,10,FALSE)),1,IF(AND(AS23<0,$A23>VLOOKUP(AS$1,$C:$L,10,FALSE)),1,0)) -> 0 | I23: =IF(AND(AT23>0,$A23<VLOOKUP(AT$1,$C:$L,10,FALSE)),1,IF(AND(AT23<0,$A23>VLOOKUP(AT$1,$C:$L,10,FALSE)),1,0)) -> 0 | J23: =IF(AND(AU23>0,$A23<VLOOKUP(AU$1,$C:$L,10,FALSE)),1,IF(AND(AU23<0,$A23>VLOOKUP(AU$1,$C:$L,10,FALSE)),1,0)) -> 0 | K23: Updated | L23: =A23 -> 0 | M23: 5 | N23: =COUNTIF($V23:$BU23,">0") -> 2 | O23: =COUNTIF($V23:$BU23,"<0") -> 4 | P23: =COUNTIF($V23:$BU23,"=0") -> 0 | Q23: =COUNTIF($AO23:$AR23,">0") -> 1 | R23: =COUNTIF($AO23:$AR23,"<0") -> 2 | S23: =COUNTIF($AO23:$AR23,"=0") -> 0 | T23: =COUNTIF(V23:BJ23,"NC") -> 0 | AG23: =IFERROR(IFERROR(VLOOKUP($C23&" "&AG$1,Results!$G:$I,3,FALSE),-VLOOKUP($C23&" "&AG$1,Results!$H:$I,2,FALSE)),"") | AH23: =IFERROR(IFERROR(VLOOKUP($C23&" "&AH$1,Results!$G:$I,3,FALSE),-VLOOKUP($C23&" "&AH$1,Results!$H:$I,2,FALSE)),"") | AI23: =IFERROR(IFERROR(VLOOKUP($C23&" "&AI$1,Results!$G:$I,3,FALSE),-VLOOKUP($C23&" "&AI$1,Results!$H:$I,2,FALSE)),"") | AJ23: =IFERROR(IFERROR(VLOOKUP($C23&" "&AJ$1,Results!$G:$I,3,FALSE),-VLOOKUP($C23&" "&AJ$1,Results!$H:$I,2,FALSE)),"") | AK23: =IFERROR(IFERROR(VLOOKUP($C23&" "&AK$1,Results!$G:$I,3,FALSE),-VLOOKUP($C23&" "&AK$1,Results!$H:$I,2,FALSE)),"") | AL23: =IFERROR(IFERROR(VLOOKUP($C23&" "&AL$1,Results!$G:$I,3,FALSE),-VLOOKUP($C23&" "&AL$1,Results!$H:$I,2,FALSE)),"") | AM23: =IFERROR(IFERROR(VLOOKUP($C23&" "&AM$1,Results!$G:$I,3,FALSE),-VLOOKUP($C23&" "&AM$1,Results!$H:$I,2,FALSE)),"") | AN23: =IFERROR(IFERROR(VLOOKUP($C23&" "&AN$1,Results!$G:$I,3,FALSE),-VLOOKUP($C23&" "&AN$1,Results!$H:$I,2,FALSE)),"") | ... BD23: =IFERROR(IFERROR(VLOOKUP($C23&" "&BD$1,Results!$G:$I,3,FALSE),-VLOOKUP($C23&" "&BD$1,Results!$H:$I,2,FALSE)),"") | BW23: =SUM(V23:BT23) -> -179 | BX23: =COUNTIF(E23:J23,1) -> 0 | BY23: =COUNTIF(E23:I23,0) -> 5 | BZ23: =COUNT(E23:J23) -> 6 | CA23: =+BX23/BZ23 -> 0 | CC23: =SUM(V23:BU23) -> -179 | CE23: 17 | CF23: =A23 -> 0 | CG23: =+CE23-CF23 -> 17
B24: 21 | C24: Regency | E24: =IF(AND(AP24>0,$A24<VLOOKUP(AP$1,$C:$L,10,FALSE)),1,IF(AND(AP24<0,$A24>VLOOKUP(AP$1,$C:$L,10,FALSE)),1,0)) -> 0 | F24: =IF(AND(AQ24>0,$A24<VLOOKUP(AQ$1,$C:$L,10,FALSE)),1,IF(AND(AQ24<0,$A24>VLOOKUP(AQ$1,$C:$L,10,FALSE)),1,0)) -> 0 | G24: =IF(AND(AR24>0,$A24<VLOOKUP(AR$1,$C:$L,10,FALSE)),1,IF(AND(AR24<0,$A24>VLOOKUP(AR$1,$C:$L,10,FALSE)),1,0)) -> 0 | H24: =IF(AND(AT24>0,$A24<VLOOKUP(AT$1,$C:$L,10,FALSE)),1,IF(AND(AT24<0,$A24>VLOOKUP(AT$1,$C:$L,10,FALSE)),1,0)) -> 0 | I24: =IF(AND(AU24>0,$A24<VLOOKUP(AU$1,$C:$L,10,FALSE)),1,IF(AND(AU24<0,$A24>VLOOKUP(AU$1,$C:$L,10,FALSE)),1,0)) -> 0 | J24: =IF(AND(AV24>0,$A24<VLOOKUP(AV$1,$C:$L,10,FALSE)),1,IF(AND(AV24<0,$A24>VLOOKUP(AV$1,$C:$L,10,FALSE)),1,0)) -> 0 | K24: Updated | L24: =A24 -> 0 | M24: 6 | N24: =COUNTIF($V24:$BU24,">0") -> 0 | O24: =COUNTIF($V24:$BU24,"<0") -> 6 | P24: =COUNTIF($V24:$BU24,"=0") -> 0 | Q24: =COUNTIF($AS24:$AV24,">0") -> 0 | R24: =COUNTIF($AS24:$AV24,"<0") -> 3 | S24: =COUNTIF($AS24:$AV24,"=0") -> 0 | T24: =COUNTIF(V24:BJ24,"NC") -> 0 | AG24: =IFERROR(IFERROR(VLOOKUP($C24&" "&AG$1,Results!$G:$I,3,FALSE),-VLOOKUP($C24&" "&AG$1,Results!$H:$I,2,FALSE)),"") | AH24: =IFERROR(IFERROR(VLOOKUP($C24&" "&AH$1,Results!$G:$I,3,FALSE),-VLOOKUP($C24&" "&AH$1,Results!$H:$I,2,FALSE)),"") | AI24: =IFERROR(IFERROR(VLOOKUP($C24&" "&AI$1,Results!$G:$I,3,FALSE),-VLOOKUP($C24&" "&AI$1,Results!$H:$I,2,FALSE)),"") | AJ24: =IFERROR(IFERROR(VLOOKUP($C24&" "&AJ$1,Results!$G:$I,3,FALSE),-VLOOKUP($C24&" "&AJ$1,Results!$H:$I,2,FALSE)),"") | AK24: =IFERROR(IFERROR(VLOOKUP($C24&" "&AK$1,Results!$G:$I,3,FALSE),-VLOOKUP($C24&" "&AK$1,Results!$H:$I,2,FALSE)),"") | AL24: =IFERROR(IFERROR(VLOOKUP($C24&" "&AL$1,Results!$G:$I,3,FALSE),-VLOOKUP($C24&" "&AL$1,Results!$H:$I,2,FALSE)),"") | AM24: =IFERROR(IFERROR(VLOOKUP($C24&" "&AM$1,Results!$G:$I,3,FALSE),-VLOOKUP($C24&" "&AM$1,Results!$H:$I,2,FALSE)),"") | AN24: =IFERROR(IFERROR(VLOOKUP($C24&" "&AN$1,Results!$G:$I,3,FALSE),-VLOOKUP($C24&" "&AN$1,Results!$H:$I,2,FALSE)),"") | ... BD24: =IFERROR(IFERROR(VLOOKUP($C24&" "&BD$1,Results!$G:$I,3,FALSE),-VLOOKUP($C24&" "&BD$1,Results!$H:$I,2,FALSE)),"") | BW24: =SUM(V24:BT24) -> -349 | BX24: =COUNTIF(E24:J24,1) -> 0 | BY24: =COUNTIF(E24:I24,0) -> 5 | BZ24: =COUNT(E24:J24) -> 6 | CA24: =+BX24/BZ24 -> 0 | CC24: =SUM(V24:BU24) -> -349 | CE24: 21 | CF24: =A24 -> 0 | CG24: =+CE24-CF24 -> 21
B25: 22 | C25: Life Time Fitness Cary | E25: =IF(AND(AQ25>0,$A25<VLOOKUP(AQ$1,$C:$L,10,FALSE)),1,IF(AND(AQ25<0,$A25>VLOOKUP(AQ$1,$C:$L,10,FALSE)),1,0)) -> 0 | F25: =IF(AND(AR25>0,$A25<VLOOKUP(AR$1,$C:$L,10,FALSE)),1,IF(AND(AR25<0,$A25>VLOOKUP(AR$1,$C:$L,10,FALSE)),1,0)) -> 0 | G25: =IF(AND(AS25>0,$A25<VLOOKUP(AS$1,$C:$L,10,FALSE)),1,IF(AND(AS25<0,$A25>VLOOKUP(AS$1,$C:$L,10,FALSE)),1,0)) -> 0 | H25: =IF(AND(AU25>0,$A25<VLOOKUP(AU$1,$C:$L,10,FALSE)),1,IF(AND(AU25<0,$A25>VLOOKUP(AU$1,$C:$L,10,FALSE)),1,0)) -> 0 | I25: =IF(AND(AV25>0,$A25<VLOOKUP(AV$1,$C:$L,10,FALSE)),1,IF(AND(AV25<0,$A25>VLOOKUP(AV$1,$C:$L,10,FALSE)),1,0)) -> 0 | J25: =IF(AND(AW25>0,$A25<VLOOKUP(AW$1,$C:$L,10,FALSE)),1,IF(AND(AW25<0,$A25>VLOOKUP(AW$1,$C:$L,10,FALSE)),1,0)) -> 0 | K25: Updated | L25: =A25 -> 0 | M25: 6 | N25: =COUNTIF($V25:$BU25,">0") -> 3 | O25: =COUNTIF($V25:$BU25,"<0") -> 3 | P25: =COUNTIF($V25:$BU25,"=0") -> 0 | Q25: =COUNTIF($AS25:$AV25,">0") -> 1 | R25: =COUNTIF($AS25:$AV25,"<0") -> 2 | S25: =COUNTIF($AS25:$AV25,"=0") -> 0 | T25: =COUNTIF(V25:BJ25,"NC") -> 0 | AG25: =IFERROR(IFERROR(VLOOKUP($C25&" "&AG$1,Results!$G:$I,3,FALSE),-VLOOKUP($C25&" "&AG$1,Results!$H:$I,2,FALSE)),"") | AH25: =IFERROR(IFERROR(VLOOKUP($C25&" "&AH$1,Results!$G:$I,3,FALSE),-VLOOKUP($C25&" "&AH$1,Results!$H:$I,2,FALSE)),"") | AI25: =IFERROR(IFERROR(VLOOKUP($C25&" "&AI$1,Results!$G:$I,3,FALSE),-VLOOKUP($C25&" "&AI$1,Results!$H:$I,2,FALSE)),"") | AJ25: =IFERROR(IFERROR(VLOOKUP($C25&" "&AJ$1,Results!$G:$I,3,FALSE),-VLOOKUP($C25&" "&AJ$1,Results!$H:$I,2,FALSE)),"") | AK25: =IFERROR(IFERROR(VLOOKUP($C25&" "&AK$1,Results!$G:$I,3,FALSE),-VLOOKUP($C25&" "&AK$1,Results!$H:$I,2,FALSE)),"") | AL25: =IFERROR(IFERROR(VLOOKUP($C25&" "&AL$1,Results!$G:$I,3,FALSE),-VLOOKUP($C25&" "&AL$1,Results!$H:$I,2,FALSE)),"") | AM25: =IFERROR(IFERROR(VLOOKUP($C25&" "&AM$1,Results!$G:$I,3,FALSE),-VLOOKUP($C25&" "&AM$1,Results!$H:$I,2,FALSE)),"") | AN25: =IFERROR(IFERROR(VLOOKUP($C25&" "&AN$1,Results!$G:$I,3,FALSE),-VLOOKUP($C25&" "&AN$1,Results!$H:$I,2,FALSE)),"") | ... BD25: =IFERROR(IFERROR(VLOOKUP($C25&" "&BD$1,Results!$G:$I,3,FALSE),-VLOOKUP($C25&" "&BD$1,Results!$H:$I,2,FALSE)),"") | BW25: =SUM(V25:BT25) -> -37 | BX25: =COUNTIF(E25:J25,1) -> 0 | BY25: =COUNTIF(E25:I25,0) -> 5 | BZ25: =COUNT(E25:J25) -> 6 | CA25: =+BX25/BZ25 -> 0 | CC25: =SUM(V25:BU25) -> -37 | CE25: 27 | CF25: =A25 -> 0 | CG25: =+CE25-CF25 -> 27
B26: 23 | C26: Highcroft | E26: =IF(AND(AR26>0,$A26<VLOOKUP(AR$1,$C:$L,10,FALSE)),1,IF(AND(AR26<0,$A26>VLOOKUP(AR$1,$C:$L,10,FALSE)),1,0)) -> 0 | F26: =IF(AND(AS26>0,$A26<VLOOKUP(AS$1,$C:$L,10,FALSE)),1,IF(AND(AS26<0,$A26>VLOOKUP(AS$1,$C:$L,10,FALSE)),1,0)) -> 0 | G26: =IF(AND(AT26>0,$A26<VLOOKUP(AT$1,$C:$L,10,FALSE)),1,IF(AND(AT26<0,$A26>VLOOKUP(AT$1,$C:$L,10,FALSE)),1,0)) -> 0 | H26: =IF(AND(AV26>0,$A26<VLOOKUP(AV$1,$C:$L,10,FALSE)),1,IF(AND(AV26<0,$A26>VLOOKUP(AV$1,$C:$L,10,FALSE)),1,0)) -> 0 | I26: =IF(AND(AW26>0,$A26<VLOOKUP(AW$1,$C:$L,10,FALSE)),1,IF(AND(AW26<0,$A26>VLOOKUP(AW$1,$C:$L,10,FALSE)),1,0)) -> 0 | J26: =IF(AND(AX26>0,$A26<VLOOKUP(AX$1,$C:$L,10,FALSE)),1,IF(AND(AX26<0,$A26>VLOOKUP(AX$1,$C:$L,10,FALSE)),1,0)) -> 0 | K26: Updated | L26: =A26 -> 0 | M26: 6 | N26: =COUNTIF($V26:$BU26,">0") -> 5 | O26: =COUNTIF($V26:$BU26,"<0") -> 1 | P26: =COUNTIF($V26:$BU26,"=0") -> 0 | Q26: =COUNTIF($AS26:$AV26,">0") -> 3 | R26: =COUNTIF($AS26:$AV26,"<0") -> 0 | S26: =COUNTIF($AS26:$AV26,"=0") -> 0 | T26: =COUNTIF(V26:BJ26,"NC") -> 0 | AG26: =IFERROR(IFERROR(VLOOKUP($C26&" "&AG$1,Results!$G:$I,3,FALSE),-VLOOKUP($C26&" "&AG$1,Results!$H:$I,2,FALSE)),"") | AH26: =IFERROR(IFERROR(VLOOKUP($C26&" "&AH$1,Results!$G:$I,3,FALSE),-VLOOKUP($C26&" "&AH$1,Results!$H:$I,2,FALSE)),"") | AI26: =IFERROR(IFERROR(VLOOKUP($C26&" "&AI$1,Results!$G:$I,3,FALSE),-VLOOKUP($C26&" "&AI$1,Results!$H:$I,2,FALSE)),"") | AJ26: =IFERROR(IFERROR(VLOOKUP($C26&" "&AJ$1,Results!$G:$I,3,FALSE),-VLOOKUP($C26&" "&AJ$1,Results!$H:$I,2,FALSE)),"") | AK26: =IFERROR(IFERROR(VLOOKUP($C26&" "&AK$1,Results!$G:$I,3,FALSE),-VLOOKUP($C26&" "&AK$1,Results!$H:$I,2,FALSE)),"") | AL26: =IFERROR(IFERROR(VLOOKUP($C26&" "&AL$1,Results!$G:$I,3,FALSE),-VLOOKUP($C26&" "&AL$1,Results!$H:$I,2,FALSE)),"") | AM26: =IFERROR(IFERROR(VLOOKUP($C26&" "&AM$1,Results!$G:$I,3,FALSE),-VLOOKUP($C26&" "&AM$1,Results!$H:$I,2,FALSE)),"") | AN26: =IFERROR(IFERROR(VLOOKUP($C26&" "&AN$1,Results!$G:$I,3,FALSE),-VLOOKUP($C26&" "&AN$1,Results!$H:$I,2,FALSE)),"") | ... BD26: =IFERROR(IFERROR(VLOOKUP($C26&" "&BD$1,Results!$G:$I,3,FALSE),-VLOOKUP($C26&" "&BD$1,Results!$H:$I,2,FALSE)),"") | BW26: =SUM(V26:BT26) -> 422 | BX26: =COUNTIF(E26:J26,1) -> 0 | BY26: =COUNTIF(E26:I26,0) -> 5 | BZ26: =COUNT(E26:J26) -> 6 | CA26: =+BX26/BZ26 -> 0 | CC26: =SUM(V26:BU26) -> 422 | CE26: 20 | CF26: =A26 -> 0 | CG26: =+CE26-CF26 -> 20
B27: 24 | C27: Brookstone | E27: =IF(AND(AS27>0,$A27<VLOOKUP(AS$1,$C:$L,10,FALSE)),1,IF(AND(AS27<0,$A27>VLOOKUP(AS$1,$C:$L,10,FALSE)),1,0)) -> 0 | F27: =IF(AND(AT27>0,$A27<VLOOKUP(AT$1,$C:$L,10,FALSE)),1,IF(AND(AT27<0,$A27>VLOOKUP(AT$1,$C:$L,10,FALSE)),1,0)) -> 0 | G27: =IF(AND(AU27>0,$A27<VLOOKUP(AU$1,$C:$L,10,FALSE)),1,IF(AND(AU27<0,$A27>VLOOKUP(AU$1,$C:$L,10,FALSE)),1,0)) -> 0 | H27: =IF(AND(AW27>0,$A27<VLOOKUP(AW$1,$C:$L,10,FALSE)),1,IF(AND(AW27<0,$A27>VLOOKUP(AW$1,$C:$L,10,FALSE)),1,0)) -> 0 | I27: =IF(AND(AX27>0,$A27<VLOOKUP(AX$1,$C:$L,10,FALSE)),1,IF(AND(AX27<0,$A27>VLOOKUP(AX$1,$C:$L,10,FALSE)),1,0)) -> 0 | J27: =IF(AND(AY27>0,$A27<VLOOKUP(AY$1,$C:$L,10,FALSE)),1,IF(AND(AY27<0,$A27>VLOOKUP(AY$1,$C:$L,10,FALSE)),1,0)) -> 0 | K27: Updated | L27: =A27 -> 0 | M27: 6 | N27: =COUNTIF($V27:$BU27,">0") -> 5 | O27: =COUNTIF($V27:$BU27,"<0") -> 1 | P27: =COUNTIF($V27:$BU27,"=0") -> 0 | Q27: =COUNTIF($AS27:$AV27,">0") -> 2 | R27: =COUNTIF($AS27:$AV27,"<0") -> 1 | S27: =COUNTIF($AS27:$AV27,"=0") -> 0 | T27: =COUNTIF(V27:BJ27,"NC") -> 0 | AG27: =IFERROR(IFERROR(VLOOKUP($C27&" "&AG$1,Results!$G:$I,3,FALSE),-VLOOKUP($C27&" "&AG$1,Results!$H:$I,2,FALSE)),"") | AH27: =IFERROR(IFERROR(VLOOKUP($C27&" "&AH$1,Results!$G:$I,3,FALSE),-VLOOKUP($C27&" "&AH$1,Results!$H:$I,2,FALSE)),"") | AI27: =IFERROR(IFERROR(VLOOKUP($C27&" "&AI$1,Results!$G:$I,3,FALSE),-VLOOKUP($C27&" "&AI$1,Results!$H:$I,2,FALSE)),"") | AJ27: =IFERROR(IFERROR(VLOOKUP($C27&" "&AJ$1,Results!$G:$I,3,FALSE),-VLOOKUP($C27&" "&AJ$1,Results!$H:$I,2,FALSE)),"") | AK27: =IFERROR(IFERROR(VLOOKUP($C27&" "&AK$1,Results!$G:$I,3,FALSE),-VLOOKUP($C27&" "&AK$1,Results!$H:$I,2,FALSE)),"") | AL27: =IFERROR(IFERROR(VLOOKUP($C27&" "&AL$1,Results!$G:$I,3,FALSE),-VLOOKUP($C27&" "&AL$1,Results!$H:$I,2,FALSE)),"") | AM27: =IFERROR(IFERROR(VLOOKUP($C27&" "&AM$1,Results!$G:$I,3,FALSE),-VLOOKUP($C27&" "&AM$1,Results!$H:$I,2,FALSE)),"") | AN27: =IFERROR(IFERROR(VLOOKUP($C27&" "&AN$1,Results!$G:$I,3,FALSE),-VLOOKUP($C27&" "&AN$1,Results!$H:$I,2,FALSE)),"") | ... BD27: =IFERROR(IFERROR(VLOOKUP($C27&" "&BD$1,Results!$G:$I,3,FALSE),-VLOOKUP($C27&" "&BD$1,Results!$H:$I,2,FALSE)),"") | BW27: =SUM(V27:BT27) -> 206 | BX27: =COUNTIF(E27:J27,1) -> 0 | BY27: =COUNTIF(E27:I27,0) -> 5 | BZ27: =COUNT(E27:J27) -> 6 | CA27: =+BX27/BZ27 -> 0 | CC27: =SUM(V27:BU27) -> 206 | CE27: 28 | CF27: =A27 -> 0 | CG27: =+CE27-CF27 -> 28
B28: 25 | C28: Clubworx | E28: =IF(AND(AT28>0,$A28<VLOOKUP(AT$1,$C:$L,10,FALSE)),1,IF(AND(AT28<0,$A28>VLOOKUP(AT$1,$C:$L,10,FALSE)),1,0)) -> 0 | F28: =IF(AND(AU28>0,$A28<VLOOKUP(AU$1,$C:$L,10,FALSE)),1,IF(AND(AU28<0,$A28>VLOOKUP(AU$1,$C:$L,10,FALSE)),1,0)) -> 0 | G28: =IF(AND(AV28>0,$A28<VLOOKUP(AV$1,$C:$L,10,FALSE)),1,IF(AND(AV28<0,$A28>VLOOKUP(AV$1,$C:$L,10,FALSE)),1,0)) -> 0 | H28: =IF(AND(AX28>0,$A28<VLOOKUP(AX$1,$C:$L,10,FALSE)),1,IF(AND(AX28<0,$A28>VLOOKUP(AX$1,$C:$L,10,FALSE)),1,0)) -> 0 | I28: =IF(AND(AY28>0,$A28<VLOOKUP(AY$1,$C:$L,10,FALSE)),1,IF(AND(AY28<0,$A28>VLOOKUP(AY$1,$C:$L,10,FALSE)),1,0)) -> 0 | J28: =IF(AND(AZ28>0,$A28<VLOOKUP(AZ$1,$C:$L,10,FALSE)),1,IF(AND(AZ28<0,$A28>VLOOKUP(AZ$1,$C:$L,10,FALSE)),1,0)) -> 0 | K28: Updated | L28: =A28 -> 0 | M28: 7 | N28: =COUNTIF($V28:$BU28,">0") -> 4 | O28: =COUNTIF($V28:$BU28,"<0") -> 2 | P28: =COUNTIF($V28:$BU28,"=0") -> 0 | Q28: =COUNTIF($AW28:$AZ28,">0") -> 3 | R28: =COUNTIF($AW28:$AZ28,"<0") -> 0 | S28: =COUNTIF($AW28:$AZ28,"=0") -> 0 | T28: =COUNTIF(V28:BJ28,"NC") -> 0 | AG28: =IFERROR(IFERROR(VLOOKUP($C28&" "&AG$1,Results!$G:$I,3,FALSE),-VLOOKUP($C28&" "&AG$1,Results!$H:$I,2,FALSE)),"") | AH28: =IFERROR(IFERROR(VLOOKUP($C28&" "&AH$1,Results!$G:$I,3,FALSE),-VLOOKUP($C28&" "&AH$1,Results!$H:$I,2,FALSE)),"") | AI28: =IFERROR(IFERROR(VLOOKUP($C28&" "&AI$1,Results!$G:$I,3,FALSE),-VLOOKUP($C28&" "&AI$1,Results!$H:$I,2,FALSE)),"") | AJ28: =IFERROR(IFERROR(VLOOKUP($C28&" "&AJ$1,Results!$G:$I,3,FALSE),-VLOOKUP($C28&" "&AJ$1,Results!$H:$I,2,FALSE)),"") | AK28: =IFERROR(IFERROR(VLOOKUP($C28&" "&AK$1,Results!$G:$I,3,FALSE),-VLOOKUP($C28&" "&AK$1,Results!$H:$I,2,FALSE)),"") | AL28: =IFERROR(IFERROR(VLOOKUP($C28&" "&AL$1,Results!$G:$I,3,FALSE),-VLOOKUP($C28&" "&AL$1,Results!$H:$I,2,FALSE)),"") | AM28: =IFERROR(IFERROR(VLOOKUP($C28&" "&AM$1,Results!$G:$I,3,FALSE),-VLOOKUP($C28&" "&AM$1,Results!$H:$I,2,FALSE)),"") | AN28: =IFERROR(IFERROR(VLOOKUP($C28&" "&AN$1,Results!$G:$I,3,FALSE),-VLOOKUP($C28&" "&AN$1,Results!$H:$I,2,FALSE)),"") | ... BD28: =IFERROR(IFERROR(VLOOKUP($C28&" "&BD$1,Results!$G:$I,3,FALSE),-VLOOKUP($C28&" "&BD$1,Results!$H:$I,2,FALSE)),"") | BW28: =SUM(V28:BT28) -> 420 | BX28: =COUNTIF(E28:J28,1) -> 0 | BY28: =COUNTIF(E28:I28,0) -> 5 | BZ28: =COUNT(E28:J28) -> 6 | CA28: =+BX28/BZ28 -> 0 | CC28: =SUM(V28:BU28) -> 420 | CE28: 26 | CF28: =A28 -> 0 | CG28: =+CE28-CF28 -> 26
B29: 26 | C29: Park Village | E29: =IF(AND(AU29>0,$A29<VLOOKUP(AU$1,$C:$L,10,FALSE)),1,IF(AND(AU29<0,$A29>VLOOKUP(AU$1,$C:$L,10,FALSE)),1,0)) -> 0 | F29: =IF(AND(AV29>0,$A29<VLOOKUP(AV$1,$C:$L,10,FALSE)),1,IF(AND(AV29<0,$A29>VLOOKUP(AV$1,$C:$L,10,FALSE)),1,0)) -> 0 | G29: =IF(AND(AW29>0,$A29<VLOOKUP(AW$1,$C:$L,10,FALSE)),1,IF(AND(AW29<0,$A29>VLOOKUP(AW$1,$C:$L,10,FALSE)),1,0)) -> 0 | H29: =IF(AND(AY29>0,$A29<VLOOKUP(AY$1,$C:$L,10,FALSE)),1,IF(AND(AY29<0,$A29>VLOOKUP(AY$1,$C:$L,10,FALSE)),1,0)) -> 0 | I29: =IF(AND(AZ29>0,$A29<VLOOKUP(AZ$1,$C:$L,10,FALSE)),1,IF(AND(AZ29<0,$A29>VLOOKUP(AZ$1,$C:$L,10,FALSE)),1,0)) -> 0 | J29: =IF(AND(BA29>0,$A29<VLOOKUP(BA$1,$C:$L,10,FALSE)),1,IF(AND(BA29<0,$A29>VLOOKUP(BA$1,$C:$L,10,FALSE)),1,0)) -> 0 | K29: Updated | L29: =A29 -> 0 | M29: 7 | N29: =COUNTIF($V29:$BU29,">0") -> 1 | O29: =COUNTIF($V29:$BU29,"<0") -> 5 | P29: =COUNTIF($V29:$BU29,"=0") -> 0 | Q29: =COUNTIF($AW29:$AZ29,">0") -> 1 | R29: =COUNTIF($AW29:$AZ29,"<0") -> 2 | S29: =COUNTIF($AW29:$AZ29,"=0") -> 0 | T29: =COUNTIF(V29:BJ29,"NC") -> 0 | AG29: =IFERROR(IFERROR(VLOOKUP($C29&" "&AG$1,Results!$G:$I,3,FALSE),-VLOOKUP($C29&" "&AG$1,Results!$H:$I,2,FALSE)),"") | AH29: =IFERROR(IFERROR(VLOOKUP($C29&" "&AH$1,Results!$G:$I,3,FALSE),-VLOOKUP($C29&" "&AH$1,Results!$H:$I,2,FALSE)),"") | AI29: =IFERROR(IFERROR(VLOOKUP($C29&" "&AI$1,Results!$G:$I,3,FALSE),-VLOOKUP($C29&" "&AI$1,Results!$H:$I,2,FALSE)),"") | AJ29: =IFERROR(IFERROR(VLOOKUP($C29&" "&AJ$1,Results!$G:$I,3,FALSE),-VLOOKUP($C29&" "&AJ$1,Results!$H:$I,2,FALSE)),"") | AK29: =IFERROR(IFERROR(VLOOKUP($C29&" "&AK$1,Results!$G:$I,3,FALSE),-VLOOKUP($C29&" "&AK$1,Results!$H:$I,2,FALSE)),"") | AL29: =IFERROR(IFERROR(VLOOKUP($C29&" "&AL$1,Results!$G:$I,3,FALSE),-VLOOKUP($C29&" "&AL$1,Results!$H:$I,2,FALSE)),"") | AM29: =IFERROR(IFERROR(VLOOKUP($C29&" "&AM$1,Results!$G:$I,3,FALSE),-VLOOKUP($C29&" "&AM$1,Results!$H:$I,2,FALSE)),"") | AN29: =IFERROR(IFERROR(VLOOKUP($C29&" "&AN$1,Results!$G:$I,3,FALSE),-VLOOKUP($C29&" "&AN$1,Results!$H:$I,2,FALSE)),"") | ... BD29: =IFERROR(IFERROR(VLOOKUP($C29&" "&BD$1,Results!$G:$I,3,FALSE),-VLOOKUP($C29&" "&BD$1,Results!$H:$I,2,FALSE)),"") | BW29: =SUM(V29:BT29) -> -589 | BX29: =COUNTIF(E29:J29,1) -> 0 | BY29: =COUNTIF(E29:I29,0) -> 5 | BZ29: =COUNT(E29:J29) -> 6 | CA29: =+BX29/BZ29 -> 0 | CC29: =SUM(V29:BU29) -> -589 | CE29: 25 | CF29: =A29 -> 0 | CG29: =+CE29-CF29 -> 25
B30: 27 | C30: Park at West Lake | E30: =IF(AND(AV30>0,$A30<VLOOKUP(AV$1,$C:$L,10,FALSE)),1,IF(AND(AV30<0,$A30>VLOOKUP(AV$1,$C:$L,10,FALSE)),1,0)) -> 0 | F30: =IF(AND(AW30>0,$A30<VLOOKUP(AW$1,$C:$L,10,FALSE)),1,IF(AND(AW30<0,$A30>VLOOKUP(AW$1,$C:$L,10,FALSE)),1,0)) -> 0 | G30: =IF(AND(AX30>0,$A30<VLOOKUP(AX$1,$C:$L,10,FALSE)),1,IF(AND(AX30<0,$A30>VLOOKUP(AX$1,$C:$L,10,FALSE)),1,0)) -> 0 | H30: =IF(AND(AZ30>0,$A30<VLOOKUP(AZ$1,$C:$L,10,FALSE)),1,IF(AND(AZ30<0,$A30>VLOOKUP(AZ$1,$C:$L,10,FALSE)),1,0)) -> 0 | I30: =IF(AND(BA30>0,$A30<VLOOKUP(BA$1,$C:$L,10,FALSE)),1,IF(AND(BA30<0,$A30>VLOOKUP(BA$1,$C:$L,10,FALSE)),1,0)) -> 0 | J30: =IF(AND(BB30>0,$A30<VLOOKUP(BB$1,$C:$L,10,FALSE)),1,IF(AND(BB30<0,$A30>VLOOKUP(BB$1,$C:$L,10,FALSE)),1,0)) -> 0 | K30: Updated | L30: =A30 -> 0 | M30: 7 | N30: =COUNTIF($V30:$BU30,">0") -> 3 | O30: =COUNTIF($V30:$BU30,"<0") -> 3 | P30: =COUNTIF($V30:$BU30,"=0") -> 0 | Q30: =COUNTIF($AW30:$AZ30,">0") -> 2 | R30: =COUNTIF($AW30:$AZ30,"<0") -> 1 | S30: =COUNTIF($AW30:$AZ30,"=0") -> 0 | T30: =COUNTIF(V30:BJ30,"NC") -> 0 | AG30: =IFERROR(IFERROR(VLOOKUP($C30&" "&AG$1,Results!$G:$I,3,FALSE),-VLOOKUP($C30&" "&AG$1,Results!$H:$I,2,FALSE)),"") | AH30: =IFERROR(IFERROR(VLOOKUP($C30&" "&AH$1,Results!$G:$I,3,FALSE),-VLOOKUP($C30&" "&AH$1,Results!$H:$I,2,FALSE)),"") | AI30: =IFERROR(IFERROR(VLOOKUP($C30&" "&AI$1,Results!$G:$I,3,FALSE),-VLOOKUP($C30&" "&AI$1,Results!$H:$I,2,FALSE)),"") | AJ30: =IFERROR(IFERROR(VLOOKUP($C30&" "&AJ$1,Results!$G:$I,3,FALSE),-VLOOKUP($C30&" "&AJ$1,Results!$H:$I,2,FALSE)),"") | AK30: =IFERROR(IFERROR(VLOOKUP($C30&" "&AK$1,Results!$G:$I,3,FALSE),-VLOOKUP($C30&" "&AK$1,Results!$H:$I,2,FALSE)),"") | AL30: =IFERROR(IFERROR(VLOOKUP($C30&" "&AL$1,Results!$G:$I,3,FALSE),-VLOOKUP($C30&" "&AL$1,Results!$H:$I,2,FALSE)),"") | AM30: =IFERROR(IFERROR(VLOOKUP($C30&" "&AM$1,Results!$G:$I,3,FALSE),-VLOOKUP($C30&" "&AM$1,Results!$H:$I,2,FALSE)),"") | AN30: =IFERROR(IFERROR(VLOOKUP($C30&" "&AN$1,Results!$G:$I,3,FALSE),-VLOOKUP($C30&" "&AN$1,Results!$H:$I,2,FALSE)),"") | ... BD30: =IFERROR(IFERROR(VLOOKUP($C30&" "&BD$1,Results!$G:$I,3,FALSE),-VLOOKUP($C30&" "&BD$1,Results!$H:$I,2,FALSE)),"") | BW30: =SUM(V30:BT30) -> 66 | BX30: =COUNTIF(E30:J30,1) -> 0 | BY30: =COUNTIF(E30:I30,0) -> 5 | BZ30: =COUNT(E30:J30) -> 6 | CA30: =+BX30/BZ30 -> 0 | CC30: =SUM(V30:BU30) -> 66 | CE30: 23 | CF30: =A30 -> 0 | CG30: =+CE30-CF30 -> 23
B31: 28 | C31: TCC | E31: =IF(AND(AW31>0,$A31<VLOOKUP(AW$1,$C:$L,10,FALSE)),1,IF(AND(AW31<0,$A31>VLOOKUP(AW$1,$C:$L,10,FALSE)),1,0)) -> 0 | F31: =IF(AND(AX31>0,$A31<VLOOKUP(AX$1,$C:$L,10,FALSE)),1,IF(AND(AX31<0,$A31>VLOOKUP(AX$1,$C:$L,10,FALSE)),1,0)) -> 0 | G31: =IF(AND(AY31>0,$A31<VLOOKUP(AY$1,$C:$L,10,FALSE)),1,IF(AND(AY31<0,$A31>VLOOKUP(AY$1,$C:$L,10,FALSE)),1,0)) -> 0 | H31: =IF(AND(BA31>0,$A31<VLOOKUP(BA$1,$C:$L,10,FALSE)),1,IF(AND(BA31<0,$A31>VLOOKUP(BA$1,$C:$L,10,FALSE)),1,0)) -> 0 | I31: =IF(AND(BB31>0,$A31<VLOOKUP(BB$1,$C:$L,10,FALSE)),1,IF(AND(BB31<0,$A31>VLOOKUP(BB$1,$C:$L,10,FALSE)),1,0)) -> 0 | J31: =IF(AND(BC31>0,$A31<VLOOKUP(BC$1,$C:$L,10,FALSE)),1,IF(AND(BC31<0,$A31>VLOOKUP(BC$1,$C:$L,10,FALSE)),1,0)) -> 0 | K31: Updated | L31: =A31 -> 0 | M31: 7 | N31: =COUNTIF($V31:$BU31,">0") -> 0 | O31: =COUNTIF($V31:$BU31,"<0") -> 6 | P31: =COUNTIF($V31:$BU31,"=0") -> 0 | Q31: =COUNTIF($AW31:$AZ31,">0") -> 0 | R31: =COUNTIF($AW31:$AZ31,"<0") -> 3 | S31: =COUNTIF($AW31:$AZ31,"=0") -> 0 | T31: =COUNTIF(V31:BJ31,"NC") -> 0 | AG31: =IFERROR(IFERROR(VLOOKUP($C31&" "&AG$1,Results!$G:$I,3,FALSE),-VLOOKUP($C31&" "&AG$1,Results!$H:$I,2,FALSE)),"") | AH31: =IFERROR(IFERROR(VLOOKUP($C31&" "&AH$1,Results!$G:$I,3,FALSE),-VLOOKUP($C31&" "&AH$1,Results!$H:$I,2,FALSE)),"") | AI31: =IFERROR(IFERROR(VLOOKUP($C31&" "&AI$1,Results!$G:$I,3,FALSE),-VLOOKUP($C31&" "&AI$1,Results!$H:$I,2,FALSE)),"") | AJ31: =IFERROR(IFERROR(VLOOKUP($C31&" "&AJ$1,Results!$G:$I,3,FALSE),-VLOOKUP($C31&" "&AJ$1,Results!$H:$I,2,FALSE)),"") | AK31: =IFERROR(IFERROR(VLOOKUP($C31&" "&AK$1,Results!$G:$I,3,FALSE),-VLOOKUP($C31&" "&AK$1,Results!$H:$I,2,FALSE)),"") | AL31: =IFERROR(IFERROR(VLOOKUP($C31&" "&AL$1,Results!$G:$I,3,FALSE),-VLOOKUP($C31&" "&AL$1,Results!$H:$I,2,FALSE)),"") | AM31: =IFERROR(IFERROR(VLOOKUP($C31&" "&AM$1,Results!$G:$I,3,FALSE),-VLOOKUP($C31&" "&AM$1,Results!$H:$I,2,FALSE)),"") | AN31: =IFERROR(IFERROR(VLOOKUP($C31&" "&AN$1,Results!$G:$I,3,FALSE),-VLOOKUP($C31&" "&AN$1,Results!$H:$I,2,FALSE)),"") | ... BD31: =IFERROR(IFERROR(VLOOKUP($C31&" "&BD$1,Results!$G:$I,3,FALSE),-VLOOKUP($C31&" "&BD$1,Results!$H:$I,2,FALSE)),"") | BW31: =SUM(V31:BT31) -> -731 | BX31: =COUNTIF(E31:J31,1) -> 0 | BY31: =COUNTIF(E31:I31,0) -> 5 | BZ31: =COUNT(E31:J31) -> 6 | CA31: =+BX31/BZ31 -> 0 | CC31: =SUM(V31:BU31) -> -731 | CE31: 24 | CF31: =A31 -> 0 | CG31: =+CE31-CF31 -> 24
B32: 29 | C32: Amberly | E32: =IF(AND(AX32>0,$A32<VLOOKUP(AX$1,$C:$L,10,FALSE)),1,IF(AND(AX32<0,$A32>VLOOKUP(AX$1,$C:$L,10,FALSE)),1,0)) -> 0 | F32: =IF(AND(AY32>0,$A32<VLOOKUP(AY$1,$C:$L,10,FALSE)),1,IF(AND(AY32<0,$A32>VLOOKUP(AY$1,$C:$L,10,FALSE)),1,0)) -> 0 | G32: =IF(AND(AZ32>0,$A32<VLOOKUP(AZ$1,$C:$L,10,FALSE)),1,IF(AND(AZ32<0,$A32>VLOOKUP(AZ$1,$C:$L,10,FALSE)),1,0)) -> 0 | H32: =IF(AND(BB32>0,$A32<VLOOKUP(BB$1,$C:$L,10,FALSE)),1,IF(AND(BB32<0,$A32>VLOOKUP(BB$1,$C:$L,10,FALSE)),1,0)) -> 0 | I32: =IF(AND(BC32>0,$A32<VLOOKUP(BC$1,$C:$L,10,FALSE)),1,IF(AND(BC32<0,$A32>VLOOKUP(BC$1,$C:$L,10,FALSE)),1,0)) -> 0 | J32: =IF(AND(BD32>0,$A32<VLOOKUP(BD$1,$C:$L,10,FALSE)),1,IF(AND(BD32<0,$A32>VLOOKUP(BD$1,$C:$L,10,FALSE)),1,0)) -> 0 | K32: Updated | L32: =A32 -> 0 | M32: 8 | N32: =COUNTIF($V32:$BU32,">0") -> 5 | O32: =COUNTIF($V32:$BU32,"<0") -> 1 | P32: =COUNTIF($V32:$BU32,"=0") -> 0 | Q32: =COUNTIF($BA32:$BD32,">0") -> 2 | R32: =COUNTIF($BA32:$BD32,"<0") -> 1 | S32: =COUNTIF($BA32:$BD32,"=0") -> 0 | T32: =COUNTIF(V32:BJ32,"NC") -> 0 | AS32: =IFERROR(IFERROR(VLOOKUP($C32&" "&AS$1,Results!$G:$I,3,FALSE),-VLOOKUP($C32&" "&AS$1,Results!$H:$I,2,FALSE)),"") | AT32: =IFERROR(IFERROR(VLOOKUP($C32&" "&AT$1,Results!$G:$I,3,FALSE),-VLOOKUP($C32&" "&AT$1,Results!$H:$I,2,FALSE)),"") | AU32: =IFERROR(IFERROR(VLOOKUP($C32&" "&AU$1,Results!$G:$I,3,FALSE),-VLOOKUP($C32&" "&AU$1,Results!$H:$I,2,FALSE)),"") | AV32: =IFERROR(IFERROR(VLOOKUP($C32&" "&AV$1,Results!$G:$I,3,FALSE),-VLOOKUP($C32&" "&AV$1,Results!$H:$I,2,FALSE)),"") | AW32: =IFERROR(IFERROR(VLOOKUP($C32&" "&AW$1,Results!$G:$I,3,FALSE),-VLOOKUP($C32&" "&AW$1,Results!$H:$I,2,FALSE)),"") | AX32: =IFERROR(IFERROR(VLOOKUP($C32&" "&AX$1,Results!$G:$I,3,FALSE),-VLOOKUP($C32&" "&AX$1,Results!$H:$I,2,FALSE)),"") -> 123 | AY32: =IFERROR(IFERROR(VLOOKUP($C32&" "&AY$1,Results!$G:$I,3,FALSE),-VLOOKUP($C32&" "&AY$1,Results!$H:$I,2,FALSE)),"") -> 16 | AZ32: =IFERROR(IFERROR(VLOOKUP($C32&" "&AZ$1,Results!$G:$I,3,FALSE),-VLOOKUP($C32&" "&AZ$1,Results!$H:$I,2,FALSE)),"") -> 210 | ... BU32: =IFERROR(IFERROR(VLOOKUP($C32&" "&BU$1,Results!$G:$I,3,FALSE),-VLOOKUP($C32&" "&BU$1,Results!$H:$I,2,FALSE)),"") | BW32: =SUM(V32:BT32) -> 500 | BX32: =COUNTIF(E32:J32,1) -> 0 | BY32: =COUNTIF(E32:I32,0) -> 5 | BZ32: =COUNT(E32:J32) -> 6 | CA32: =+BX32/BZ32 -> 0 | CC32: =SUM(V32:BU32) -> 500 | CE32: 36 | CF32: =A32 -> 0 | CG32: =+CE32-CF32 -> 36
B33: 30 | C33: Preston Village | E33: =IF(AND(AY33>0,$A33<VLOOKUP(AY$1,$C:$L,10,FALSE)),1,IF(AND(AY33<0,$A33>VLOOKUP(AY$1,$C:$L,10,FALSE)),1,0)) -> 0 | F33: =IF(AND(AZ33>0,$A33<VLOOKUP(AZ$1,$C:$L,10,FALSE)),1,IF(AND(AZ33<0,$A33>VLOOKUP(AZ$1,$C:$L,10,FALSE)),1,0)) -> 0 | G33: =IF(AND(BA33>0,$A33<VLOOKUP(BA$1,$C:$L,10,FALSE)),1,IF(AND(BA33<0,$A33>VLOOKUP(BA$1,$C:$L,10,FALSE)),1,0)) -> 0 | H33: =IF(AND(BC33>0,$A33<VLOOKUP(BC$1,$C:$L,10,FALSE)),1,IF(AND(BC33<0,$A33>VLOOKUP(BC$1,$C:$L,10,FALSE)),1,0)) -> 0 | I33: =IF(AND(BD33>0,$A33<VLOOKUP(BD$1,$C:$L,10,FALSE)),1,IF(AND(BD33<0,$A33>VLOOKUP(BD$1,$C:$L,10,FALSE)),1,0)) -> 0 | J33: =IF(AND(BE33>0,$A33<VLOOKUP(BE$1,$C:$L,10,FALSE)),1,IF(AND(BE33<0,$A33>VLOOKUP(BE$1,$C:$L,10,FALSE)),1,0)) -> 0 | K33: Updated | L33: =A33 -> 0 | M33: 8 | N33: =COUNTIF($V33:$BU33,">0") -> 2 | O33: =COUNTIF($V33:$BU33,"<0") -> 4 | P33: =COUNTIF($V33:$BU33,"=0") -> 0 | Q33: =COUNTIF($BA33:$BD33,">0") -> 1 | R33: =COUNTIF($BA33:$BD33,"<0") -> 2 | S33: =COUNTIF($BA33:$BD33,"=0") -> 0 | T33: =COUNTIF(V33:BJ33,"NC") -> 0 | AS33: =IFERROR(IFERROR(VLOOKUP($C33&" "&AS$1,Results!$G:$I,3,FALSE),-VLOOKUP($C33&" "&AS$1,Results!$H:$I,2,FALSE)),"") | AT33: =IFERROR(IFERROR(VLOOKUP($C33&" "&AT$1,Results!$G:$I,3,FALSE),-VLOOKUP($C33&" "&AT$1,Results!$H:$I,2,FALSE)),"") | AU33: =IFERROR(IFERROR(VLOOKUP($C33&" "&AU$1,Results!$G:$I,3,FALSE),-VLOOKUP($C33&" "&AU$1,Results!$H:$I,2,FALSE)),"") | AV33: =IFERROR(IFERROR(VLOOKUP($C33&" "&AV$1,Results!$G:$I,3,FALSE),-VLOOKUP($C33&" "&AV$1,Results!$H:$I,2,FALSE)),"") | AW33: =IFERROR(IFERROR(VLOOKUP($C33&" "&AW$1,Results!$G:$I,3,FALSE),-VLOOKUP($C33&" "&AW$1,Results!$H:$I,2,FALSE)),"") | AX33: =IFERROR(IFERROR(VLOOKUP($C33&" "&AX$1,Results!$G:$I,3,FALSE),-VLOOKUP($C33&" "&AX$1,Results!$H:$I,2,FALSE)),"") | AY33: =IFERROR(IFERROR(VLOOKUP($C33&" "&AY$1,Results!$G:$I,3,FALSE),-VLOOKUP($C33&" "&AY$1,Results!$H:$I,2,FALSE)),"") -> -18 | AZ33: =IFERROR(IFERROR(VLOOKUP($C33&" "&AZ$1,Results!$G:$I,3,FALSE),-VLOOKUP($C33&" "&AZ$1,Results!$H:$I,2,FALSE)),"") -> 79 | ... BU33: =IFERROR(IFERROR(VLOOKUP($C33&" "&BU$1,Results!$G:$I,3,FALSE),-VLOOKUP($C33&" "&BU$1,Results!$H:$I,2,FALSE)),"") | BW33: =SUM(V33:BT33) -> -160 | BX33: =COUNTIF(E33:J33,1) -> 0 | BY33: =COUNTIF(E33:I33,0) -> 5 | BZ33: =COUNT(E33:J33) -> 6 | CA33: =+BX33/BZ33 -> 0 | CC33: =SUM(V33:BU33) -> -160 | CE33: 33 | CF33: =A33 -> 0 | CG33: =+CE33-CF33 -> 33
B34: 31 | C34: Bella Casa | E34: =IF(AND(AZ34>0,$A34<VLOOKUP(AZ$1,$C:$L,10,FALSE)),1,IF(AND(AZ34<0,$A34>VLOOKUP(AZ$1,$C:$L,10,FALSE)),1,0)) -> 0 | F34: =IF(AND(BA34>0,$A34<VLOOKUP(BA$1,$C:$L,10,FALSE)),1,IF(AND(BA34<0,$A34>VLOOKUP(BA$1,$C:$L,10,FALSE)),1,0)) -> 0 | G34: =IF(AND(BB34>0,$A34<VLOOKUP(BB$1,$C:$L,10,FALSE)),1,IF(AND(BB34<0,$A34>VLOOKUP(BB$1,$C:$L,10,FALSE)),1,0)) -> 0 | H34: =IF(AND(BD34>0,$A34<VLOOKUP(BD$1,$C:$L,10,FALSE)),1,IF(AND(BD34<0,$A34>VLOOKUP(BD$1,$C:$L,10,FALSE)),1,0)) -> 0 | I34: =IF(AND(BE34>0,$A34<VLOOKUP(BE$1,$C:$L,10,FALSE)),1,IF(AND(BE34<0,$A34>VLOOKUP(BE$1,$C:$L,10,FALSE)),1,0)) -> 0 | J34: =IF(AND(BF34>0,$A34<VLOOKUP(BF$1,$C:$L,10,FALSE)),1,IF(AND(BF34<0,$A34>VLOOKUP(BF$1,$C:$L,10,FALSE)),1,0)) -> 0 | K34: Updated | L34: =A34 -> 0 | M34: 8 | N34: =COUNTIF($V34:$BU34,">0") -> 2 | O34: =COUNTIF($V34:$BU34,"<0") -> 4 | P34: =COUNTIF($V34:$BU34,"=0") -> 0 | Q34: =COUNTIF($BA34:$BD34,">0") -> 0 | R34: =COUNTIF($BA34:$BD34,"<0") -> 3 | S34: =COUNTIF($BA34:$BD34,"=0") -> 0 | T34: =COUNTIF(V34:BJ34,"NC") -> 0 | AS34: =IFERROR(IFERROR(VLOOKUP($C34&" "&AS$1,Results!$G:$I,3,FALSE),-VLOOKUP($C34&" "&AS$1,Results!$H:$I,2,FALSE)),"") | AT34: =IFERROR(IFERROR(VLOOKUP($C34&" "&AT$1,Results!$G:$I,3,FALSE),-VLOOKUP($C34&" "&AT$1,Results!$H:$I,2,FALSE)),"") | AU34: =IFERROR(IFERROR(VLOOKUP($C34&" "&AU$1,Results!$G:$I,3,FALSE),-VLOOKUP($C34&" "&AU$1,Results!$H:$I,2,FALSE)),"") | AV34: =IFERROR(IFERROR(VLOOKUP($C34&" "&AV$1,Results!$G:$I,3,FALSE),-VLOOKUP($C34&" "&AV$1,Results!$H:$I,2,FALSE)),"") | AW34: =IFERROR(IFERROR(VLOOKUP($C34&" "&AW$1,Results!$G:$I,3,FALSE),-VLOOKUP($C34&" "&AW$1,Results!$H:$I,2,FALSE)),"") | AX34: =IFERROR(IFERROR(VLOOKUP($C34&" "&AX$1,Results!$G:$I,3,FALSE),-VLOOKUP($C34&" "&AX$1,Results!$H:$I,2,FALSE)),"") | AY34: =IFERROR(IFERROR(VLOOKUP($C34&" "&AY$1,Results!$G:$I,3,FALSE),-VLOOKUP($C34&" "&AY$1,Results!$H:$I,2,FALSE)),"") | AZ34: =IFERROR(IFERROR(VLOOKUP($C34&" "&AZ$1,Results!$G:$I,3,FALSE),-VLOOKUP($C34&" "&AZ$1,Results!$H:$I,2,FALSE)),"") -> 99 | ... BU34: =IFERROR(IFERROR(VLOOKUP($C34&" "&BU$1,Results!$G:$I,3,FALSE),-VLOOKUP($C34&" "&BU$1,Results!$H:$I,2,FALSE)),"") | BW34: =SUM(V34:BT34) -> -121 | BX34: =COUNTIF(E34:J34,1) -> 0 | BY34: =COUNTIF(E34:I34,0) -> 5 | BZ34: =COUNT(E34:J34) -> 6 | CA34: =+BX34/BZ34 -> 0 | CC34: =SUM(V34:BU34) -> -121 | CE34: 35 | CF34: =A34 -> 0 | CG34: =+CE34-CF34 -> 35
B35: 32 | C35: WoodCreek | E35: =IF(AND(BA35>0,$A35<VLOOKUP(BA$1,$C:$L,10,FALSE)),1,IF(AND(BA35<0,$A35>VLOOKUP(BA$1,$C:$L,10,FALSE)),1,0)) -> 0 | F35: =IF(AND(BB35>0,$A35<VLOOKUP(BB$1,$C:$L,10,FALSE)),1,IF(AND(BB35<0,$A35>VLOOKUP(BB$1,$C:$L,10,FALSE)),1,0)) -> 0 | G35: =IF(AND(BC35>0,$A35<VLOOKUP(BC$1,$C:$L,10,FALSE)),1,IF(AND(BC35<0,$A35>VLOOKUP(BC$1,$C:$L,10,FALSE)),1,0)) -> 0 | H35: =IF(AND(BE35>0,$A35<VLOOKUP(BE$1,$C:$L,10,FALSE)),1,IF(AND(BE35<0,$A35>VLOOKUP(BE$1,$C:$L,10,FALSE)),1,0)) -> 0 | I35: =IF(AND(BF35>0,$A35<VLOOKUP(BF$1,$C:$L,10,FALSE)),1,IF(AND(BF35<0,$A35>VLOOKUP(BF$1,$C:$L,10,FALSE)),1,0)) -> 0 | J35: =IF(AND(BG35>0,$A35<VLOOKUP(BG$1,$C:$L,10,FALSE)),1,IF(AND(BG35<0,$A35>VLOOKUP(BG$1,$C:$L,10,FALSE)),1,0)) -> 0 | K35: Updated | L35: =A35 -> 0 | M35: 8 | N35: =COUNTIF($V35:$BU35,">0") -> 5 | O35: =COUNTIF($V35:$BU35,"<0") -> 1 | P35: =COUNTIF($V35:$BU35,"=0") -> 0 | Q35: =COUNTIF($BA35:$BD35,">0") -> 3 | R35: =COUNTIF($BA35:$BD35,"<0") -> 0 | S35: =COUNTIF($BA35:$BD35,"=0") -> 0 | T35: =COUNTIF(V35:BJ35,"NC") -> 0 | AS35: =IFERROR(IFERROR(VLOOKUP($C35&" "&AS$1,Results!$G:$I,3,FALSE),-VLOOKUP($C35&" "&AS$1,Results!$H:$I,2,FALSE)),"") | AT35: =IFERROR(IFERROR(VLOOKUP($C35&" "&AT$1,Results!$G:$I,3,FALSE),-VLOOKUP($C35&" "&AT$1,Results!$H:$I,2,FALSE)),"") | AU35: =IFERROR(IFERROR(VLOOKUP($C35&" "&AU$1,Results!$G:$I,3,FALSE),-VLOOKUP($C35&" "&AU$1,Results!$H:$I,2,FALSE)),"") | AV35: =IFERROR(IFERROR(VLOOKUP($C35&" "&AV$1,Results!$G:$I,3,FALSE),-VLOOKUP($C35&" "&AV$1,Results!$H:$I,2,FALSE)),"") | AW35: =IFERROR(IFERROR(VLOOKUP($C35&" "&AW$1,Results!$G:$I,3,FALSE),-VLOOKUP($C35&" "&AW$1,Results!$H:$I,2,FALSE)),"") | AX35: =IFERROR(IFERROR(VLOOKUP($C35&" "&AX$1,Results!$G:$I,3,FALSE),-VLOOKUP($C35&" "&AX$1,Results!$H:$I,2,FALSE)),"") | AY35: =IFERROR(IFERROR(VLOOKUP($C35&" "&AY$1,Results!$G:$I,3,FALSE),-VLOOKUP($C35&" "&AY$1,Results!$H:$I,2,FALSE)),"") | AZ35: =IFERROR(IFERROR(VLOOKUP($C35&" "&AZ$1,Results!$G:$I,3,FALSE),-VLOOKUP($C35&" "&AZ$1,Results!$H:$I,2,FALSE)),"") | ... BU35: =IFERROR(IFERROR(VLOOKUP($C35&" "&BU$1,Results!$G:$I,3,FALSE),-VLOOKUP($C35&" "&BU$1,Results!$H:$I,2,FALSE)),"") | BW35: =SUM(V35:BT35) -> 716 | BX35: =COUNTIF(E35:J35,1) -> 0 | BY35: =COUNTIF(E35:I35,0) -> 5 | BZ35: =COUNT(E35:J35) -> 6 | CA35: =+BX35/BZ35 -> 0 | CC35: =SUM(V35:BU35) -> 716 | CE35: 32 | CF35: =A35 -> 0 | CG35: =+CE35-CF35 -> 32
B36: 33 | C36: Weldon Ridge | E36: =IF(AND(BB36>0,$A36<VLOOKUP(BB$1,$C:$L,10,FALSE)),1,IF(AND(BB36<0,$A36>VLOOKUP(BB$1,$C:$L,10,FALSE)),1,0)) -> 0 | F36: =IF(AND(BC36>0,$A36<VLOOKUP(BC$1,$C:$L,10,FALSE)),1,IF(AND(BC36<0,$A36>VLOOKUP(BC$1,$C:$L,10,FALSE)),1,0)) -> 0 | G36: =IF(AND(BD36>0,$A36<VLOOKUP(BD$1,$C:$L,10,FALSE)),1,IF(AND(BD36<0,$A36>VLOOKUP(BD$1,$C:$L,10,FALSE)),1,0)) -> 0 | H36: =IF(AND(BF36>0,$A36<VLOOKUP(BF$1,$C:$L,10,FALSE)),1,IF(AND(BF36<0,$A36>VLOOKUP(BF$1,$C:$L,10,FALSE)),1,0)) -> 0 | I36: =IF(AND(BG36>0,$A36<VLOOKUP(BG$1,$C:$L,10,FALSE)),1,IF(AND(BG36<0,$A36>VLOOKUP(BG$1,$C:$L,10,FALSE)),1,0)) -> 0 | J36: =IF(AND(BH36>0,$A36<VLOOKUP(BH$1,$C:$L,10,FALSE)),1,IF(AND(BH36<0,$A36>VLOOKUP(BH$1,$C:$L,10,FALSE)),1,0)) -> 0 | K36: Updated | L36: =A36 -> 0 | M36: 9 | N36: =COUNTIF($V36:$BU36,">0") -> 6 | O36: =COUNTIF($V36:$BU36,"<0") -> 0 | P36: =COUNTIF($V36:$BU36,"=0") -> 0 | Q36: =COUNTIF($BE36:$BH36,">0") -> 3 | R36: =COUNTIF($BE36:$BH36,"<0") -> 0 | S36: =COUNTIF($BE36:$BH36,"=0") -> 0 | T36: =COUNTIF(V36:BJ36,"NC") -> 0 | AS36: =IFERROR(IFERROR(VLOOKUP($C36&" "&AS$1,Results!$G:$I,3,FALSE),-VLOOKUP($C36&" "&AS$1,Results!$H:$I,2,FALSE)),"") | AT36: =IFERROR(IFERROR(VLOOKUP($C36&" "&AT$1,Results!$G:$I,3,FALSE),-VLOOKUP($C36&" "&AT$1,Results!$H:$I,2,FALSE)),"") | AU36: =IFERROR(IFERROR(VLOOKUP($C36&" "&AU$1,Results!$G:$I,3,FALSE),-VLOOKUP($C36&" "&AU$1,Results!$H:$I,2,FALSE)),"") | AV36: =IFERROR(IFERROR(VLOOKUP($C36&" "&AV$1,Results!$G:$I,3,FALSE),-VLOOKUP($C36&" "&AV$1,Results!$H:$I,2,FALSE)),"") | AW36: =IFERROR(IFERROR(VLOOKUP($C36&" "&AW$1,Results!$G:$I,3,FALSE),-VLOOKUP($C36&" "&AW$1,Results!$H:$I,2,FALSE)),"") | AX36: =IFERROR(IFERROR(VLOOKUP($C36&" "&AX$1,Results!$G:$I,3,FALSE),-VLOOKUP($C36&" "&AX$1,Results!$H:$I,2,FALSE)),"") | AY36: =IFERROR(IFERROR(VLOOKUP($C36&" "&AY$1,Results!$G:$I,3,FALSE),-VLOOKUP($C36&" "&AY$1,Results!$H:$I,2,FALSE)),"") | AZ36: =IFERROR(IFERROR(VLOOKUP($C36&" "&AZ$1,Results!$G:$I,3,FALSE),-VLOOKUP($C36&" "&AZ$1,Results!$H:$I,2,FALSE)),"") | ... BU36: =IFERROR(IFERROR(VLOOKUP($C36&" "&BU$1,Results!$G:$I,3,FALSE),-VLOOKUP($C36&" "&BU$1,Results!$H:$I,2,FALSE)),"") | BW36: =SUM(V36:BT36) -> 833 | BX36: =COUNTIF(E36:J36,1) -> 0 | BY36: =COUNTIF(E36:I36,0) -> 5 | BZ36: =COUNT(E36:J36) -> 6 | CA36: =+BX36/BZ36 -> 0 | CC36: =SUM(V36:BU36) -> 833 | CE36: 31 | CF36: =A36 -> 0 | CG36: =+CE36-CF36 -> 31
B37: 34 | C37: Garner | E37: =IF(AND(BC37>0,$A37<VLOOKUP(BC$1,$C:$L,10,FALSE)),1,IF(AND(BC37<0,$A37>VLOOKUP(BC$1,$C:$L,10,FALSE)),1,0)) -> 0 | F37: =IF(AND(BD37>0,$A37<VLOOKUP(BD$1,$C:$L,10,FALSE)),1,IF(AND(BD37<0,$A37>VLOOKUP(BD$1,$C:$L,10,FALSE)),1,0)) -> 0 | G37: =IF(AND(BE37>0,$A37<VLOOKUP(BE$1,$C:$L,10,FALSE)),1,IF(AND(BE37<0,$A37>VLOOKUP(BE$1,$C:$L,10,FALSE)),1,0)) -> 0 | H37: =IF(AND(BG37>0,$A37<VLOOKUP(BG$1,$C:$L,10,FALSE)),1,IF(AND(BG37<0,$A37>VLOOKUP(BG$1,$C:$L,10,FALSE)),1,0)) -> 0 | I37: =IF(AND(BH37>0,$A37<VLOOKUP(BH$1,$C:$L,10,FALSE)),1,IF(AND(BH37<0,$A37>VLOOKUP(BH$1,$C:$L,10,FALSE)),1,0)) -> 0 | J37: =IF(AND(BI37>0,$A37<VLOOKUP(BI$1,$C:$L,10,FALSE)),1,IF(AND(BI37<0,$A37>VLOOKUP(BI$1,$C:$L,10,FALSE)),1,0)) -> 0 | K37: Updated | L37: =A37 -> 0 | M37: 9 | N37: =COUNTIF($V37:$BU37,">0") -> 1 | O37: =COUNTIF($V37:$BU37,"<0") -> 5 | P37: =COUNTIF($V37:$BU37,"=0") -> 0 | Q37: =COUNTIF($BE37:$BH37,">0") -> 1 | R37: =COUNTIF($BE37:$BH37,"<0") -> 2 | S37: =COUNTIF($BE37:$BH37,"=0") -> 0 | T37: =COUNTIF(V37:BJ37,"NC") -> 0 | AS37: =IFERROR(IFERROR(VLOOKUP($C37&" "&AS$1,Results!$G:$I,3,FALSE),-VLOOKUP($C37&" "&AS$1,Results!$H:$I,2,FALSE)),"") | AT37: =IFERROR(IFERROR(VLOOKUP($C37&" "&AT$1,Results!$G:$I,3,FALSE),-VLOOKUP($C37&" "&AT$1,Results!$H:$I,2,FALSE)),"") | AU37: =IFERROR(IFERROR(VLOOKUP($C37&" "&AU$1,Results!$G:$I,3,FALSE),-VLOOKUP($C37&" "&AU$1,Results!$H:$I,2,FALSE)),"") | AV37: =IFERROR(IFERROR(VLOOKUP($C37&" "&AV$1,Results!$G:$I,3,FALSE),-VLOOKUP($C37&" "&AV$1,Results!$H:$I,2,FALSE)),"") | AW37: =IFERROR(IFERROR(VLOOKUP($C37&" "&AW$1,Results!$G:$I,3,FALSE),-VLOOKUP($C37&" "&AW$1,Results!$H:$I,2,FALSE)),"") | AX37: =IFERROR(IFERROR(VLOOKUP($C37&" "&AX$1,Results!$G:$I,3,FALSE),-VLOOKUP($C37&" "&AX$1,Results!$H:$I,2,FALSE)),"") | AY37: =IFERROR(IFERROR(VLOOKUP($C37&" "&AY$1,Results!$G:$I,3,FALSE),-VLOOKUP($C37&" "&AY$1,Results!$H:$I,2,FALSE)),"") | AZ37: =IFERROR(IFERROR(VLOOKUP($C37&" "&AZ$1,Results!$G:$I,3,FALSE),-VLOOKUP($C37&" "&AZ$1,Results!$H:$I,2,FALSE)),"") | ... BU37: =IFERROR(IFERROR(VLOOKUP($C37&" "&BU$1,Results!$G:$I,3,FALSE),-VLOOKUP($C37&" "&BU$1,Results!$H:$I,2,FALSE)),"") | BW37: =SUM(V37:BT37) -> -900 | BX37: =COUNTIF(E37:J37,1) -> 0 | BY37: =COUNTIF(E37:I37,0) -> 5 | BZ37: =COUNT(E37:J37) -> 6 | CA37: =+BX37/BZ37 -> 0 | CC37: =SUM(V37:BU37) -> -900 | CE37: 34 | CF37: =A37 -> 0 | CG37: =+CE37-CF37 -> 34
B38: 35 | C38: Glenridge | E38: =IF(AND(BD38>0,$A38<VLOOKUP(BD$1,$C:$L,10,FALSE)),1,IF(AND(BD38<0,$A38>VLOOKUP(BD$1,$C:$L,10,FALSE)),1,0)) -> 0 | F38: =IF(AND(BE38>0,$A38<VLOOKUP(BE$1,$C:$L,10,FALSE)),1,IF(AND(BE38<0,$A38>VLOOKUP(BE$1,$C:$L,10,FALSE)),1,0)) -> 0 | G38: =IF(AND(BF38>0,$A38<VLOOKUP(BF$1,$C:$L,10,FALSE)),1,IF(AND(BF38<0,$A38>VLOOKUP(BF$1,$C:$L,10,FALSE)),1,0)) -> 0 | H38: =IF(AND(BH38>0,$A38<VLOOKUP(BH$1,$C:$L,10,FALSE)),1,IF(AND(BH38<0,$A38>VLOOKUP(BH$1,$C:$L,10,FALSE)),1,0)) -> 0 | I38: =IF(AND(BI38>0,$A38<VLOOKUP(BI$1,$C:$L,10,FALSE)),1,IF(AND(BI38<0,$A38>VLOOKUP(BI$1,$C:$L,10,FALSE)),1,0)) -> 0 | J38: =IF(AND(BJ38>0,$A38<VLOOKUP(BJ$1,$C:$L,10,FALSE)),1,IF(AND(BJ38<0,$A38>VLOOKUP(BJ$1,$C:$L,10,FALSE)),1,0)) -> 0 | K38: Updated | L38: =A38 -> 0 | M38: 9 | N38: =COUNTIF($V38:$BU38,">0") -> 2 | O38: =COUNTIF($V38:$BU38,"<0") -> 4 | P38: =COUNTIF($V38:$BU38,"=0") -> 0 | Q38: =COUNTIF($BE38:$BH38,">0") -> 2 | R38: =COUNTIF($BE38:$BH38,"<0") -> 1 | S38: =COUNTIF($BE38:$BH38,"=0") -> 0 | T38: =COUNTIF(V38:BJ38,"NC") -> 0 | AS38: =IFERROR(IFERROR(VLOOKUP($C38&" "&AS$1,Results!$G:$I,3,FALSE),-VLOOKUP($C38&" "&AS$1,Results!$H:$I,2,FALSE)),"") | AT38: =IFERROR(IFERROR(VLOOKUP($C38&" "&AT$1,Results!$G:$I,3,FALSE),-VLOOKUP($C38&" "&AT$1,Results!$H:$I,2,FALSE)),"") | AU38: =IFERROR(IFERROR(VLOOKUP($C38&" "&AU$1,Results!$G:$I,3,FALSE),-VLOOKUP($C38&" "&AU$1,Results!$H:$I,2,FALSE)),"") | AV38: =IFERROR(IFERROR(VLOOKUP($C38&" "&AV$1,Results!$G:$I,3,FALSE),-VLOOKUP($C38&" "&AV$1,Results!$H:$I,2,FALSE)),"") | AW38: =IFERROR(IFERROR(VLOOKUP($C38&" "&AW$1,Results!$G:$I,3,FALSE),-VLOOKUP($C38&" "&AW$1,Results!$H:$I,2,FALSE)),"") | AX38: =IFERROR(IFERROR(VLOOKUP($C38&" "&AX$1,Results!$G:$I,3,FALSE),-VLOOKUP($C38&" "&AX$1,Results!$H:$I,2,FALSE)),"") | AY38: =IFERROR(IFERROR(VLOOKUP($C38&" "&AY$1,Results!$G:$I,3,FALSE),-VLOOKUP($C38&" "&AY$1,Results!$H:$I,2,FALSE)),"") | AZ38: =IFERROR(IFERROR(VLOOKUP($C38&" "&AZ$1,Results!$G:$I,3,FALSE),-VLOOKUP($C38&" "&AZ$1,Results!$H:$I,2,FALSE)),"") | ... BU38: =IFERROR(IFERROR(VLOOKUP($C38&" "&BU$1,Results!$G:$I,3,FALSE),-VLOOKUP($C38&" "&BU$1,Results!$H:$I,2,FALSE)),"") | BW38: =SUM(V38:BT38) -> -633 | BX38: =COUNTIF(E38:J38,1) -> 0 | BY38: =COUNTIF(E38:I38,0) -> 5 | BZ38: =COUNT(E38:J38) -> 6 | CA38: =+BX38/BZ38 -> 0 | CC38: =SUM(V38:BU38) -> -633 | CE38: 29 | CF38: =A38 -> 0 | CG38: =+CE38-CF38 -> 29
B39: 36 | C39: Kildaire Farms | E39: =IF(AND(BE39>0,$A39<VLOOKUP(BE$1,$C:$L,10,FALSE)),1,IF(AND(BE39<0,$A39>VLOOKUP(BE$1,$C:$L,10,FALSE)),1,0)) -> 0 | F39: =IF(AND(BF39>0,$A39<VLOOKUP(BF$1,$C:$L,10,FALSE)),1,IF(AND(BF39<0,$A39>VLOOKUP(BF$1,$C:$L,10,FALSE)),1,0)) -> 0 | G39: =IF(AND(BG39>0,$A39<VLOOKUP(BG$1,$C:$L,10,FALSE)),1,IF(AND(BG39<0,$A39>VLOOKUP(BG$1,$C:$L,10,FALSE)),1,0)) -> 0 | H39: =IF(AND(BI39>0,$A39<VLOOKUP(BI$1,$C:$L,10,FALSE)),1,IF(AND(BI39<0,$A39>VLOOKUP(BI$1,$C:$L,10,FALSE)),1,0)) -> 0 | I39: =IF(AND(BJ39>0,$A39<VLOOKUP(BJ$1,$C:$L,10,FALSE)),1,IF(AND(BJ39<0,$A39>VLOOKUP(BJ$1,$C:$L,10,FALSE)),1,0)) -> 0 | J39: =IF(AND(BK39>0,$A39<VLOOKUP(BK$1,$C:$L,10,FALSE)),1,IF(AND(BK39<0,$A39>VLOOKUP(BK$1,$C:$L,10,FALSE)),1,0)) -> 0 | K39: Updated | L39: =A39 -> 0 | M39: 9 | N39: =COUNTIF($V39:$BU39,">0") -> 1 | O39: =COUNTIF($V39:$BU39,"<0") -> 5 | P39: =COUNTIF($V39:$BU39,"=0") -> 0 | Q39: =COUNTIF($BE39:$BH39,">0") -> 0 | R39: =COUNTIF($BE39:$BH39,"<0") -> 3 | S39: =COUNTIF($BE39:$BH39,"=0") -> 0 | T39: =COUNTIF(V39:BJ39,"NC") -> 0 | AS39: =IFERROR(IFERROR(VLOOKUP($C39&" "&AS$1,Results!$G:$I,3,FALSE),-VLOOKUP($C39&" "&AS$1,Results!$H:$I,2,FALSE)),"") | AT39: =IFERROR(IFERROR(VLOOKUP($C39&" "&AT$1,Results!$G:$I,3,FALSE),-VLOOKUP($C39&" "&AT$1,Results!$H:$I,2,FALSE)),"") | AU39: =IFERROR(IFERROR(VLOOKUP($C39&" "&AU$1,Results!$G:$I,3,FALSE),-VLOOKUP($C39&" "&AU$1,Results!$H:$I,2,FALSE)),"") | AV39: =IFERROR(IFERROR(VLOOKUP($C39&" "&AV$1,Results!$G:$I,3,FALSE),-VLOOKUP($C39&" "&AV$1,Results!$H:$I,2,FALSE)),"") | AW39: =IFERROR(IFERROR(VLOOKUP($C39&" "&AW$1,Results!$G:$I,3,FALSE),-VLOOKUP($C39&" "&AW$1,Results!$H:$I,2,FALSE)),"") | AX39: =IFERROR(IFERROR(VLOOKUP($C39&" "&AX$1,Results!$G:$I,3,FALSE),-VLOOKUP($C39&" "&AX$1,Results!$H:$I,2,FALSE)),"") | AY39: =IFERROR(IFERROR(VLOOKUP($C39&" "&AY$1,Results!$G:$I,3,FALSE),-VLOOKUP($C39&" "&AY$1,Results!$H:$I,2,FALSE)),"") | AZ39: =IFERROR(IFERROR(VLOOKUP($C39&" "&AZ$1,Results!$G:$I,3,FALSE),-VLOOKUP($C39&" "&AZ$1,Results!$H:$I,2,FALSE)),"") | ... BU39: =IFERROR(IFERROR(VLOOKUP($C39&" "&BU$1,Results!$G:$I,3,FALSE),-VLOOKUP($C39&" "&BU$1,Results!$H:$I,2,FALSE)),"") | BW39: =SUM(V39:BT39) -> -478 | BX39: =COUNTIF(E39:J39,1) -> 0 | BY39: =COUNTIF(E39:I39,0) -> 5 | BZ39: =COUNT(E39:J39) -> 6 | CA39: =+BX39/BZ39 -> 0 | CC39: =SUM(V39:BU39) -> -478 | CE39: 30 | CF39: =A39 -> 0 | CG39: =+CE39-CF39 -> 30
B40: 37 | C40: Twelve Oaks | E40: =IF(AND(BF40>0,$A40<VLOOKUP(BF$1,$C:$L,10,FALSE)),1,IF(AND(BF40<0,$A40>VLOOKUP(BF$1,$C:$L,10,FALSE)),1,0)) -> 0 | F40: =IF(AND(BG40>0,$A40<VLOOKUP(BG$1,$C:$L,10,FALSE)),1,IF(AND(BG40<0,$A40>VLOOKUP(BG$1,$C:$L,10,FALSE)),1,0)) -> 0 | G40: =IF(AND(BH40>0,$A40<VLOOKUP(BH$1,$C:$L,10,FALSE)),1,IF(AND(BH40<0,$A40>VLOOKUP(BH$1,$C:$L,10,FALSE)),1,0)) -> 0 | H40: =IF(AND(BJ40>0,$A40<VLOOKUP(BJ$1,$C:$L,10,FALSE)),1,IF(AND(BJ40<0,$A40>VLOOKUP(BJ$1,$C:$L,10,FALSE)),1,0)) -> 0 | I40: =IF(AND(BK40>0,$A40<VLOOKUP(BK$1,$C:$L,10,FALSE)),1,IF(AND(BK40<0,$A40>VLOOKUP(BK$1,$C:$L,10,FALSE)),1,0)) -> 0 | J40: =IF(AND(BL40>0,$A40<VLOOKUP(BL$1,$C:$L,10,FALSE)),1,IF(AND(BL40<0,$A40>VLOOKUP(BL$1,$C:$L,10,FALSE)),1,0)) -> 0 | K40: Updated | L40: =A40 -> 0 | M40: 10 | N40: =COUNTIF($V40:$BU40,">0") -> 6 | O40: =COUNTIF($V40:$BU40,"<0") -> 0 | P40: =COUNTIF($V40:$BU40,"=0") -> 0 | Q40: =COUNTIF($BI40:$BL40,">0") -> 3 | R40: =COUNTIF($BI40:$BL40,"<0") -> 0 | S40: =COUNTIF($BI40:$BL40,"=0") -> 0 | T40: =COUNTIF(V40:BJ40,"NC") -> 0 | AS40: =IFERROR(IFERROR(VLOOKUP($C40&" "&AS$1,Results!$G:$I,3,FALSE),-VLOOKUP($C40&" "&AS$1,Results!$H:$I,2,FALSE)),"") | AT40: =IFERROR(IFERROR(VLOOKUP($C40&" "&AT$1,Results!$G:$I,3,FALSE),-VLOOKUP($C40&" "&AT$1,Results!$H:$I,2,FALSE)),"") | AU40: =IFERROR(IFERROR(VLOOKUP($C40&" "&AU$1,Results!$G:$I,3,FALSE),-VLOOKUP($C40&" "&AU$1,Results!$H:$I,2,FALSE)),"") | AV40: =IFERROR(IFERROR(VLOOKUP($C40&" "&AV$1,Results!$G:$I,3,FALSE),-VLOOKUP($C40&" "&AV$1,Results!$H:$I,2,FALSE)),"") | AW40: =IFERROR(IFERROR(VLOOKUP($C40&" "&AW$1,Results!$G:$I,3,FALSE),-VLOOKUP($C40&" "&AW$1,Results!$H:$I,2,FALSE)),"") | AX40: =IFERROR(IFERROR(VLOOKUP($C40&" "&AX$1,Results!$G:$I,3,FALSE),-VLOOKUP($C40&" "&AX$1,Results!$H:$I,2,FALSE)),"") | AY40: =IFERROR(IFERROR(VLOOKUP($C40&" "&AY$1,Results!$G:$I,3,FALSE),-VLOOKUP($C40&" "&AY$1,Results!$H:$I,2,FALSE)),"") | AZ40: =IFERROR(IFERROR(VLOOKUP($C40&" "&AZ$1,Results!$G:$I,3,FALSE),-VLOOKUP($C40&" "&AZ$1,Results!$H:$I,2,FALSE)),"") | ... BU40: =IFERROR(IFERROR(VLOOKUP($C40&" "&BU$1,Results!$G:$I,3,FALSE),-VLOOKUP($C40&" "&BU$1,Results!$H:$I,2,FALSE)),"") | BW40: =SUM(V40:BT40) -> 826 | BX40: =COUNTIF(E40:J40,1) -> 0 | BY40: =COUNTIF(E40:I40,0) -> 5 | BZ40: =COUNT(E40:J40) -> 6 | CA40: =+BX40/BZ40 -> 0 | CC40: =SUM(V40:BU40) -> 826 | CE40: 38 | CF40: =A40 -> 0 | CG40: =+CE40-CF40 -> 38
B41: 38 | C41: Carpenter Village | E41: =IF(AND(BG41>0,$A41<VLOOKUP(BG$1,$C:$L,10,FALSE)),1,IF(AND(BG41<0,$A41>VLOOKUP(BG$1,$C:$L,10,FALSE)),1,0)) -> 0 | F41: =IF(AND(BH41>0,$A41<VLOOKUP(BH$1,$C:$L,10,FALSE)),1,IF(AND(BH41<0,$A41>VLOOKUP(BH$1,$C:$L,10,FALSE)),1,0)) -> 0 | G41: =IF(AND(BI41>0,$A41<VLOOKUP(BI$1,$C:$L,10,FALSE)),1,IF(AND(BI41<0,$A41>VLOOKUP(BI$1,$C:$L,10,FALSE)),1,0)) -> 0 | H41: =IF(AND(BK41>0,$A41<VLOOKUP(BK$1,$C:$L,10,FALSE)),1,IF(AND(BK41<0,$A41>VLOOKUP(BK$1,$C:$L,10,FALSE)),1,0)) -> 0 | I41: =IF(AND(BL41>0,$A41<VLOOKUP(BL$1,$C:$L,10,FALSE)),1,IF(AND(BL41<0,$A41>VLOOKUP(BL$1,$C:$L,10,FALSE)),1,0)) -> 0 | J41: =IF(AND(BM41>0,$A41<VLOOKUP(BM$1,$C:$L,10,FALSE)),1,IF(AND(BM41<0,$A41>VLOOKUP(BM$1,$C:$L,10,FALSE)),1,0)) -> 0 | K41: Updated | L41: =A41 -> 0 | M41: 10 | N41: =COUNTIF($V41:$BU41,">0") -> 4 | O41: =COUNTIF($V41:$BU41,"<0") -> 2 | P41: =COUNTIF($V41:$BU41,"=0") -> 0 | Q41: =COUNTIF($BI41:$BL41,">0") -> 1 | R41: =COUNTIF($BI41:$BL41,"<0") -> 2 | S41: =COUNTIF($BI41:$BL41,"=0") -> 0 | T41: =COUNTIF(V41:BJ41,"NC") -> 0 | AS41: =IFERROR(IFERROR(VLOOKUP($C41&" "&AS$1,Results!$G:$I,3,FALSE),-VLOOKUP($C41&" "&AS$1,Results!$H:$I,2,FALSE)),"") | AT41: =IFERROR(IFERROR(VLOOKUP($C41&" "&AT$1,Results!$G:$I,3,FALSE),-VLOOKUP($C41&" "&AT$1,Results!$H:$I,2,FALSE)),"") | AU41: =IFERROR(IFERROR(VLOOKUP($C41&" "&AU$1,Results!$G:$I,3,FALSE),-VLOOKUP($C41&" "&AU$1,Results!$H:$I,2,FALSE)),"") | AV41: =IFERROR(IFERROR(VLOOKUP($C41&" "&AV$1,Results!$G:$I,3,FALSE),-VLOOKUP($C41&" "&AV$1,Results!$H:$I,2,FALSE)),"") | AW41: =IFERROR(IFERROR(VLOOKUP($C41&" "&AW$1,Results!$G:$I,3,FALSE),-VLOOKUP($C41&" "&AW$1,Results!$H:$I,2,FALSE)),"") | AX41: =IFERROR(IFERROR(VLOOKUP($C41&" "&AX$1,Results!$G:$I,3,FALSE),-VLOOKUP($C41&" "&AX$1,Results!$H:$I,2,FALSE)),"") | AY41: =IFERROR(IFERROR(VLOOKUP($C41&" "&AY$1,Results!$G:$I,3,FALSE),-VLOOKUP($C41&" "&AY$1,Results!$H:$I,2,FALSE)),"") | AZ41: =IFERROR(IFERROR(VLOOKUP($C41&" "&AZ$1,Results!$G:$I,3,FALSE),-VLOOKUP($C41&" "&AZ$1,Results!$H:$I,2,FALSE)),"") | ... BU41: =IFERROR(IFERROR(VLOOKUP($C41&" "&BU$1,Results!$G:$I,3,FALSE),-VLOOKUP($C41&" "&BU$1,Results!$H:$I,2,FALSE)),"") | BW41: =SUM(V41:BT41) -> 347 | BX41: =COUNTIF(E41:J41,1) -> 0 | BY41: =COUNTIF(E41:I41,0) -> 5 | BZ41: =COUNT(E41:J41) -> 6 | CA41: =+BX41/BZ41 -> 0 | CC41: =SUM(V41:BU41) -> 347 | CE41: 39 | CF41: =A41 -> 0 | CG41: =+CE41-CF41 -> 39
B42: 39 | C42: Devereaux | E42: =IF(AND(BH42>0,$A42<VLOOKUP(BH$1,$C:$L,10,FALSE)),1,IF(AND(BH42<0,$A42>VLOOKUP(BH$1,$C:$L,10,FALSE)),1,0)) -> 0 | F42: =IF(AND(BI42>0,$A42<VLOOKUP(BI$1,$C:$L,10,FALSE)),1,IF(AND(BI42<0,$A42>VLOOKUP(BI$1,$C:$L,10,FALSE)),1,0)) -> 0 | G42: =IF(AND(BJ42>0,$A42<VLOOKUP(BJ$1,$C:$L,10,FALSE)),1,IF(AND(BJ42<0,$A42>VLOOKUP(BJ$1,$C:$L,10,FALSE)),1,0)) -> 0 | H42: =IF(AND(BL42>0,$A42<VLOOKUP(BL$1,$C:$L,10,FALSE)),1,IF(AND(BL42<0,$A42>VLOOKUP(BL$1,$C:$L,10,FALSE)),1,0)) -> 0 | I42: =IF(AND(BM42>0,$A42<VLOOKUP(BM$1,$C:$L,10,FALSE)),1,IF(AND(BM42<0,$A42>VLOOKUP(BM$1,$C:$L,10,FALSE)),1,0)) -> 0 | J42: =IF(AND(BO42>0,$A42<VLOOKUP(BO$1,$C:$L,10,FALSE)),1,IF(AND(BO42<0,$A42>VLOOKUP(BO$1,$C:$L,10,FALSE)),1,0)) -> 0 | K42: Updated | L42: =A42 -> 0 | M42: 10 | N42: =COUNTIF($V42:$BU42,">0") -> 2 | O42: =COUNTIF($V42:$BU42,"<0") -> 4 | P42: =COUNTIF($V42:$BU42,"=0") -> 0 | Q42: =COUNTIF($BI42:$BL42,">0") -> 0 | R42: =COUNTIF($BI42:$BL42,"<0") -> 3 | S42: =COUNTIF($BI42:$BL42,"=0") -> 0 | T42: =COUNTIF(V42:BJ42,"NC") -> 0 | AS42: =IFERROR(IFERROR(VLOOKUP($C42&" "&AS$1,Results!$G:$I,3,FALSE),-VLOOKUP($C42&" "&AS$1,Results!$H:$I,2,FALSE)),"") | AT42: =IFERROR(IFERROR(VLOOKUP($C42&" "&AT$1,Results!$G:$I,3,FALSE),-VLOOKUP($C42&" "&AT$1,Results!$H:$I,2,FALSE)),"") | AU42: =IFERROR(IFERROR(VLOOKUP($C42&" "&AU$1,Results!$G:$I,3,FALSE),-VLOOKUP($C42&" "&AU$1,Results!$H:$I,2,FALSE)),"") | AV42: =IFERROR(IFERROR(VLOOKUP($C42&" "&AV$1,Results!$G:$I,3,FALSE),-VLOOKUP($C42&" "&AV$1,Results!$H:$I,2,FALSE)),"") | AW42: =IFERROR(IFERROR(VLOOKUP($C42&" "&AW$1,Results!$G:$I,3,FALSE),-VLOOKUP($C42&" "&AW$1,Results!$H:$I,2,FALSE)),"") | AX42: =IFERROR(IFERROR(VLOOKUP($C42&" "&AX$1,Results!$G:$I,3,FALSE),-VLOOKUP($C42&" "&AX$1,Results!$H:$I,2,FALSE)),"") | AY42: =IFERROR(IFERROR(VLOOKUP($C42&" "&AY$1,Results!$G:$I,3,FALSE),-VLOOKUP($C42&" "&AY$1,Results!$H:$I,2,FALSE)),"") | AZ42: =IFERROR(IFERROR(VLOOKUP($C42&" "&AZ$1,Results!$G:$I,3,FALSE),-VLOOKUP($C42&" "&AZ$1,Results!$H:$I,2,FALSE)),"") | ... BU42: =IFERROR(IFERROR(VLOOKUP($C42&" "&BU$1,Results!$G:$I,3,FALSE),-VLOOKUP($C42&" "&BU$1,Results!$H:$I,2,FALSE)),"") | BW42: =SUM(V42:BT42) -> -360 | BX42: =COUNTIF(E42:J42,1) -> 0 | BY42: =COUNTIF(E42:I42,0) -> 5 | BZ42: =COUNT(E42:J42) -> 6 | CA42: =+BX42/BZ42 -> 0 | CC42: =SUM(V42:BU42) -> -360 | CE42: 37 | CF42: =A42 -> 0 | CG42: =+CE42-CF42 -> 37
B43: 40 | C43: Brighton Forest | E43: =IF(AND(BI43>0,$A43<VLOOKUP(BI$1,$C:$L,10,FALSE)),1,IF(AND(BI43<0,$A43>VLOOKUP(BI$1,$C:$L,10,FALSE)),1,0)) -> 0 | F43: =IF(AND(BJ43>0,$A43<VLOOKUP(BJ$1,$C:$L,10,FALSE)),1,IF(AND(BJ43<0,$A43>VLOOKUP(BJ$1,$C:$L,10,FALSE)),1,0)) -> 0 | G43: =IF(AND(BK43>0,$A43<VLOOKUP(BK$1,$C:$L,10,FALSE)),1,IF(AND(BK43<0,$A43>VLOOKUP(BK$1,$C:$L,10,FALSE)),1,0)) -> 0 | H43: =IF(AND(BN43>0,$A43<VLOOKUP(BN$1,$C:$L,10,FALSE)),1,IF(AND(BN43<0,$A43>VLOOKUP(BN$1,$C:$L,10,FALSE)),1,0)) -> 0 | I43: =IF(AND(BR43>0,$A43<VLOOKUP(BR$1,$C:$L,10,FALSE)),1,IF(AND(BR43<0,$A43>VLOOKUP(BR$1,$C:$L,10,FALSE)),1,0)) -> 0 | J43: =IF(AND(BS43>0,$A43<VLOOKUP(BS$1,$C:$L,10,FALSE)),1,IF(AND(BS43<0,$A43>VLOOKUP(BS$1,$C:$L,10,FALSE)),1,0)) -> 0 | K43: Updated | L43: =A43 -> 0 | M43: 10 | N43: =COUNTIF($V43:$BU43,">0") -> 3 | O43: =COUNTIF($V43:$BU43,"<0") -> 3 | P43: =COUNTIF($V43:$BU43,"=0") -> 0 | Q43: =COUNTIF($BI43:$BL43,">0") -> 2 | R43: =COUNTIF($BI43:$BL43,"<0") -> 1 | S43: =COUNTIF($BI43:$BL43,"=0") -> 0 | T43: =COUNTIF(V43:BJ43,"NC") -> 0 | AS43: =IFERROR(IFERROR(VLOOKUP($C43&" "&AS$1,Results!$G:$I,3,FALSE),-VLOOKUP($C43&" "&AS$1,Results!$H:$I,2,FALSE)),"") | AT43: =IFERROR(IFERROR(VLOOKUP($C43&" "&AT$1,Results!$G:$I,3,FALSE),-VLOOKUP($C43&" "&AT$1,Results!$H:$I,2,FALSE)),"") | AU43: =IFERROR(IFERROR(VLOOKUP($C43&" "&AU$1,Results!$G:$I,3,FALSE),-VLOOKUP($C43&" "&AU$1,Results!$H:$I,2,FALSE)),"") | AV43: =IFERROR(IFERROR(VLOOKUP($C43&" "&AV$1,Results!$G:$I,3,FALSE),-VLOOKUP($C43&" "&AV$1,Results!$H:$I,2,FALSE)),"") | AW43: =IFERROR(IFERROR(VLOOKUP($C43&" "&AW$1,Results!$G:$I,3,FALSE),-VLOOKUP($C43&" "&AW$1,Results!$H:$I,2,FALSE)),"") | AX43: =IFERROR(IFERROR(VLOOKUP($C43&" "&AX$1,Results!$G:$I,3,FALSE),-VLOOKUP($C43&" "&AX$1,Results!$H:$I,2,FALSE)),"") | AY43: =IFERROR(IFERROR(VLOOKUP($C43&" "&AY$1,Results!$G:$I,3,FALSE),-VLOOKUP($C43&" "&AY$1,Results!$H:$I,2,FALSE)),"") | AZ43: =IFERROR(IFERROR(VLOOKUP($C43&" "&AZ$1,Results!$G:$I,3,FALSE),-VLOOKUP($C43&" "&AZ$1,Results!$H:$I,2,FALSE)),"") | ... BU43: =IFERROR(IFERROR(VLOOKUP($C43&" "&BU$1,Results!$G:$I,3,FALSE),-VLOOKUP($C43&" "&BU$1,Results!$H:$I,2,FALSE)),"") | BW43: =SUM(V43:BT43) -> 238 | BX43: =COUNTIF(E43:J43,1) -> 0 | BY43: =COUNTIF(E43:I43,0) -> 5 | BZ43: =COUNT(E43:J43) -> 6 | CA43: =+BX43/BZ43 -> 0 | CC43: =SUM(V43:BU43) -> 238 | CE43: 43 | CF43: =A43 -> 0 | CG43: =+CE43-CF43 -> 43
B44: 41 | C44: Bentwinds | E44: =IF(AND(BJ44>0,$A44<VLOOKUP(BJ$1,$C:$L,10,FALSE)),1,IF(AND(BJ44<0,$A44>VLOOKUP(BJ$1,$C:$L,10,FALSE)),1,0)) -> 0 | F44: =IF(AND(BK44>0,$A44<VLOOKUP(BK$1,$C:$L,10,FALSE)),1,IF(AND(BK44<0,$A44>VLOOKUP(BK$1,$C:$L,10,FALSE)),1,0)) -> 0 | G44: =IF(AND(BN44>0,$A44<VLOOKUP(BN$1,$C:$L,10,FALSE)),1,IF(AND(BN44<0,$A44>VLOOKUP(BN$1,$C:$L,10,FALSE)),1,0)) -> 0 | H44: =IF(AND(BO44>0,$A44<VLOOKUP(BO$1,$C:$L,10,FALSE)),1,IF(AND(BO44<0,$A44>VLOOKUP(BO$1,$C:$L,10,FALSE)),1,0)) -> 0 | I44: =IF(AND(BP44>0,$A44<VLOOKUP(BP$1,$C:$L,10,FALSE)),1,IF(AND(BP44<0,$A44>VLOOKUP(BP$1,$C:$L,10,FALSE)),1,0)) -> 0 | J44: =IF(AND(BS44>0,$A44<VLOOKUP(BS$1,$C:$L,10,FALSE)),1,IF(AND(BS44<0,$A44>VLOOKUP(BS$1,$C:$L,10,FALSE)),1,0)) -> 0 | K44: Updated | L44: =A44 -> 0 | M44: 11 | N44: =COUNTIF($V44:$BU44,">0") -> 3 | O44: =COUNTIF($V44:$BU44,"<0") -> 3 | P44: =COUNTIF($V44:$BU44,"=0") -> 0 | Q44: =COUNTIF($BM44:$BP44,">0") -> 2 | R44: =COUNTIF($BM44:$BP44,"<0") -> 1 | S44: =COUNTIF($BM44:$BP44,"=0") -> 0 | T44: =COUNTIF(V44:BJ44,"NC") -> 0 | AS44: =IFERROR(IFERROR(VLOOKUP($C44&" "&AS$1,Results!$G:$I,3,FALSE),-VLOOKUP($C44&" "&AS$1,Results!$H:$I,2,FALSE)),"") | AT44: =IFERROR(IFERROR(VLOOKUP($C44&" "&AT$1,Results!$G:$I,3,FALSE),-VLOOKUP($C44&" "&AT$1,Results!$H:$I,2,FALSE)),"") | AU44: =IFERROR(IFERROR(VLOOKUP($C44&" "&AU$1,Results!$G:$I,3,FALSE),-VLOOKUP($C44&" "&AU$1,Results!$H:$I,2,FALSE)),"") | AV44: =IFERROR(IFERROR(VLOOKUP($C44&" "&AV$1,Results!$G:$I,3,FALSE),-VLOOKUP($C44&" "&AV$1,Results!$H:$I,2,FALSE)),"") | AW44: =IFERROR(IFERROR(VLOOKUP($C44&" "&AW$1,Results!$G:$I,3,FALSE),-VLOOKUP($C44&" "&AW$1,Results!$H:$I,2,FALSE)),"") | AX44: =IFERROR(IFERROR(VLOOKUP($C44&" "&AX$1,Results!$G:$I,3,FALSE),-VLOOKUP($C44&" "&AX$1,Results!$H:$I,2,FALSE)),"") | AY44: =IFERROR(IFERROR(VLOOKUP($C44&" "&AY$1,Results!$G:$I,3,FALSE),-VLOOKUP($C44&" "&AY$1,Results!$H:$I,2,FALSE)),"") | AZ44: =IFERROR(IFERROR(VLOOKUP($C44&" "&AZ$1,Results!$G:$I,3,FALSE),-VLOOKUP($C44&" "&AZ$1,Results!$H:$I,2,FALSE)),"") | ... BU44: =IFERROR(IFERROR(VLOOKUP($C44&" "&BU$1,Results!$G:$I,3,FALSE),-VLOOKUP($C44&" "&BU$1,Results!$H:$I,2,FALSE)),"") | BW44: =SUM(V44:BT44) -> 11 | BX44: =COUNTIF(E44:J44,1) -> 0 | BY44: =COUNTIF(E44:I44,0) -> 5 | BZ44: =COUNT(E44:J44) -> 6 | CA44: =+BX44/BZ44 -> 0 | CC44: =SUM(V44:BU44) -> 11 | CE44: 44 | CF44: =A44 -> 0 | CG44: =+CE44-CF44 -> 44
B45: 42 | C45: Harmony | E45: =IF(AND(BL45>0,$A45<VLOOKUP(BL$1,$C:$L,10,FALSE)),1,IF(AND(BL45<0,$A45>VLOOKUP(BL$1,$C:$L,10,FALSE)),1,0)) -> 0 | F45: =IF(AND(BM45>0,$A45<VLOOKUP(BM$1,$C:$L,10,FALSE)),1,IF(AND(BM45<0,$A45>VLOOKUP(BM$1,$C:$L,10,FALSE)),1,0)) -> 0 | G45: =IF(AND(BO45>0,$A45<VLOOKUP(BO$1,$C:$L,10,FALSE)),1,IF(AND(BO45<0,$A45>VLOOKUP(BO$1,$C:$L,10,FALSE)),1,0)) -> 0 | H45: =IF(AND(BP45>0,$A45<VLOOKUP(BP$1,$C:$L,10,FALSE)),1,IF(AND(BP45<0,$A45>VLOOKUP(BP$1,$C:$L,10,FALSE)),1,0)) -> 0 | I45: =IF(AND(BQ45>0,$A45<VLOOKUP(BQ$1,$C:$L,10,FALSE)),1,IF(AND(BQ45<0,$A45>VLOOKUP(BQ$1,$C:$L,10,FALSE)),1,0)) -> 0 | J45: =IF(AND(BT45>0,$A45<VLOOKUP(BT$1,$C:$L,10,FALSE)),1,IF(AND(BT45<0,$A45>VLOOKUP(BT$1,$C:$L,10,FALSE)),1,0)) -> 0 | K45: Updated | L45: =A45 -> 0 | M45: 11 | N45: =COUNTIF($V45:$BU45,">0") -> 1 | O45: =COUNTIF($V45:$BU45,"<0") -> 5 | P45: =COUNTIF($V45:$BU45,"=0") -> 0 | Q45: =COUNTIF($BM45:$BP45,">0") -> 0 | R45: =COUNTIF($BM45:$BP45,"<0") -> 3 | S45: =COUNTIF($BM45:$BP45,"=0") -> 0 | T45: =COUNTIF(V45:BJ45,"NC") -> 0 | AS45: =IFERROR(IFERROR(VLOOKUP($C45&" "&AS$1,Results!$G:$I,3,FALSE),-VLOOKUP($C45&" "&AS$1,Results!$H:$I,2,FALSE)),"") | AT45: =IFERROR(IFERROR(VLOOKUP($C45&" "&AT$1,Results!$G:$I,3,FALSE),-VLOOKUP($C45&" "&AT$1,Results!$H:$I,2,FALSE)),"") | AU45: =IFERROR(IFERROR(VLOOKUP($C45&" "&AU$1,Results!$G:$I,3,FALSE),-VLOOKUP($C45&" "&AU$1,Results!$H:$I,2,FALSE)),"") | AV45: =IFERROR(IFERROR(VLOOKUP($C45&" "&AV$1,Results!$G:$I,3,FALSE),-VLOOKUP($C45&" "&AV$1,Results!$H:$I,2,FALSE)),"") | AW45: =IFERROR(IFERROR(VLOOKUP($C45&" "&AW$1,Results!$G:$I,3,FALSE),-VLOOKUP($C45&" "&AW$1,Results!$H:$I,2,FALSE)),"") | AX45: =IFERROR(IFERROR(VLOOKUP($C45&" "&AX$1,Results!$G:$I,3,FALSE),-VLOOKUP($C45&" "&AX$1,Results!$H:$I,2,FALSE)),"") | AY45: =IFERROR(IFERROR(VLOOKUP($C45&" "&AY$1,Results!$G:$I,3,FALSE),-VLOOKUP($C45&" "&AY$1,Results!$H:$I,2,FALSE)),"") | AZ45: =IFERROR(IFERROR(VLOOKUP($C45&" "&AZ$1,Results!$G:$I,3,FALSE),-VLOOKUP($C45&" "&AZ$1,Results!$H:$I,2,FALSE)),"") | ... BV45: =IFERROR(IFERROR(VLOOKUP($C45&" "&BV$1,Results!$G:$I,3,FALSE),-VLOOKUP($C45&" "&BV$1,Results!$H:$I,2,FALSE)),"") | BW45: =SUM(V45:BT45) -> -505 | BX45: =COUNTIF(E45:I45,1) -> 0 | BY45: =COUNTIF(E45:H45,0) -> 4 | BZ45: =COUNT(E45:J45) -> 6 | CA45: =+BX45/BZ45 -> 0 | CC45: =SUM(V45:BU45) -> -274 | CE45: 47 | CF45: =A45 -> 0 | CG45: =+CE45-CF45 -> 47
B46: 43 | C46: Charleston Village | E46: =IF(AND(BK46>0,$A46<VLOOKUP(BK$1,$C:$L,10,FALSE)),1,IF(AND(BK46<0,$A46>VLOOKUP(BK$1,$C:$L,10,FALSE)),1,0)) -> 0 | F46: =IF(AND(BM46>0,$A46<VLOOKUP(BM$1,$C:$L,10,FALSE)),1,IF(AND(BM46<0,$A46>VLOOKUP(BM$1,$C:$L,10,FALSE)),1,0)) -> 0 | G46: =IF(AND(BN46>0,$A46<VLOOKUP(BN$1,$C:$L,10,FALSE)),1,IF(AND(BN46<0,$A46>VLOOKUP(BN$1,$C:$L,10,FALSE)),1,0)) -> 0 | H46: =IF(AND(BR46>0,$A46<VLOOKUP(BR$1,$C:$L,10,FALSE)),1,IF(AND(BR46<0,$A46>VLOOKUP(BR$1,$C:$L,10,FALSE)),1,0)) -> 0 | I46: =IF(AND(BT46>0,$A46<VLOOKUP(BT$1,$C:$L,10,FALSE)),1,IF(AND(BT46<0,$A46>VLOOKUP(BT$1,$C:$L,10,FALSE)),1,0)) -> 0 | J46: =IF(AND(BU46>0,$A46<VLOOKUP(BU$1,$C:$L,10,FALSE)),1,IF(AND(BU46<0,$A46>VLOOKUP(BU$1,$C:$L,10,FALSE)),1,0)) -> 0 | K46: Updated | L46: =A46 -> 0 | M46: 11 | N46: =COUNTIF($V46:$BU46,">0") -> 5 | O46: =COUNTIF($V46:$BU46,"<0") -> 1 | P46: =COUNTIF($V46:$BU46,"=0") -> 0 | Q46: =COUNTIF($BM46:$BP46,">0") -> 2 | R46: =COUNTIF($BM46:$BP46,"<0") -> 1 | S46: =COUNTIF($BM46:$BP46,"=0") -> 0 | T46: =COUNTIF(V46:BJ46,"NC") -> 0 | AS46: =IFERROR(IFERROR(VLOOKUP($C46&" "&AS$1,Results!$G:$I,3,FALSE),-VLOOKUP($C46&" "&AS$1,Results!$H:$I,2,FALSE)),"") | AT46: =IFERROR(IFERROR(VLOOKUP($C46&" "&AT$1,Results!$G:$I,3,FALSE),-VLOOKUP($C46&" "&AT$1,Results!$H:$I,2,FALSE)),"") | AU46: =IFERROR(IFERROR(VLOOKUP($C46&" "&AU$1,Results!$G:$I,3,FALSE),-VLOOKUP($C46&" "&AU$1,Results!$H:$I,2,FALSE)),"") | AV46: =IFERROR(IFERROR(VLOOKUP($C46&" "&AV$1,Results!$G:$I,3,FALSE),-VLOOKUP($C46&" "&AV$1,Results!$H:$I,2,FALSE)),"") | AW46: =IFERROR(IFERROR(VLOOKUP($C46&" "&AW$1,Results!$G:$I,3,FALSE),-VLOOKUP($C46&" "&AW$1,Results!$H:$I,2,FALSE)),"") | AX46: =IFERROR(IFERROR(VLOOKUP($C46&" "&AX$1,Results!$G:$I,3,FALSE),-VLOOKUP($C46&" "&AX$1,Results!$H:$I,2,FALSE)),"") | AY46: =IFERROR(IFERROR(VLOOKUP($C46&" "&AY$1,Results!$G:$I,3,FALSE),-VLOOKUP($C46&" "&AY$1,Results!$H:$I,2,FALSE)),"") | AZ46: =IFERROR(IFERROR(VLOOKUP($C46&" "&AZ$1,Results!$G:$I,3,FALSE),-VLOOKUP($C46&" "&AZ$1,Results!$H:$I,2,FALSE)),"") | ... BV46: =IFERROR(IFERROR(VLOOKUP($C46&" "&BV$1,Results!$G:$I,3,FALSE),-VLOOKUP($C46&" "&BV$1,Results!$H:$I,2,FALSE)),"") | BW46: =SUM(V46:BT46) -> 650 | BX46: =COUNTIF(E46:I46,1) -> 0 | BY46: =COUNTIF(E46:I46,0) -> 5 | BZ46: =COUNT(E46:J46) -> 6 | CA46: =+BX46/BZ46 -> 0 | CC46: =SUM(V46:BU46) -> 650 | CE46: 46 | CF46: =A46 -> 0 | CG46: =+CE46-CF46 -> 46
B47: 44 | C47: Eagle Ridge | E47: =IF(AND(BM47>0,$A47<VLOOKUP(BM$1,$C:$L,10,FALSE)),1,IF(AND(BM47<0,$A47>VLOOKUP(BM$1,$C:$L,10,FALSE)),1,0)) -> 0 | F47: =IF(AND(BN47>0,$A47<VLOOKUP(BN$1,$C:$L,10,FALSE)),1,IF(AND(BN47<0,$A47>VLOOKUP(BN$1,$C:$L,10,FALSE)),1,0)) -> 0 | G47: BYE | H47: =IF(AND(BQ47>0,$A47<VLOOKUP(BQ$1,$C:$L,10,FALSE)),1,IF(AND(BQ47<0,$A47>VLOOKUP(BQ$1,$C:$L,10,FALSE)),1,0)) -> 0 | I47: =IF(AND(BR47>0,$A47<VLOOKUP(BR$1,$C:$L,10,FALSE)),1,IF(AND(BR47<0,$A47>VLOOKUP(BR$1,$C:$L,10,FALSE)),1,0)) -> 0 | J47: =IF(AND(BU47>0,$A47<VLOOKUP(BU$1,$C:$L,10,FALSE)),1,IF(AND(BU47<0,$A47>VLOOKUP(BU$1,$C:$L,10,FALSE)),1,0)) -> 0 | K47: Updated | L47: =A47 -> 0 | M47: 11 | N47: =COUNTIF($V47:$BV47,">0") -> 4 | O47: =COUNTIF($V47:$BV47,"<0") -> 1 | P47: =COUNTIF($V47:$BV47,"=0") -> 0 | Q47: =COUNTIF($BM47:$BP47,">0") -> 2 | R47: =COUNTIF($BM47:$BP47,"<0") -> 1 | S47: =COUNTIF($BM47:$BP47,"=0") -> 0 | T47: =COUNTIF(V47:BJ47,"NC") -> 0 | AS47: =IFERROR(IFERROR(VLOOKUP($C47&" "&AS$1,Results!$G:$I,3,FALSE),-VLOOKUP($C47&" "&AS$1,Results!$H:$I,2,FALSE)),"") | AT47: =IFERROR(IFERROR(VLOOKUP($C47&" "&AT$1,Results!$G:$I,3,FALSE),-VLOOKUP($C47&" "&AT$1,Results!$H:$I,2,FALSE)),"") | AU47: =IFERROR(IFERROR(VLOOKUP($C47&" "&AU$1,Results!$G:$I,3,FALSE),-VLOOKUP($C47&" "&AU$1,Results!$H:$I,2,FALSE)),"") | AV47: =IFERROR(IFERROR(VLOOKUP($C47&" "&AV$1,Results!$G:$I,3,FALSE),-VLOOKUP($C47&" "&AV$1,Results!$H:$I,2,FALSE)),"") | AW47: =IFERROR(IFERROR(VLOOKUP($C47&" "&AW$1,Results!$G:$I,3,FALSE),-VLOOKUP($C47&" "&AW$1,Results!$H:$I,2,FALSE)),"") | AX47: =IFERROR(IFERROR(VLOOKUP($C47&" "&AX$1,Results!$G:$I,3,FALSE),-VLOOKUP($C47&" "&AX$1,Results!$H:$I,2,FALSE)),"") | AY47: =IFERROR(IFERROR(VLOOKUP($C47&" "&AY$1,Results!$G:$I,3,FALSE),-VLOOKUP($C47&" "&AY$1,Results!$H:$I,2,FALSE)),"") | AZ47: =IFERROR(IFERROR(VLOOKUP($C47&" "&AZ$1,Results!$G:$I,3,FALSE),-VLOOKUP($C47&" "&AZ$1,Results!$H:$I,2,FALSE)),"") | ... BV47: =IFERROR(IFERROR(VLOOKUP($C47&" "&BV$1,Results!$G:$I,3,FALSE),-VLOOKUP($C47&" "&BV$1,Results!$H:$I,2,FALSE)),"") -> 124 | BW47: =SUM(V47:BT47) -> 171 | BX47: =COUNTIF(E47:J47,1) -> 0 | BY47: =COUNTIF(E47:I47,0) -> 4 | BZ47: =COUNT(E47:J47) -> 5 | CA47: =+BX47/BZ47 -> 0 | CC47: =SUM(V47:BU47) -> 171 | CE47: 41 | CF47: =A47 -> 0 | CG47: =+CE47-CF47 -> 41
B48: 45 | C48: Crooked Creek | E48: =IF(AND(BN48>0,$A48<VLOOKUP(BN$1,$C:$L,10,FALSE)),1,IF(AND(BN48<0,$A48>VLOOKUP(BN$1,$C:$L,10,FALSE)),1,0)) -> 0 | F48: BYE | G48: =IF(AND(BP48>0,$A48<VLOOKUP(BP$1,$C:$L,10,FALSE)),1,IF(AND(BP48<0,$A48>VLOOKUP(BP$1,$C:$L,10,FALSE)),1,0)) -> 0 | H48: =IF(AND(BR48>0,$A48<VLOOKUP(BR$1,$C:$L,10,FALSE)),1,IF(AND(BR48<0,$A48>VLOOKUP(BR$1,$C:$L,10,FALSE)),1,0)) -> 0 | I48: =IF(AND(BS48>0,$A48<VLOOKUP(BS$1,$C:$L,10,FALSE)),1,IF(AND(BS48<0,$A48>VLOOKUP(BS$1,$C:$L,10,FALSE)),1,0)) -> 0 | J48: =IF(AND(BU48>0,$A48<VLOOKUP(BU$1,$C:$L,10,FALSE)),1,IF(AND(BU48<0,$A48>VLOOKUP(BU$1,$C:$L,10,FALSE)),1,0)) -> 0 | K48: Updated | L48: =A48 -> 0 | M48: 12 | N48: =COUNTIF($V48:$BV48,">0") -> 2 | O48: =COUNTIF($V48:$BV48,"<0") -> 3 | P48: =COUNTIF($V48:$BV48,"=0") -> 0 | Q48: =COUNTIF($BQ48:$BS48,">0") -> 0 | R48: =COUNTIF($BQ48:$BS48,"<0") -> 1 | S48: =COUNTIF($BQ48:$BS48,"=0") -> 0 | T48: =COUNTIF(V48:BJ48,"NC") -> 0 | AS48: =IFERROR(IFERROR(VLOOKUP($C48&" "&AS$1,Results!$G:$I,3,FALSE),-VLOOKUP($C48&" "&AS$1,Results!$H:$I,2,FALSE)),"") | AT48: =IFERROR(IFERROR(VLOOKUP($C48&" "&AT$1,Results!$G:$I,3,FALSE),-VLOOKUP($C48&" "&AT$1,Results!$H:$I,2,FALSE)),"") | AU48: =IFERROR(IFERROR(VLOOKUP($C48&" "&AU$1,Results!$G:$I,3,FALSE),-VLOOKUP($C48&" "&AU$1,Results!$H:$I,2,FALSE)),"") | AV48: =IFERROR(IFERROR(VLOOKUP($C48&" "&AV$1,Results!$G:$I,3,FALSE),-VLOOKUP($C48&" "&AV$1,Results!$H:$I,2,FALSE)),"") | AW48: =IFERROR(IFERROR(VLOOKUP($C48&" "&AW$1,Results!$G:$I,3,FALSE),-VLOOKUP($C48&" "&AW$1,Results!$H:$I,2,FALSE)),"") | AX48: =IFERROR(IFERROR(VLOOKUP($C48&" "&AX$1,Results!$G:$I,3,FALSE),-VLOOKUP($C48&" "&AX$1,Results!$H:$I,2,FALSE)),"") | AY48: =IFERROR(IFERROR(VLOOKUP($C48&" "&AY$1,Results!$G:$I,3,FALSE),-VLOOKUP($C48&" "&AY$1,Results!$H:$I,2,FALSE)),"") | AZ48: =IFERROR(IFERROR(VLOOKUP($C48&" "&AZ$1,Results!$G:$I,3,FALSE),-VLOOKUP($C48&" "&AZ$1,Results!$H:$I,2,FALSE)),"") | ... BV48: =IFERROR(IFERROR(VLOOKUP($C48&" "&BV$1,Results!$G:$I,3,FALSE),-VLOOKUP($C48&" "&BV$1,Results!$H:$I,2,FALSE)),"") -> -87 | BW48: =SUM(V48:BT48) -> -199 | BX48: =COUNTIF(E48:J48,1) -> 0 | BY48: =COUNTIF(E48:I48,0) -> 4 | BZ48: =COUNT(E48:J48) -> 5 | CA48: =+BX48/BZ48 -> 0 | CC48: =SUM(V48:BU48) -> -18 | CE48: 40 | CF48: =A48 -> 0 | CG48: =+CE48-CF48 -> 40
B49: 46 | C49: Kitts Creek | E49: =IF(AND(BL49>0,$A49<VLOOKUP(BL$1,$C:$L,10,FALSE)),1,IF(AND(BL49<0,$A49>VLOOKUP(BL$1,$C:$L,10,FALSE)),1,0)) -> 0 | F49: =IF(AND(BO49>0,$A49<VLOOKUP(BO$1,$C:$L,10,FALSE)),1,IF(AND(BO49<0,$A49>VLOOKUP(BO$1,$C:$L,10,FALSE)),1,0)) -> 0 | G49: =IF(AND(BP49>0,$A49<VLOOKUP(BP$1,$C:$L,10,FALSE)),1,IF(AND(BP49<0,$A49>VLOOKUP(BP$1,$C:$L,10,FALSE)),1,0)) -> 0 | H49: =IF(AND(BQ49>0,$A49<VLOOKUP(BQ$1,$C:$L,10,FALSE)),1,IF(AND(BQ49<0,$A49>VLOOKUP(BQ$1,$C:$L,10,FALSE)),1,0)) -> 0 | I49: =IF(AND(BT49>0,$A49<VLOOKUP(BT$1,$C:$L,10,FALSE)),1,IF(AND(BT49<0,$A49>VLOOKUP(BT$1,$C:$L,10,FALSE)),1,0)) -> 0 | J49: BYE | K49: Updated | L49: =A49 -> 0 | M49: 12 | N49: =COUNTIF($V49:$BV49,">0") -> 4 | O49: =COUNTIF($V49:$BV49,"<0") -> 1 | P49: =COUNTIF($V49:$BV49,"=0") -> 0 | Q49: =COUNTIF($BQ49:$BS49,">0") -> 1 | R49: =COUNTIF($BQ49:$BS49,"<0") -> 0 | S49: =COUNTIF($BQ49:$BS49,"=0") -> 0 | T49: =COUNTIF(V49:BJ49,"NC") -> 0 | AS49: =IFERROR(IFERROR(VLOOKUP($C49&" "&AS$1,Results!$G:$I,3,FALSE),-VLOOKUP($C49&" "&AS$1,Results!$H:$I,2,FALSE)),"") | AT49: =IFERROR(IFERROR(VLOOKUP($C49&" "&AT$1,Results!$G:$I,3,FALSE),-VLOOKUP($C49&" "&AT$1,Results!$H:$I,2,FALSE)),"") | AU49: =IFERROR(IFERROR(VLOOKUP($C49&" "&AU$1,Results!$G:$I,3,FALSE),-VLOOKUP($C49&" "&AU$1,Results!$H:$I,2,FALSE)),"") | AV49: =IFERROR(IFERROR(VLOOKUP($C49&" "&AV$1,Results!$G:$I,3,FALSE),-VLOOKUP($C49&" "&AV$1,Results!$H:$I,2,FALSE)),"") | AW49: =IFERROR(IFERROR(VLOOKUP($C49&" "&AW$1,Results!$G:$I,3,FALSE),-VLOOKUP($C49&" "&AW$1,Results!$H:$I,2,FALSE)),"") | AX49: =IFERROR(IFERROR(VLOOKUP($C49&" "&AX$1,Results!$G:$I,3,FALSE),-VLOOKUP($C49&" "&AX$1,Results!$H:$I,2,FALSE)),"") | AY49: =IFERROR(IFERROR(VLOOKUP($C49&" "&AY$1,Results!$G:$I,3,FALSE),-VLOOKUP($C49&" "&AY$1,Results!$H:$I,2,FALSE)),"") | AZ49: =IFERROR(IFERROR(VLOOKUP($C49&" "&AZ$1,Results!$G:$I,3,FALSE),-VLOOKUP($C49&" "&AZ$1,Results!$H:$I,2,FALSE)),"") | ... BV49: =IFERROR(IFERROR(VLOOKUP($C49&" "&BV$1,Results!$G:$I,3,FALSE),-VLOOKUP($C49&" "&BV$1,Results!$H:$I,2,FALSE)),"") -> 6 | BW49: =SUM(V49:BT49) -> 104 | BX49: =COUNTIF(F49:J49,1) -> 0 | BY49: =COUNTIF(F49:H49,0) -> 3 | BZ49: =COUNT(E49:J49) -> 5 | CA49: =+BX49/BZ49 -> 0 | CC49: =SUM(V49:BU49) -> 321 | CE49: 42 | CF49: =A49 -> 0 | CG49: =+CE49-CF49 -> 42
B50: 47 | C50: TAC | E50: =IF(AND(BL50>0,$A50<VLOOKUP(BL$1,$C:$L,10,FALSE)),1,IF(AND(BL50<0,$A50>VLOOKUP(BL$1,$C:$L,10,FALSE)),1,0)) -> 0 | F50: =IF(AND(BM50>0,$A50<VLOOKUP(BM$1,$C:$L,10,FALSE)),1,IF(AND(BM50<0,$A50>VLOOKUP(BM$1,$C:$L,10,FALSE)),1,0)) -> 0 | G50: =IF(AND(BQ50>0,$A50<VLOOKUP(BQ$1,$C:$L,10,FALSE)),1,IF(AND(BQ50<0,$A50>VLOOKUP(BQ$1,$C:$L,10,FALSE)),1,0)) -> 0 | H50: BYE | I50: =IF(AND(BT50>0,$A50<VLOOKUP(BT$1,$C:$L,10,FALSE)),1,IF(AND(BT50<0,$A50>VLOOKUP(BT$1,$C:$L,10,FALSE)),1,0)) -> 0 | J50: =IF(AND(BU50>0,$A50<VLOOKUP(BU$1,$C:$L,10,FALSE)),1,IF(AND(BU50<0,$A50>VLOOKUP(BU$1,$C:$L,10,FALSE)),1,0)) -> 0 | K50: Updated | L50: =A50 -> 0 | M50: 12 | N50: =COUNTIF($V50:$BV50,">0") -> 0 | O50: =COUNTIF($V50:$BV50,"<0") -> 0 | P50: =COUNTIF($V50:$BV50,"=0") -> 0 | Q50: =COUNTIF($BQ50:$BS50,">0") -> 0 | R50: =COUNTIF($BQ50:$BS50,"<0") -> 0 | S50: =COUNTIF($BQ50:$BS50,"=0") -> 0 | T50: =COUNTIF(V50:BJ50,"NC") -> 0 | AS50: =IFERROR(IFERROR(VLOOKUP($C50&" "&AS$1,Results!$G:$I,3,FALSE),-VLOOKUP($C50&" "&AS$1,Results!$H:$I,2,FALSE)),"") | AT50: =IFERROR(IFERROR(VLOOKUP($C50&" "&AT$1,Results!$G:$I,3,FALSE),-VLOOKUP($C50&" "&AT$1,Results!$H:$I,2,FALSE)),"") | AU50: =IFERROR(IFERROR(VLOOKUP($C50&" "&AU$1,Results!$G:$I,3,FALSE),-VLOOKUP($C50&" "&AU$1,Results!$H:$I,2,FALSE)),"") | AV50: =IFERROR(IFERROR(VLOOKUP($C50&" "&AV$1,Results!$G:$I,3,FALSE),-VLOOKUP($C50&" "&AV$1,Results!$H:$I,2,FALSE)),"") | AW50: =IFERROR(IFERROR(VLOOKUP($C50&" "&AW$1,Results!$G:$I,3,FALSE),-VLOOKUP($C50&" "&AW$1,Results!$H:$I,2,FALSE)),"") | AX50: =IFERROR(IFERROR(VLOOKUP($C50&" "&AX$1,Results!$G:$I,3,FALSE),-VLOOKUP($C50&" "&AX$1,Results!$H:$I,2,FALSE)),"") | AY50: =IFERROR(IFERROR(VLOOKUP($C50&" "&AY$1,Results!$G:$I,3,FALSE),-VLOOKUP($C50&" "&AY$1,Results!$H:$I,2,FALSE)),"") | AZ50: =IFERROR(IFERROR(VLOOKUP($C50&" "&AZ$1,Results!$G:$I,3,FALSE),-VLOOKUP($C50&" "&AZ$1,Results!$H:$I,2,FALSE)),"") | ... BV50: =IFERROR(IFERROR(VLOOKUP($C50&" "&BV$1,Results!$G:$I,3,FALSE),-VLOOKUP($C50&" "&BV$1,Results!$H:$I,2,FALSE)),"") | BW50: =SUM(V50:BT50) -> 0 | BX50: =COUNTIF(E50:J50,1) -> 0 | BY50: =COUNTIF(E50:J50,0) -> 5 | BZ50: =COUNT(E50:J50) -> 5 | CA50: =+BX50/BZ50 -> 0 | CC50: =SUM(V50:BU50) -> 0 | CE50: 48 | CF50: =A50 -> 0 | CG50: =+CE50-CF50 -> 48
B51: 48 | C51: Wellington Park | E51: =IF(AND(BN51>0,$A51<VLOOKUP(BN$1,$C:$L,10,FALSE)),1,IF(AND(BN51<0,$A51>VLOOKUP(BN$1,$C:$L,10,FALSE)),1,0)) -> 0 | F51: =IF(AND(BO51>0,$A51<VLOOKUP(BO$1,$C:$L,10,FALSE)),1,IF(AND(BO51<0,$A51>VLOOKUP(BO$1,$C:$L,10,FALSE)),1,0)) -> 0 | G51: =IF(AND(BR51>0,$A51<VLOOKUP(BR$1,$C:$L,10,FALSE)),1,IF(AND(BR51<0,$A51>VLOOKUP(BR$1,$C:$L,10,FALSE)),1,0)) -> 0 | H51: =IF(AND(BS51>0,$A51<VLOOKUP(BS$1,$C:$L,10,FALSE)),1,IF(AND(BS51<0,$A51>VLOOKUP(BS$1,$C:$L,10,FALSE)),1,0)) -> 0 | I51: BYE | J51: =IF(AND(BU51>0,$A51<VLOOKUP(BU$1,$C:$L,10,FALSE)),1,IF(AND(BU51<0,$A51>VLOOKUP(BU$1,$C:$L,10,FALSE)),1,0)) -> 0 | K51: Updated | L51: =A51 -> 0 | M51: 13 | N51: =COUNTIF($V51:$BV51,">0") -> 1 | O51: =COUNTIF($V51:$BV51,"<0") -> 4 | P51: =COUNTIF($V51:$BV51,"=0") -> 0 | Q51: =COUNTIF($BT51:$BV51,">0") -> 1 | R51: =COUNTIF($BT51:$BV51,"<0") -> 1 | S51: =COUNTIF($BT51:$BV51,"=0") -> 0 | T51: =COUNTIF(V51:BJ51,"NC") -> 0 | AS51: =IFERROR(IFERROR(VLOOKUP($C51&" "&AS$1,Results!$G:$I,3,FALSE),-VLOOKUP($C51&" "&AS$1,Results!$H:$I,2,FALSE)),"") | AT51: =IFERROR(IFERROR(VLOOKUP($C51&" "&AT$1,Results!$G:$I,3,FALSE),-VLOOKUP($C51&" "&AT$1,Results!$H:$I,2,FALSE)),"") | AU51: =IFERROR(IFERROR(VLOOKUP($C51&" "&AU$1,Results!$G:$I,3,FALSE),-VLOOKUP($C51&" "&AU$1,Results!$H:$I,2,FALSE)),"") | AV51: =IFERROR(IFERROR(VLOOKUP($C51&" "&AV$1,Results!$G:$I,3,FALSE),-VLOOKUP($C51&" "&AV$1,Results!$H:$I,2,FALSE)),"") | AW51: =IFERROR(IFERROR(VLOOKUP($C51&" "&AW$1,Results!$G:$I,3,FALSE),-VLOOKUP($C51&" "&AW$1,Results!$H:$I,2,FALSE)),"") | AX51: =IFERROR(IFERROR(VLOOKUP($C51&" "&AX$1,Results!$G:$I,3,FALSE),-VLOOKUP($C51&" "&AX$1,Results!$H:$I,2,FALSE)),"") | AY51: =IFERROR(IFERROR(VLOOKUP($C51&" "&AY$1,Results!$G:$I,3,FALSE),-VLOOKUP($C51&" "&AY$1,Results!$H:$I,2,FALSE)),"") | AZ51: =IFERROR(IFERROR(VLOOKUP($C51&" "&AZ$1,Results!$G:$I,3,FALSE),-VLOOKUP($C51&" "&AZ$1,Results!$H:$I,2,FALSE)),"") | ... BV51: =IFERROR(IFERROR(VLOOKUP($C51&" "&BV$1,Results!$G:$I,3,FALSE),-VLOOKUP($C51&" "&BV$1,Results!$H:$I,2,FALSE)),"") -> -158 | BW51: =SUM(V51:BT51) -> -531 | BY51: =COUNTIF(E51:I51,0) -> 4 | BZ51: =COUNT(E51:J51) -> 5 | CA51: =+BX51/BZ51 -> 0 | CC51: =SUM(V51:BU51) -> -373 | CE51: 49 | CF51: =A51 -> 0 | CG51: =+CE51-CF51 -> 49
B52: 49 | C52: Renaissance Park | E52: =IF(AND(BO52>0,$A52<VLOOKUP(BO$1,$C:$L,10,FALSE)),1,IF(AND(BO52<0,$A52>VLOOKUP(BO$1,$C:$L,10,FALSE)),1,0)) -> 0 | F52: =IF(AND(BP52>0,$A52<VLOOKUP(BP$1,$C:$L,10,FALSE)),1,IF(AND(BP52<0,$A52>VLOOKUP(BP$1,$C:$L,10,FALSE)),1,0)) -> 0 | G52: =IF(AND(BQ52>0,$A52<VLOOKUP(BQ$1,$C:$L,10,FALSE)),1,IF(AND(BQ52<0,$A52>VLOOKUP(BQ$1,$C:$L,10,FALSE)),1,0)) -> 0 | H52: =IF(AND(BS52>0,$A52<VLOOKUP(BS$1,$C:$L,10,FALSE)),1,IF(AND(BS52<0,$A52>VLOOKUP(BS$1,$C:$L,10,FALSE)),1,0)) -> 0 | I52: =IF(AND(BT52>0,$A52<VLOOKUP(BT$1,$C:$L,10,FALSE)),1,IF(AND(BT52<0,$A52>VLOOKUP(BT$1,$C:$L,10,FALSE)),1,0)) -> 0 | J52: BYE | K52: Updated | L52: =A52 -> 0 | M52: 13 | N52: =COUNTIF($V52:$BV52,">0") -> 0 | O52: =COUNTIF($V52:$BV52,"<0") -> 5 | P52: =COUNTIF($V52:$BV52,"=0") -> 0 | Q52: =COUNTIF($BT52:$BV52,">0") -> 0 | R52: =COUNTIF($BT52:$BV52,"<0") -> 2 | S52: =COUNTIF($BT52:$BV52,"=0") -> 0 | T52: =COUNTIF(V52:BJ52,"NC") -> 0 | AS52: =IFERROR(IFERROR(VLOOKUP($C52&" "&AS$1,Results!$G:$I,3,FALSE),-VLOOKUP($C52&" "&AS$1,Results!$H:$I,2,FALSE)),"") | AT52: =IFERROR(IFERROR(VLOOKUP($C52&" "&AT$1,Results!$G:$I,3,FALSE),-VLOOKUP($C52&" "&AT$1,Results!$H:$I,2,FALSE)),"") | AU52: =IFERROR(IFERROR(VLOOKUP($C52&" "&AU$1,Results!$G:$I,3,FALSE),-VLOOKUP($C52&" "&AU$1,Results!$H:$I,2,FALSE)),"") | AV52: =IFERROR(IFERROR(VLOOKUP($C52&" "&AV$1,Results!$G:$I,3,FALSE),-VLOOKUP($C52&" "&AV$1,Results!$H:$I,2,FALSE)),"") | AW52: =IFERROR(IFERROR(VLOOKUP($C52&" "&AW$1,Results!$G:$I,3,FALSE),-VLOOKUP($C52&" "&AW$1,Results!$H:$I,2,FALSE)),"") | AX52: =IFERROR(IFERROR(VLOOKUP($C52&" "&AX$1,Results!$G:$I,3,FALSE),-VLOOKUP($C52&" "&AX$1,Results!$H:$I,2,FALSE)),"") | AY52: =IFERROR(IFERROR(VLOOKUP($C52&" "&AY$1,Results!$G:$I,3,FALSE),-VLOOKUP($C52&" "&AY$1,Results!$H:$I,2,FALSE)),"") | AZ52: =IFERROR(IFERROR(VLOOKUP($C52&" "&AZ$1,Results!$G:$I,3,FALSE),-VLOOKUP($C52&" "&AZ$1,Results!$H:$I,2,FALSE)),"") | ... BV52: =IFERROR(IFERROR(VLOOKUP($C52&" "&BV$1,Results!$G:$I,3,FALSE),-VLOOKUP($C52&" "&BV$1,Results!$H:$I,2,FALSE)),"") -> -327 | BW52: =SUM(V52:BT52) -> -787 | BY52: =COUNTIF(E52:H52,0) -> 4 | BZ52: =COUNT(E52:J52) -> 5 | CA52: =+BX52/BZ52 -> 0 | CC52: =SUM(V52:BU52) -> -787 | CE52: 45 | CF52: =A52 -> 0 | CG52: =+CE52-CF52 -> 45
B53: 50 | C53: Holly Glen | E53: =IF(AND(BO53>0,$A53<VLOOKUP(BO$1,$C:$L,10,FALSE)),1,IF(AND(BO53<0,$A53>VLOOKUP(BO$1,$C:$L,10,FALSE)),1,0)) -> 0 | F53: =IF(AND(BP53>0,$A53<VLOOKUP(BP$1,$C:$L,10,FALSE)),1,IF(AND(BP53<0,$A53>VLOOKUP(BP$1,$C:$L,10,FALSE)),1,0)) -> 0 | G53: =IF(AND(BQ53>0,$A53<VLOOKUP(BQ$1,$C:$L,10,FALSE)),1,IF(AND(BQ53<0,$A53>VLOOKUP(BQ$1,$C:$L,10,FALSE)),1,0)) -> 0 | H53: =IF(AND(BS53>0,$A53<VLOOKUP(BS$1,$C:$L,10,FALSE)),1,IF(AND(BS53<0,$A53>VLOOKUP(BS$1,$C:$L,10,FALSE)),1,0)) -> 0 | I53: =IF(AND(BT53>0,$A53<VLOOKUP(BT$1,$C:$L,10,FALSE)),1,IF(AND(BT53<0,$A53>VLOOKUP(BT$1,$C:$L,10,FALSE)),1,0)) -> 0 | J53: BYE | K53: Updated | L53: =A53 -> 0 | M53: 13 | N53: =COUNTIF($V53:$BV53,">0") -> 3 | O53: =COUNTIF($V53:$BV53,"<0") -> 2 | P53: =COUNTIF($V53:$BV53,"=0") -> 0 | Q53: =COUNTIF($BT53:$BV53,">0") -> 2 | R53: =COUNTIF($BT53:$BV53,"<0") -> 0 | S53: =COUNTIF($BT53:$BV53,"=0") -> 0 | T53: =COUNTIF(V53:BJ53,"NC") -> 0 | AS53: =IFERROR(IFERROR(VLOOKUP($C53&" "&AS$1,Results!$G:$I,3,FALSE),-VLOOKUP($C53&" "&AS$1,Results!$H:$I,2,FALSE)),"") | AT53: =IFERROR(IFERROR(VLOOKUP($C53&" "&AT$1,Results!$G:$I,3,FALSE),-VLOOKUP($C53&" "&AT$1,Results!$H:$I,2,FALSE)),"") | AU53: =IFERROR(IFERROR(VLOOKUP($C53&" "&AU$1,Results!$G:$I,3,FALSE),-VLOOKUP($C53&" "&AU$1,Results!$H:$I,2,FALSE)),"") | AV53: =IFERROR(IFERROR(VLOOKUP($C53&" "&AV$1,Results!$G:$I,3,FALSE),-VLOOKUP($C53&" "&AV$1,Results!$H:$I,2,FALSE)),"") | AW53: =IFERROR(IFERROR(VLOOKUP($C53&" "&AW$1,Results!$G:$I,3,FALSE),-VLOOKUP($C53&" "&AW$1,Results!$H:$I,2,FALSE)),"") | AX53: =IFERROR(IFERROR(VLOOKUP($C53&" "&AX$1,Results!$G:$I,3,FALSE),-VLOOKUP($C53&" "&AX$1,Results!$H:$I,2,FALSE)),"") | AY53: =IFERROR(IFERROR(VLOOKUP($C53&" "&AY$1,Results!$G:$I,3,FALSE),-VLOOKUP($C53&" "&AY$1,Results!$H:$I,2,FALSE)),"") | AZ53: =IFERROR(IFERROR(VLOOKUP($C53&" "&AZ$1,Results!$G:$I,3,FALSE),-VLOOKUP($C53&" "&AZ$1,Results!$H:$I,2,FALSE)),"") | ... BV53: =IFERROR(IFERROR(VLOOKUP($C53&" "&BV$1,Results!$G:$I,3,FALSE),-VLOOKUP($C53&" "&BV$1,Results!$H:$I,2,FALSE)),"") | BW53: =SUM(V53:BT53) -> 115 | BY53: =COUNTIF(E53:H53,0) -> 4 | BZ53: =COUNT(E53:J53) -> 5 | CA53: =+BX53/BZ53 -> 0 | CC53: =SUM(V53:BU53) -> 442 | CE53: 45 | CF53: =A53 -> 0 | CG53: =+CE53-CF53 -> 45
BX54: =SUM(BX4:BX52) -> 0 | BY54: =SUM(BY4:BY52) -> 235 | BZ54: =SUM(BZ4:BZ52) -> 281 | CA54: =COUNTIF(CA4:CA52,1) -> 0
BX55: =+BX54/BZ54 -> 0 | CA55: =COUNT(CA4:CA52) -> 49
CA56: =+CA54/CA55 -> 0
BX57: NOT Adjusted for Forfeits or ties
BX59: =BX54+North!BL43 -> 0 | BZ59: =BZ54+North!BN43 -> 433
BX60: =BX59/BZ59 -> 0

Sheet North
A1: =BL44 -> 0 | C1: =SUM(V4:BJ41)+SUM(South!V4:BU52) -> 0 | N1: 6 | O1: RECORDS | V1: Apex | W1: Shepherds Vineyard | X1: Cary Park | Y1: University Club | Z1: Seven Oaks | AA1: Meredith Townes | AB1: Granite Falls | AC1: Greystone | AD1: Greenway Club | AE1: Northbrook | AF1: North Hills | AG1: Brier Creek Country Club | AH1: Bedford at Falls River | AI1: Springdale | AJ1: Harrington Grove | AK1: Wood Valley | AL1: Quail Hollow | AM1: Manchester | AN1: Stonebridge | AO1: Lake Park | AP1: North Raleigh | AQ1: Riverwood | AR1: Black Horse Run | AS1: Heritage of Wake Forest | AT1: Hedingham | AU1: Summerfield North | AV1: Durant Trails | AW1: Coachman's Trail | AX1: Hasentree | AY1: Lakemont | AZ1: Banbury Woods & Hunters Landing | BA1: Hawthorne | BB1: Crabtree | BC1: Oak Park | BD1: Wendell | BE1: Jewish Community Center | BF1: Southall | BG1: Planter's Walk | BH1: Life Time Athletic Raleigh | BI1: Zebulon | BJ1: Raleigh Racquet Club
A2: 2020 | B2: 2019 | E2: Rank Justified by HTH result | L2: 2020 | O2: Overall | R2: Division | V2: S1 | W2: S1 | X2: S1 | Y2: 1 | Z2: 1 | AA2: 1 | AB2: 1 | AC2: 2 | AD2: 2 | AE2: 2 | AF2: 2 | AG2: 3 | AH2: 3 | AI2: 3 | AJ2: 3 | AK2: 4 | AL2: 4 | AM2: 4 | AN2: 4 | AO2: 5 | AP2: 5 | AQ2: 5 | AR2: 5 | AS2: 6 | AT2: 6 | AU2: 6 | AV2: 6 | AW2: 7 | AX2: 7 | AY2: 7 | AZ2: 7 | BA2: 8 | BB2: 8 | BC2: 8 | BD2: 8 | BE2: 9 | BF2: 9 | BG2: 9 | BH2: 10 | BI2: 10 | BJ2: 10 | BL2: HTH | BM2: HTH | BN2: HTH
A3: Rank | B3: Rank | E3: Up 3 | F3: Up 2 | G3: Up 1 | H3: Dn 1 | I3: Dn 2 | J3: Dn 3 | L3: Rank | N3: Div | O3: W | P3: L | Q3: T | R3: W | S3: L | T3: T | U3: NC | BL3: Yes | BM3: No | BN3: Poss | BO3: Percent | BT3: MS | BU3: Comm | BV3: Diff
B4: 1 | C4: University Club | H4: =IF(AND(Z4>0,$A4<VLOOKUP(Z$1,$C:$L,10,FALSE)),1,IF(AND(Z4<0,$A4>VLOOKUP(Z$1,$C:$L,10,FALSE)),1,0)) -> 0 | I4: =IF(AND(AA4>0,$A4<VLOOKUP(AA$1,$C:$L,10,FALSE)),1,IF(AND(AA4<0,$A4>VLOOKUP(AA$1,$C:$L,10,FALSE)),1,0)) -> 0 | J4: =IF(AND(AB4>0,$A4<VLOOKUP(AB$1,$C:$L,10,FALSE)),1,IF(AND(AB4<0,$A4>VLOOKUP(AB$1,$C:$L,10,FALSE)),1,0)) -> 0 | K4: Updated | L4: =A4 -> 0 | N4: 1 | O4: =COUNTIF($V4:$BI4,">0") -> 4 | P4: =COUNTIF($V4:$BI4,"<0") -> 2 | Q4: =COUNTIF($V4:$BI4,"=0") -> 0 | R4: =COUNTIF($Y4:$AB4,">0") -> 1 | S4: =COUNTIF($Y4:$AB4,"<0") -> 2 | T4: =COUNTIF($Y4:$AB4,"=0") -> 0 | U4: =COUNTIF(V4:BI4,"NC") -> 0 | V4: =IFERROR(IFERROR(VLOOKUP($C4&" "&V$1,Results!$G:$I,3,FALSE),-VLOOKUP($C4&" "&V$1,Results!$H:$I,2,FALSE)),"") -> 38 | W4: =IFERROR(IFERROR(VLOOKUP($C4&" "&W$1,Results!$G:$I,3,FALSE),-VLOOKUP($C4&" "&W$1,Results!$H:$I,2,FALSE)),"") -> 200 | X4: =IFERROR(IFERROR(VLOOKUP($C4&" "&X$1,Results!$G:$I,3,FALSE),-VLOOKUP($C4&" "&X$1,Results!$H:$I,2,FALSE)),"") -> 109 | Y4: =IFERROR(IFERROR(VLOOKUP($C4&" "&Y$1,Results!$G:$I,3,FALSE),-VLOOKUP($C4&" "&Y$1,Results!$H:$I,2,FALSE)),"") | Z4: =IFERROR(IFERROR(VLOOKUP($C4&" "&Z$1,Results!$G:$I,3,FALSE),-VLOOKUP($C4&" "&Z$1,Results!$H:$I,2,FALSE)),"") -> -67 | AA4: =IFERROR(IFERROR(VLOOKUP($C4&" "&AA$1,Results!$G:$I,3,FALSE),-VLOOKUP($C4&" "&AA$1,Results!$H:$I,2,FALSE)),"") -> 195 | AB4: =IFERROR(IFERROR(VLOOKUP($C4&" "&AB$1,Results!$G:$I,3,FALSE),-VLOOKUP($C4&" "&AB$1,Results!$H:$I,2,FALSE)),"") -> -5 | AC4: =IFERROR(IFERROR(VLOOKUP($C4&" "&AC$1,Results!$G:$I,3,FALSE),-VLOOKUP($C4&" "&AC$1,Results!$H:$I,2,FALSE)),"") | ... AQ4: =IFERROR(IFERROR(VLOOKUP($C4&" "&AQ$1,Results!$G:$I,3,FALSE),-VLOOKUP($C4&" "&AQ$1,Results!$H:$I,2,FALSE)),"") | AR4: =IFERROR(IFERROR(VLOOKUP($C4&" "&AR$1,Results!$G:$I,3,FALSE),-VLOOKUP($C4&" "&AR$1,Results!$G:$I,2,FALSE)),"") | BK4: =SUM(V4:BI4) -> 470 | BL4: =COUNTIF(E4:J4,1) -> 0 | BM4: =COUNTIF(E4:J4,0) -> 3 | BN4: =COUNT(E4:J4) -> 3 | BO4: =+BL4/BN4 -> 0 | BR4: =SUM(V4:BJ4) -> 470 | BT4: 2 | BU4: =A4 -> 0 | BV4: =+BT4-BU4 -> 2
B5: 2 | C5: Seven Oaks | G5: =IF(AND(Y5>0,$A5<VLOOKUP(Y$1,$C:$L,10,FALSE)),1,IF(AND(Y5<0,$A5>VLOOKUP(Y$1,$C:$L,10,FALSE)),1,0)) -> 0 | H5: =IF(AND(AA5>0,$A5<VLOOKUP(AA$1,$C:$L,10,FALSE)),1,IF(AND(AA5<0,$A5>VLOOKUP(AA$1,$C:$L,10,FALSE)),1,0)) -> 0 | I5: =IF(AND(AB5>0,$A5<VLOOKUP(AB$1,$C:$L,10,FALSE)),1,IF(AND(AB5<0,$A5>VLOOKUP(AB$1,$C:$L,10,FALSE)),1,0)) -> 0 | J5: =IF(AND(AC5>0,$A5<VLOOKUP(AC$1,$C:$L,10,FALSE)),1,IF(AND(AC5<0,$A5>VLOOKUP(AC$1,$C:$L,10,FALSE)),1,0)) -> 0 | K5: Updated | L5: =A5 -> 0 | N5: 1 | O5: =COUNTIF($V5:$BI5,">0") -> 5 | P5: =COUNTIF($V5:$BI5,"<0") -> 1 | Q5: =COUNTIF($V5:$BI5,"=0") -> 0 | R5: =COUNTIF($Y5:$AB5,">0") -> 2 | S5: =COUNTIF($Y5:$AB5,"<0") -> 1 | T5: =COUNTIF($Y5:$AB5,"=0") -> 0 | U5: =COUNTIF(V5:BI5,"NC") -> 0 | V5: =IFERROR(IFERROR(VLOOKUP($C5&" "&V$1,Results!$G:$I,3,FALSE),-VLOOKUP($C5&" "&V$1,Results!$H:$I,2,FALSE)),"") -> 100 | W5: =IFERROR(IFERROR(VLOOKUP($C5&" "&W$1,Results!$G:$I,3,FALSE),-VLOOKUP($C5&" "&W$1,Results!$H:$I,2,FALSE)),"") -> 124 | X5: =IFERROR(IFERROR(VLOOKUP($C5&" "&X$1,Results!$G:$I,3,FALSE),-VLOOKUP($C5&" "&X$1,Results!$H:$I,2,FALSE)),"") | Y5: =IFERROR(IFERROR(VLOOKUP($C5&" "&Y$1,Results!$G:$I,3,FALSE),-VLOOKUP($C5&" "&Y$1,Results!$H:$I,2,FALSE)),"") -> 67 | Z5: =IFERROR(IFERROR(VLOOKUP($C5&" "&Z$1,Results!$G:$I,3,FALSE),-VLOOKUP($C5&" "&Z$1,Results!$H:$I,2,FALSE)),"") | AA5: =IFERROR(IFERROR(VLOOKUP($C5&" "&AA$1,Results!$G:$I,3,FALSE),-VLOOKUP($C5&" "&AA$1,Results!$H:$I,2,FALSE)),"") -> 107 | AB5: =IFERROR(IFERROR(VLOOKUP($C5&" "&AB$1,Results!$G:$I,3,FALSE),-VLOOKUP($C5&" "&AB$1,Results!$H:$I,2,FALSE)),"") -> -48 | AC5: =IFERROR(IFERROR(VLOOKUP($C5&" "&AC$1,Results!$G:$I,3,FALSE),-VLOOKUP($C5&" "&AC$1,Results!$H:$I,2,FALSE)),"") -> 140 | ... AQ5: =IFERROR(IFERROR(VLOOKUP($C5&" "&AQ$1,Results!$G:$I,3,FALSE),-VLOOKUP($C5&" "&AQ$1,Results!$H:$I,2,FALSE)),"") | BK5: =SUM(V5:BI5) -> 490 | BL5: =COUNTIF(E5:J5,1) -> 0 | BM5: =COUNTIF(E5:J5,0) -> 4 | BN5: =COUNT(E5:J5) -> 4 | BO5: =+BL5/BN5 -> 0 | BR5: =SUM(V5:BJ5) -> 490 | BT5: 1 | BU5: =A5 -> 0 | BV5: =+BT5-BU5 -> 1
B6: 3 | C6: Meredith Townes | F6: =IF(AND(Y6>0,$A6<VLOOKUP(Y$1,$C:$L,10,FALSE)),1,IF(AND(Y6<0,$A6>VLOOKUP(Y$1,$C:$L,10,FALSE)),1,0)) -> 0 | G6: =IF(AND(Z6>0,$A6<VLOOKUP(Z$1,$C:$L,10,FALSE)),1,IF(AND(Z6<0,$A6>VLOOKUP(Z$1,$C:$L,10,FALSE)),1,0)) -> 0 | H6: =IF(AND(AB6>0,$A6<VLOOKUP(AB$1,$C:$L,10,FALSE)),1,IF(AND(AB6<0,$A6>VLOOKUP(AB$1,$C:$L,10,FALSE)),1,0)) -> 0 | I6: =IF(AND(AC6>0,$A6<VLOOKUP(AC$1,$C:$L,10,FALSE)),1,IF(AND(AC6<0,$A6>VLOOKUP(AC$1,$C:$L,10,FALSE)),1,0)) -> 0 | J6: =IF(AND(AD6>0,$A6<VLOOKUP(AD$1,$C:$L,10,FALSE)),1,IF(AND(AD6<0,$A6>VLOOKUP(AD$1,$C:$L,10,FALSE)),1,0)) -> 0 | K6: Updated | L6: =A6 -> 0 | N6: 1 | O6: =COUNTIF($V6:$BI6,">0") -> 2 | P6: =COUNTIF($V6:$BI6,"<0") -> 4 | Q6: =COUNTIF($V6:$BI6,"=0") -> 0 | R6: =COUNTIF($Y6:$AB6,">0") -> 0 | S6: =COUNTIF($Y6:$AB6,"<0") -> 3 | T6: =COUNTIF($Y6:$AB6,"=0") -> 0 | U6: =COUNTIF(V6:BI6,"NC") -> 0 | V6: =IFERROR(IFERROR(VLOOKUP($C6&" "&V$1,Results!$G:$I,3,FALSE),-VLOOKUP($C6&" "&V$1,Results!$H:$I,2,FALSE)),"") -> -58 | W6: =IFERROR(IFERROR(VLOOKUP($C6&" "&W$1,Results!$G:$I,3,FALSE),-VLOOKUP($C6&" "&W$1,Results!$H:$I,2,FALSE)),"") | X6: =IFERROR(IFERROR(VLOOKUP($C6&" "&X$1,Results!$G:$I,3,FALSE),-VLOOKUP($C6&" "&X$1,Results!$H:$I,2,FALSE)),"") | Y6: =IFERROR(IFERROR(VLOOKUP($C6&" "&Y$1,Results!$G:$I,3,FALSE),-VLOOKUP($C6&" "&Y$1,Results!$H:$I,2,FALSE)),"") -> -195 | Z6: =IFERROR(IFERROR(VLOOKUP($C6&" "&Z$1,Results!$G:$I,3,FALSE),-VLOOKUP($C6&" "&Z$1,Results!$H:$I,2,FALSE)),"") -> -107 | AA6: =IFERROR(IFERROR(VLOOKUP($C6&" "&AA$1,Results!$G:$I,3,FALSE),-VLOOKUP($C6&" "&AA$1,Results!$H:$I,2,FALSE)),"") | AB6: =IFERROR(IFERROR(VLOOKUP($C6&" "&AB$1,Results!$G:$I,3,FALSE),-VLOOKUP($C6&" "&AB$1,Results!$H:$I,2,FALSE)),"") -> -161 | AC6: =IFERROR(IFERROR(VLOOKUP($C6&" "&AC$1,Results!$G:$I,3,FALSE),-VLOOKUP($C6&" "&AC$1,Results!$H:$I,2,FALSE)),"") -> 74 | ... AQ6: =IFERROR(IFERROR(VLOOKUP($C6&" "&AQ$1,Results!$G:$I,3,FALSE),-VLOOKUP($C6&" "&AQ$1,Results!$H:$I,2,FALSE)),"") | BK6: =SUM(V6:BI6) -> -421 | BL6: =COUNTIF(G6:J6,1) -> 0 | BM6: =COUNTIF(G6:J6,0) -> 4 | BN6: =COUNT(G6:J6) -> 4 | BO6: =+BL6/BN6 -> 0 | BR6: =SUM(V6:BJ6) -> -421 | BT6: 8 | BU6: =A6 -> 0 | BV6: =+BT6-BU6 -> 8
B7: 4 | C7: Granite Falls | E7: =IF(AND(Y7>0,$A7<VLOOKUP(Y$1,$C:$L,10,FALSE)),1,IF(AND(Y7<0,$A7>VLOOKUP(Y$1,$C:$L,10,FALSE)),1,0)) -> 0 | F7: =IF(AND(Z7>0,$A7<VLOOKUP(Z$1,$C:$L,10,FALSE)),1,IF(AND(Z7<0,$A7>VLOOKUP(Z$1,$C:$L,10,FALSE)),1,0)) -> 0 | G7: =IF(AND(AA7>0,$A7<VLOOKUP(AA$1,$C:$L,10,FALSE)),1,IF(AND(AA7<0,$A7>VLOOKUP(AA$1,$C:$L,10,FALSE)),1,0)) -> 0 | H7: =IF(AND(AC7>0,$A7<VLOOKUP(AC$1,$C:$L,10,FALSE)),1,IF(AND(AC7<0,$A7>VLOOKUP(AC$1,$C:$L,10,FALSE)),1,0)) -> 0 | I7: =IF(AND(AD7>0,$A7<VLOOKUP(AD$1,$C:$L,10,FALSE)),1,IF(AND(AD7<0,$A7>VLOOKUP(AD$1,$C:$L,10,FALSE)),1,0)) -> 0 | J7: =IF(AND(AE7>0,$A7<VLOOKUP(AE$1,$C:$L,10,FALSE)),1,IF(AND(AE7<0,$A7>VLOOKUP(AE$1,$C:$L,10,FALSE)),1,0)) -> 0 | K7: Updated | L7: =A7 -> 0 | N7: 1 | O7: =COUNTIF($V7:$BI7,">0") -> 6 | P7: =COUNTIF($V7:$BI7,"<0") -> 0 | Q7: =COUNTIF($V7:$BI7,"=0") -> 0 | R7: =COUNTIF($Y7:$AB7,">0") -> 3 | S7: =COUNTIF($Y7:$AB7,"<0") -> 0 | T7: =COUNTIF($Y7:$AB7,"=0") -> 0 | U7: =COUNTIF(V7:BI7,"NC") -> 0 | V7: =IFERROR(IFERROR(VLOOKUP($C7&" "&V$1,Results!$G:$I,3,FALSE),-VLOOKUP($C7&" "&V$1,Results!$H:$I,2,FALSE)),"") | W7: =IFERROR(IFERROR(VLOOKUP($C7&" "&W$1,Results!$G:$I,3,FALSE),-VLOOKUP($C7&" "&W$1,Results!$H:$I,2,FALSE)),"") | X7: =IFERROR(IFERROR(VLOOKUP($C7&" "&X$1,Results!$G:$I,3,FALSE),-VLOOKUP($C7&" "&X$1,Results!$H:$I,2,FALSE)),"") | Y7: =IFERROR(IFERROR(VLOOKUP($C7&" "&Y$1,Results!$G:$I,3,FALSE),-VLOOKUP($C7&" "&Y$1,Results!$H:$I,2,FALSE)),"") -> 5 | Z7: =IFERROR(IFERROR(VLOOKUP($C7&" "&Z$1,Results!$G:$I,3,FALSE),-VLOOKUP($C7&" "&Z$1,Results!$H:$I,2,FALSE)),"") -> 48 | AA7: =IFERROR(IFERROR(VLOOKUP($C7&" "&AA$1,Results!$G:$I,3,FALSE),-VLOOKUP($C7&" "&AA$1,Results!$H:$I,2,FALSE)),"") -> 161 | AB7: =IFERROR(IFERROR(VLOOKUP($C7&" "&AB$1,Results!$G:$I,3,FALSE),-VLOOKUP($C7&" "&AB$1,Results!$H:$I,2,FALSE)),"") | AC7: =IFERROR(IFERROR(VLOOKUP($C7&" "&AC$1,Results!$G:$I,3,FALSE),-VLOOKUP($C7&" "&AC$1,Results!$H:$I,2,FALSE)),"") -> 204 | ... AQ7: =IFERROR(IFERROR(VLOOKUP($C7&" "&AQ$1,Results!$G:$I,3,FALSE),-VLOOKUP($C7&" "&AQ$1,Results!$H:$I,2,FALSE)),"") | BK7: =SUM(V7:BI7) -> 848 | BL7: =COUNTIF(E7:J7,1) -> 0 | BM7: =COUNTIF(E7:J7,0) -> 6 | BN7: =COUNT(E7:J7) -> 6 | BO7: =+BL7/BN7 -> 0 | BR7: =SUM(V7:BJ7) -> 848 | BT7: 3 | BU7: =A7 -> 0 | BV7: =+BT7-BU7 -> 3
B8: 5 | C8: Greystone | E8: =IF(AND(Z8>0,$A8<VLOOKUP(Z$1,$C:$L,10,FALSE)),1,IF(AND(Z8<0,$A8>VLOOKUP(Z$1,$C:$L,10,FALSE)),1,0)) -> 0 | F8: =IF(AND(AA8>0,$A8<VLOOKUP(AA$1,$C:$L,10,FALSE)),1,IF(AND(AA8<0,$A8>VLOOKUP(AA$1,$C:$L,10,FALSE)),1,0)) -> 0 | G8: =IF(AND(AB8>0,$A8<VLOOKUP(AB$1,$C:$L,10,FALSE)),1,IF(AND(AB8<0,$A8>VLOOKUP(AB$1,$C:$L,10,FALSE)),1,0)) -> 0 | H8: =IF(AND(AD8>0,$A8<VLOOKUP(AD$1,$C:$L,10,FALSE)),1,IF(AND(AD8<0,$A8>VLOOKUP(AD$1,$C:$L,10,FALSE)),1,0)) -> 0 | I8: =IF(AND(AE8>0,$A8<VLOOKUP(AE$1,$C:$L,10,FALSE)),1,IF(AND(AE8<0,$A8>VLOOKUP(AE$1,$C:$L,10,FALSE)),1,0)) -> 0 | J8: =IF(AND(AF8>0,$A8<VLOOKUP(AF$1,$C:$L,10,FALSE)),1,IF(AND(AF8<0,$A8>VLOOKUP(AF$1,$C:$L,10,FALSE)),1,0)) -> 0 | K8: Updated | L8: =A8 -> 0 | N8: 2 | O8: =COUNTIF($V8:$BI8,">0") -> 2 | P8: =COUNTIF($V8:$BI8,"<0") -> 4 | Q8: =COUNTIF($V8:$BI8,"=0") -> 0 | R8: =COUNTIF($AC8:$AF8,">0") -> 2 | S8: =COUNTIF($AC8:$AF8,"<0") -> 1 | T8: =COUNTIF($AC8:$AF8,"=0") -> 0 | U8: =COUNTIF(V8:BI8,"NC") -> 0 | V8: =IFERROR(IFERROR(VLOOKUP($C8&" "&V$1,Results!$G:$I,3,FALSE),-VLOOKUP($C8&" "&V$1,Results!$H:$I,2,FALSE)),"") | W8: =IFERROR(IFERROR(VLOOKUP($C8&" "&W$1,Results!$G:$I,3,FALSE),-VLOOKUP($C8&" "&W$1,Results!$H:$I,2,FALSE)),"") | X8: =IFERROR(IFERROR(VLOOKUP($C8&" "&X$1,Results!$G:$I,3,FALSE),-VLOOKUP($C8&" "&X$1,Results!$H:$I,2,FALSE)),"") | Y8: =IFERROR(IFERROR(VLOOKUP($C8&" "&Y$1,Results!$G:$I,3,FALSE),-VLOOKUP($C8&" "&Y$1,Results!$H:$I,2,FALSE)),"") | Z8: =IFERROR(IFERROR(VLOOKUP($C8&" "&Z$1,Results!$G:$I,3,FALSE),-VLOOKUP($C8&" "&Z$1,Results!$H:$I,2,FALSE)),"") -> -140 | AA8: =IFERROR(IFERROR(VLOOKUP($C8&" "&AA$1,Results!$G:$I,3,FALSE),-VLOOKUP($C8&" "&AA$1,Results!$H:$I,2,FALSE)),"") -> -74 | AB8: =IFERROR(IFERROR(VLOOKUP($C8&" "&AB$1,Results!$G:$I,3,FALSE),-VLOOKUP($C8&" "&AB$1,Results!$H:$I,2,FALSE)),"") -> -204 | AC8: =IFERROR(IFERROR(VLOOKUP($C8&" "&AC$1,Results!$G:$I,3,FALSE),-VLOOKUP($C8&" "&AC$1,Results!$H:$I,2,FALSE)),"") | ... AQ8: =IFERROR(IFERROR(VLOOKUP($C8&" "&AQ$1,Results!$G:$I,3,FALSE),-VLOOKUP($C8&" "&AQ$1,Results!$H:$I,2,FALSE)),"") | BK8: =SUM(V8:BI8) -> -278 | BL8: =COUNTIF(E8:J8,1) -> 0 | BM8: =COUNTIF(E8:J8,0) -> 6 | BN8: =COUNT(E8:J8) -> 6 | BO8: =+BL8/BN8 -> 0 | BR8: =SUM(V8:BJ8) -> -278 | BT8: 5 | BU8: =A8 -> 0 | BV8: =+BT8-BU8 -> 5
B9: 6 | C9: Greenway Club | E9: =IF(AND(AA9>0,$A9<VLOOKUP(AA$1,$C:$L,10,FALSE)),1,IF(AND(AA9<0,$A9>VLOOKUP(AA$1,$C:$L,10,FALSE)),1,0)) -> 0 | F9: =IF(AND(AB9>0,$A9<VLOOKUP(AB$1,$C:$L,10,FALSE)),1,IF(AND(AB9<0,$A9>VLOOKUP(AB$1,$C:$L,10,FALSE)),1,0)) -> 0 | G9: =IF(AND(AC9>0,$A9<VLOOKUP(AC$1,$C:$L,10,FALSE)),1,IF(AND(AC9<0,$A9>VLOOKUP(AC$1,$C:$L,10,FALSE)),1,0)) -> 0 | H9: =IF(AND(AE9>0,$A9<VLOOKUP(AE$1,$C:$L,10,FALSE)),1,IF(AND(AE9<0,$A9>VLOOKUP(AE$1,$C:$L,10,FALSE)),1,0)) -> 0 | I9: =IF(AND(AF9>0,$A9<VLOOKUP(AF$1,$C:$L,10,FALSE)),1,IF(AND(AF9<0,$A9>VLOOKUP(AF$1,$C:$L,10,FALSE)),1,0)) -> 0 | J9: =IF(AND(AG9>0,$A9<VLOOKUP(AG$1,$C:$L,10,FALSE)),1,IF(AND(AG9<0,$A9>VLOOKUP(AG$1,$C:$L,10,FALSE)),1,0)) -> 0 | K9: Updated | L9: =A9 -> 0 | N9: 2 | O9: =COUNTIF($V9:$BI9,">0") -> 1 | P9: =COUNTIF($V9:$BI9,"<0") -> 5 | Q9: =COUNTIF($V9:$BI9,"=0") -> 0 | R9: =COUNTIF($AC9:$AF9,">0") -> 1 | S9: =COUNTIF($AC9:$AF9,"<0") -> 2 | T9: =COUNTIF($AC9:$AF9,"=0") -> 0 | U9: =COUNTIF(V9:BI9,"NC") -> 0 | V9: =IFERROR(IFERROR(VLOOKUP($C9&" "&V$1,Results!$G:$I,3,FALSE),-VLOOKUP($C9&" "&V$1,Results!$H:$I,2,FALSE)),"") | W9: =IFERROR(IFERROR(VLOOKUP($C9&" "&W$1,Results!$G:$I,3,FALSE),-VLOOKUP($C9&" "&W$1,Results!$H:$I,2,FALSE)),"") | X9: =IFERROR(IFERROR(VLOOKUP($C9&" "&X$1,Results!$G:$I,3,FALSE),-VLOOKUP($C9&" "&X$1,Results!$H:$I,2,FALSE)),"") | Y9: =IFERROR(IFERROR(VLOOKUP($C9&" "&Y$1,Results!$G:$I,3,FALSE),-VLOOKUP($C9&" "&Y$1,Results!$H:$I,2,FALSE)),"") | Z9: =IFERROR(IFERROR(VLOOKUP($C9&" "&Z$1,Results!$G:$I,3,FALSE),-VLOOKUP($C9&" "&Z$1,Results!$H:$I,2,FALSE)),"") | AA9: =IFERROR(IFERROR(VLOOKUP($C9&" "&AA$1,Results!$G:$I,3,FALSE),-VLOOKUP($C9&" "&AA$1,Results!$H:$I,2,FALSE)),"") -> -26 | AB9: =IFERROR(IFERROR(VLOOKUP($C9&" "&AB$1,Results!$G:$I,3,FALSE),-VLOOKUP($C9&" "&AB$1,Results!$H:$I,2,FALSE)),"") -> -200 | AC9: =IFERROR(IFERROR(VLOOKUP($C9&" "&AC$1,Results!$G:$I,3,FALSE),-VLOOKUP($C9&" "&AC$1,Results!$H:$I,2,FALSE)),"") -> -39 | ... AQ9: =IFERROR(IFERROR(VLOOKUP($C9&" "&AQ$1,Results!$G:$I,3,FALSE),-VLOOKUP($C9&" "&AQ$1,Results!$H:$I,2,FALSE)),"") | BK9: =SUM(V9:BI9) -> -311 | BL9: =COUNTIF(E9:I9,1) -> 0 | BM9: =COUNTIF(E9:I9,0) -> 5 | BN9: =COUNT(E9:I9) -> 5 | BO9: =+BL9/BN9 -> 0 | BR9: =SUM(V9:BJ9) -> -311 | BT9: 12 | BU9: =A9 -> 0 | BV9: =+BT9-BU9 -> 12
B10: 7 | C10: Northbrook | E10: =IF(AND(AB10>0,$A10<VLOOKUP(AB$1,$C:$L,10,FALSE)),1,IF(AND(AB10<0,$A10>VLOOKUP(AB$1,$C:$L,10,FALSE)),1,0)) -> 0 | F10: =IF(AND(AC10>0,$A10<VLOOKUP(AC$1,$C:$L,10,FALSE)),1,IF(AND(AC10<0,$A10>VLOOKUP(AC$1,$C:$L,10,FALSE)),1,0)) -> 0 | G10: =IF(AND(AD10>0,$A10<VLOOKUP(AD$1,$C:$L,10,FALSE)),1,IF(AND(AD10<0,$A10>VLOOKUP(AD$1,$C:$L,10,FALSE)),1,0)) -> 0 | H10: =IF(AND(AF10>0,$A10<VLOOKUP(AF$1,$C:$L,10,FALSE)),1,IF(AND(AF10<0,$A10>VLOOKUP(AF$1,$C:$L,10,FALSE)),1,0)) -> 0 | I10: =IF(AND(AG10>0,$A10<VLOOKUP(AG$1,$C:$L,10,FALSE)),1,IF(AND(AG10<0,$A10>VLOOKUP(AG$1,$C:$L,10,FALSE)),1,0)) -> 0 | J10: =IF(AND(AH10>0,$A10<VLOOKUP(AH$1,$C:$L,10,FALSE)),1,IF(AND(AH10<0,$A10>VLOOKUP(AH$1,$C:$L,10,FALSE)),1,0)) -> 0 | K10: Updated | L10: =A10 -> 0 | N10: 2 | O10: =COUNTIF($V10:$BI10,">0") -> 1 | P10: =COUNTIF($V10:$BI10,"<0") -> 5 | Q10: =COUNTIF($V10:$BI10,"=0") -> 0 | R10: =COUNTIF($AC10:$AF10,">0") -> 0 | S10: =COUNTIF($AC10:$AF10,"<0") -> 3 | T10: =COUNTIF($AC10:$AF10,"=0") -> 0 | U10: =COUNTIF(V10:BI10,"NC") -> 0 | V10: =IFERROR(IFERROR(VLOOKUP($C10&" "&V$1,Results!$G:$I,3,FALSE),-VLOOKUP($C10&" "&V$1,Results!$H:$I,2,FALSE)),"") | W10: =IFERROR(IFERROR(VLOOKUP($C10&" "&W$1,Results!$G:$I,3,FALSE),-VLOOKUP($C10&" "&W$1,Results!$H:$I,2,FALSE)),"") | X10: =IFERROR(IFERROR(VLOOKUP($C10&" "&X$1,Results!$G:$I,3,FALSE),-VLOOKUP($C10&" "&X$1,Results!$H:$I,2,FALSE)),"") | Y10: =IFERROR(IFERROR(VLOOKUP($C10&" "&Y$1,Results!$G:$I,3,FALSE),-VLOOKUP($C10&" "&Y$1,Results!$H:$I,2,FALSE)),"") | Z10: =IFERROR(IFERROR(VLOOKUP($C10&" "&Z$1,Results!$G:$I,3,FALSE),-VLOOKUP($C10&" "&Z$1,Results!$H:$I,2,FALSE)),"") | AA10: =IFERROR(IFERROR(VLOOKUP($C10&" "&AA$1,Results!$G:$I,3,FALSE),-VLOOKUP($C10&" "&AA$1,Results!$H:$I,2,FALSE)),"") | AB10: =IFERROR(IFERROR(VLOOKUP($C10&" "&AB$1,Results!$G:$I,3,FALSE),-VLOOKUP($C10&" "&AB$1,Results!$H:$I,2,FALSE)),"") -> -230 | AC10: =IFERROR(IFERROR(VLOOKUP($C10&" "&AC$1,Results!$G:$I,3,FALSE),-VLOOKUP($C10&" "&AC$1,Results!$H:$I,2,FALSE)),"") -> -112 | ... AQ10: =IFERROR(IFERROR(VLOOKUP($C10&" "&AQ$1,Results!$G:$I,3,FALSE),-VLOOKUP($C10&" "&AQ$1,Results!$H:$I,2,FALSE)),"") | BK10: =SUM(V10:BI10) -> -426 | BL10: =COUNTIF(E10:I10,1) -> 0 | BM10: =COUNTIF(E10:I10,0) -> 5 | BN10: =COUNT(E10:I10) -> 5 | BO10: =+BL10/BN10 -> 0 | BR10: =SUM(V10:BJ10) -> -426 | BT10: 4 | BU10: =A10 -> 0 | BV10: =+BT10-BU10 -> 4
B11: 8 | C11: North Hills | E11: =IF(AND(AC11>0,$A11<VLOOKUP(AC$1,$C:$L,10,FALSE)),1,IF(AND(AC11<0,$A11>VLOOKUP(AC$1,$C:$L,10,FALSE)),1,0)) -> 0 | F11: =IF(AND(AD11>0,$A11<VLOOKUP(AD$1,$C:$L,10,FALSE)),1,IF(AND(AD11<0,$A11>VLOOKUP(AD$1,$C:$L,10,FALSE)),1,0)) -> 0 | G11: =IF(AND(AE11>0,$A11<VLOOKUP(AE$1,$C:$L,10,FALSE)),1,IF(AND(AE11<0,$A11>VLOOKUP(AE$1,$C:$L,10,FALSE)),1,0)) -> 0 | H11: =IF(AND(AG11>0,$A11<VLOOKUP(AG$1,$C:$L,10,FALSE)),1,IF(AND(AG11<0,$A11>VLOOKUP(AG$1,$C:$L,10,FALSE)),1,0)) -> 0 | I11: =IF(AND(AH11>0,$A11<VLOOKUP(AH$1,$C:$L,10,FALSE)),1,IF(AND(AH11<0,$A11>VLOOKUP(AH$1,$C:$L,10,FALSE)),1,0)) -> 0 | J11: =IF(AND(AI11>0,$A11<VLOOKUP(AI$1,$C:$L,10,FALSE)),1,IF(AND(AI11<0,$A11>VLOOKUP(AI$1,$C:$L,10,FALSE)),1,0)) -> 0 | K11: Updated | L11: =A11 -> 0 | N11: 2 | O11: =COUNTIF($V11:$BI11,">0") -> 6 | P11: =COUNTIF($V11:$BI11,"<0") -> 0 | Q11: =COUNTIF($V11:$BI11,"=0") -> 0 | R11: =COUNTIF($AC11:$AF11,">0") -> 3 | S11: =COUNTIF($AC11:$AF11,"<0") -> 0 | T11: =COUNTIF($AC11:$AF11,"=0") -> 0 | U11: =COUNTIF(V11:BI11,"NC") -> 0 | V11: =IFERROR(IFERROR(VLOOKUP($C11&" "&V$1,Results!$G:$I,3,FALSE),-VLOOKUP($C11&" "&V$1,Results!$H:$I,2,FALSE)),"") | W11: =IFERROR(IFERROR(VLOOKUP($C11&" "&W$1,Results!$G:$I,3,FALSE),-VLOOKUP($C11&" "&W$1,Results!$H:$I,2,FALSE)),"") | X11: =IFERROR(IFERROR(VLOOKUP($C11&" "&X$1,Results!$G:$I,3,FALSE),-VLOOKUP($C11&" "&X$1,Results!$H:$I,2,FALSE)),"") | Y11: =IFERROR(IFERROR(VLOOKUP($C11&" "&Y$1,Results!$G:$I,3,FALSE),-VLOOKUP($C11&" "&Y$1,Results!$H:$I,2,FALSE)),"") | Z11: =IFERROR(IFERROR(VLOOKUP($C11&" "&Z$1,Results!$G:$I,3,FALSE),-VLOOKUP($C11&" "&Z$1,Results!$H:$I,2,FALSE)),"") | AA11: =IFERROR(IFERROR(VLOOKUP($C11&" "&AA$1,Results!$G:$I,3,FALSE),-VLOOKUP($C11&" "&AA$1,Results!$H:$I,2,FALSE)),"") | AB11: =IFERROR(IFERROR(VLOOKUP($C11&" "&AB$1,Results!$G:$I,3,FALSE),-VLOOKUP($C11&" "&AB$1,Results!$H:$I,2,FALSE)),"") | AC11: =IFERROR(IFERROR(VLOOKUP($C11&" "&AC$1,Results!$G:$I,3,FALSE),-VLOOKUP($C11&" "&AC$1,Results!$H:$I,2,FALSE)),"") -> 11 | ... AQ11: =IFERROR(IFERROR(VLOOKUP($C11&" "&AQ$1,Results!$G:$I,3,FALSE),-VLOOKUP($C11&" "&AQ$1,Results!$H:$I,2,FALSE)),"") | BK11: =SUM(V11:BI11) -> 541 | BL11: =COUNTIF(E11:I11,1) -> 0 | BM11: =COUNTIF(E11:I11,0) -> 5 | BN11: =COUNT(E11:I11) -> 5 | BO11: =+BL11/BN11 -> 0 | BR11: =SUM(V11:BJ11) -> 541 | BT11: 10 | BU11: =A11 -> 0 | BV11: =+BT11-BU11 -> 10
B12: 9 | C12: Brier Creek Country Club | E12: =IF(AND(AD12>0,$A12<VLOOKUP(AD$1,$C:$L,10,FALSE)),1,IF(AND(AD12<0,$A12>VLOOKUP(AD$1,$C:$L,10,FALSE)),1,0)) -> 0 | F12: =IF(AND(AE12>0,$A12<VLOOKUP(AE$1,$C:$L,10,FALSE)),1,IF(AND(AE12<0,$A12>VLOOKUP(AE$1,$C:$L,10,FALSE)),1,0)) -> 0 | G12: =IF(AND(AF12>0,$A12<VLOOKUP(AF$1,$C:$L,10,FALSE)),1,IF(AND(AF12<0,$A12>VLOOKUP(AF$1,$C:$L,10,FALSE)),1,0)) -> 0 | H12: =IF(AND(AH12>0,$A12<VLOOKUP(AH$1,$C:$L,10,FALSE)),1,IF(AND(AH12<0,$A12>VLOOKUP(AH$1,$C:$L,10,FALSE)),1,0)) -> 0 | I12: =IF(AND(AI12>0,$A12<VLOOKUP(AI$1,$C:$L,10,FALSE)),1,IF(AND(AI12<0,$A12>VLOOKUP(AI$1,$C:$L,10,FALSE)),1,0)) -> 0 | J12: =IF(AND(AJ12>0,$A12<VLOOKUP(AJ$1,$C:$L,10,FALSE)),1,IF(AND(AJ12<0,$A12>VLOOKUP(AJ$1,$C:$L,10,FALSE)),1,0)) -> 0 | K12: Updated | L12: =A12 -> 0 | N12: 3 | O12: =COUNTIF($V12:$BI12,">0") -> 5 | P12: =COUNTIF($V12:$BI12,"<0") -> 1 | Q12: =COUNTIF($V12:$BI12,"=0") -> 0 | R12: =COUNTIF($AG12:$AJ12,">0") -> 3 | S12: =COUNTIF($AG12:$AJ12,"<0") -> 0 | T12: =COUNTIF($AG12:$AJ12,"=0") -> 0 | U12: =COUNTIF(V12:BI12,"NC") -> 0 | V12: =IFERROR(IFERROR(VLOOKUP($C12&" "&V$1,Results!$G:$I,3,FALSE),-VLOOKUP($C12&" "&V$1,Results!$H:$I,2,FALSE)),"") | W12: =IFERROR(IFERROR(VLOOKUP($C12&" "&W$1,Results!$G:$I,3,FALSE),-VLOOKUP($C12&" "&W$1,Results!$H:$I,2,FALSE)),"") | X12: =IFERROR(IFERROR(VLOOKUP($C12&" "&X$1,Results!$G:$I,3,FALSE),-VLOOKUP($C12&" "&X$1,Results!$H:$I,2,FALSE)),"") | Y12: =IFERROR(IFERROR(VLOOKUP($C12&" "&Y$1,Results!$G:$I,3,FALSE),-VLOOKUP($C12&" "&Y$1,Results!$H:$I,2,FALSE)),"") | Z12: =IFERROR(IFERROR(VLOOKUP($C12&" "&Z$1,Results!$G:$I,3,FALSE),-VLOOKUP($C12&" "&Z$1,Results!$H:$I,2,FALSE)),"") | AA12: =IFERROR(IFERROR(VLOOKUP($C12&" "&AA$1,Results!$G:$I,3,FALSE),-VLOOKUP($C12&" "&AA$1,Results!$H:$I,2,FALSE)),"") | AB12: =IFERROR(IFERROR(VLOOKUP($C12&" "&AB$1,Results!$G:$I,3,FALSE),-VLOOKUP($C12&" "&AB$1,Results!$H:$I,2,FALSE)),"") | AC12: =IFERROR(IFERROR(VLOOKUP($C12&" "&AC$1,Results!$G:$I,3,FALSE),-VLOOKUP($C12&" "&AC$1,Results!$H:$I,2,FALSE)),"") | ... AQ12: =IFERROR(IFERROR(VLOOKUP($C12&" "&AQ$1,Results!$G:$I,3,FALSE),-VLOOKUP($C12&" "&AQ$1,Results!$H:$I,2,FALSE)),"") | BK12: =SUM(V12:BI12) -> 616 | BL12: =COUNTIF(E12:H12,1) -> 0 | BM12: =COUNTIF(E12:H12,0) -> 4 | BN12: =COUNT(E12:H12) -> 4 | BO12: =+BL12/BN12 -> 0 | BR12: =SUM(V12:BJ12) -> 616 | BT12: 7 | BU12: =A12 -> 0 | BV12: =+BT12-BU12 -> 7
B13: 10 | C13: Bedford at Falls River | E13: =IF(AND(AE13>0,$A13<VLOOKUP(AE$1,$C:$L,10,FALSE)),1,IF(AND(AE13<0,$A13>VLOOKUP(AE$1,$C:$L,10,FALSE)),1,0)) -> 0 | F13: =IF(AND(AF13>0,$A13<VLOOKUP(AF$1,$C:$L,10,FALSE)),1,IF(AND(AF13<0,$A13>VLOOKUP(AF$1,$C:$L,10,FALSE)),1,0)) -> 0 | G13: =IF(AND(AG13>0,$A13<VLOOKUP(AG$1,$C:$L,10,FALSE)),1,IF(AND(AG13<0,$A13>VLOOKUP(AG$1,$C:$L,10,FALSE)),1,0)) -> 0 | H13: =IF(AND(AI13>0,$A13<VLOOKUP(AI$1,$C:$L,10,FALSE)),1,IF(AND(AI13<0,$A13>VLOOKUP(AI$1,$C:$L,10,FALSE)),1,0)) -> 0 | I13: =IF(AND(AJ13>0,$A13<VLOOKUP(AJ$1,$C:$L,10,FALSE)),1,IF(AND(AJ13<0,$A13>VLOOKUP(AJ$1,$C:$L,10,FALSE)),1,0)) -> 0 | J13: =IF(AND(AK13>0,$A13<VLOOKUP(AK$1,$C:$L,10,FALSE)),1,IF(AND(AK13<0,$A13>VLOOKUP(AK$1,$C:$L,10,FALSE)),1,0)) -> 0 | K13: Updated | L13: =A13 -> 0 | N13: 3 | O13: =COUNTIF($V13:$BI13,">0") -> 1 | P13: =COUNTIF($V13:$BI13,"<0") -> 5 | Q13: =COUNTIF($V13:$BI13,"=0") -> 0 | R13: =COUNTIF($AG13:$AJ13,">0") -> 0 | S13: =COUNTIF($AG13:$AJ13,"<0") -> 3 | T13: =COUNTIF($AG13:$AJ13,"=0") -> 0 | U13: =COUNTIF(V13:BI13,"NC") -> 0 | V13: =IFERROR(IFERROR(VLOOKUP($C13&" "&V$1,Results!$G:$I,3,FALSE),-VLOOKUP($C13&" "&V$1,Results!$H:$I,2,FALSE)),"") | W13: =IFERROR(IFERROR(VLOOKUP($C13&" "&W$1,Results!$G:$I,3,FALSE),-VLOOKUP($C13&" "&W$1,Results!$H:$I,2,FALSE)),"") | X13: =IFERROR(IFERROR(VLOOKUP($C13&" "&X$1,Results!$G:$I,3,FALSE),-VLOOKUP($C13&" "&X$1,Results!$H:$I,2,FALSE)),"") | Y13: =IFERROR(IFERROR(VLOOKUP($C13&" "&Y$1,Results!$G:$I,3,FALSE),-VLOOKUP($C13&" "&Y$1,Results!$H:$I,2,FALSE)),"") | Z13: =IFERROR(IFERROR(VLOOKUP($C13&" "&Z$1,Results!$G:$I,3,FALSE),-VLOOKUP($C13&" "&Z$1,Results!$H:$I,2,FALSE)),"") | AA13: =IFERROR(IFERROR(VLOOKUP($C13&" "&AA$1,Results!$G:$I,3,FALSE),-VLOOKUP($C13&" "&AA$1,Results!$H:$I,2,FALSE)),"") | AB13: =IFERROR(IFERROR(VLOOKUP($C13&" "&AB$1,Results!$G:$I,3,FALSE),-VLOOKUP($C13&" "&AB$1,Results!$H:$I,2,FALSE)),"") | AC13: =IFERROR(IFERROR(VLOOKUP($C13&" "&AC$1,Results!$G:$I,3,FALSE),-VLOOKUP($C13&" "&AC$1,Results!$H:$I,2,FALSE)),"") | ... AQ13: =IFERROR(IFERROR(VLOOKUP($C13&" "&AQ$1,Results!$G:$I,3,FALSE),-VLOOKUP($C13&" "&AQ$1,Results!$H:$I,2,FALSE)),"") | BK13: =SUM(V13:BI13) -> -449 | BL13: =COUNTIF(E13:H13,1) -> 0 | BM13: =COUNTIF(E13:H13,0) -> 4 | BN13: =COUNT(E13:H13) -> 4 | BO13: =+BL13/BN13 -> 0 | BR13: =SUM(V13:BJ13) -> -449 | BT13: 6 | BU13: =A13 -> 0 | BV13: =+BT13-BU13 -> 6
B14: 11 | C14: Springdale | E14: =IF(AND(AF14>0,$A14<VLOOKUP(AF$1,$C:$L,10,FALSE)),1,IF(AND(AF14<0,$A14>VLOOKUP(AF$1,$C:$L,10,FALSE)),1,0)) -> 0 | F14: =IF(AND(AG14>0,$A14<VLOOKUP(AG$1,$C:$L,10,FALSE)),1,IF(AND(AG14<0,$A14>VLOOKUP(AG$1,$C:$L,10,FALSE)),1,0)) -> 0 | G14: =IF(AND(AH14>0,$A14<VLOOKUP(AH$1,$C:$L,10,FALSE)),1,IF(AND(AH14<0,$A14>VLOOKUP(AH$1,$C:$L,10,FALSE)),1,0)) -> 0 | H14: =IF(AND(AJ14>0,$A14<VLOOKUP(AJ$1,$C:$L,10,FALSE)),1,IF(AND(AJ14<0,$A14>VLOOKUP(AJ$1,$C:$L,10,FALSE)),1,0)) -> 0 | I14: =IF(AND(AK14>0,$A14<VLOOKUP(AK$1,$C:$L,10,FALSE)),1,IF(AND(AK14<0,$A14>VLOOKUP(AK$1,$C:$L,10,FALSE)),1,0)) -> 0 | J14: =IF(AND(AL14>0,$A14<VLOOKUP(AL$1,$C:$L,10,FALSE)),1,IF(AND(AL14<0,$A14>VLOOKUP(AL$1,$C:$L,10,FALSE)),1,0)) -> 0 | K14: Updated | L14: =A14 -> 0 | N14: 3 | O14: =COUNTIF($V14:$BI14,">0") -> 1 | P14: =COUNTIF($V14:$BI14,"<0") -> 5 | Q14: =COUNTIF($V14:$BI14,"=0") -> 0 | R14: =COUNTIF($AG14:$AJ14,">0") -> 1 | S14: =COUNTIF($AG14:$AJ14,"<0") -> 2 | T14: =COUNTIF($AG14:$AJ14,"=0") -> 0 | U14: =COUNTIF(V14:BI14,"NC") -> 0 | V14: =IFERROR(IFERROR(VLOOKUP($C14&" "&V$1,Results!$G:$I,3,FALSE),-VLOOKUP($C14&" "&V$1,Results!$H:$I,2,FALSE)),"") | W14: =IFERROR(IFERROR(VLOOKUP($C14&" "&W$1,Results!$G:$I,3,FALSE),-VLOOKUP($C14&" "&W$1,Results!$H:$I,2,FALSE)),"") | X14: =IFERROR(IFERROR(VLOOKUP($C14&" "&X$1,Results!$G:$I,3,FALSE),-VLOOKUP($C14&" "&X$1,Results!$H:$I,2,FALSE)),"") | Y14: =IFERROR(IFERROR(VLOOKUP($C14&" "&Y$1,Results!$G:$I,3,FALSE),-VLOOKUP($C14&" "&Y$1,Results!$H:$I,2,FALSE)),"") | Z14: =IFERROR(IFERROR(VLOOKUP($C14&" "&Z$1,Results!$G:$I,3,FALSE),-VLOOKUP($C14&" "&Z$1,Results!$H:$I,2,FALSE)),"") | AA14: =IFERROR(IFERROR(VLOOKUP($C14&" "&AA$1,Results!$G:$I,3,FALSE),-VLOOKUP($C14&" "&AA$1,Results!$H:$I,2,FALSE)),"") | AB14: =IFERROR(IFERROR(VLOOKUP($C14&" "&AB$1,Results!$G:$I,3,FALSE),-VLOOKUP($C14&" "&AB$1,Results!$H:$I,2,FALSE)),"") | AC14: =IFERROR(IFERROR(VLOOKUP($C14&" "&AC$1,Results!$G:$I,3,FALSE),-VLOOKUP($C14&" "&AC$1,Results!$H:$I,2,FALSE)),"") | ... AQ14: =IFERROR(IFERROR(VLOOKUP($C14&" "&AQ$1,Results!$G:$I,3,FALSE),-VLOOKUP($C14&" "&AQ$1,Results!$H:$I,2,FALSE)),"") | BK14: =SUM(V14:BI14) -> -528 | BL14: =COUNTIF(E14:H14,1) -> 0 | BM14: =COUNTIF(E14:H14,0) -> 4 | BN14: =COUNT(E14:H14) -> 4 | BO14: =+BL14/BN14 -> 0 | BR14: =SUM(V14:BJ14) -> -528 | BT14: 11 | BU14: =A14 -> 0 | BV14: =+BT14-BU14 -> 11
B15: 12 | C15: Harrington Grove | E15: =IF(AND(AG15>0,$A15<VLOOKUP(AG$1,$C:$L,10,FALSE)),1,IF(AND(AG15<0,$A15>VLOOKUP(AG$1,$C:$L,10,FALSE)),1,0)) -> 0 | F15: =IF(AND(AH15>0,$A15<VLOOKUP(AH$1,$C:$L,10,FALSE)),1,IF(AND(AH15<0,$A15>VLOOKUP(AH$1,$C:$L,10,FALSE)),1,0)) -> 0 | G15: =IF(AND(AI15>0,$A15<VLOOKUP(AI$1,$C:$L,10,FALSE)),1,IF(AND(AI15<0,$A15>VLOOKUP(AI$1,$C:$L,10,FALSE)),1,0)) -> 0 | H15: =IF(AND(AK15>0,$A15<VLOOKUP(AK$1,$C:$L,10,FALSE)),1,IF(AND(AK15<0,$A15>VLOOKUP(AK$1,$C:$L,10,FALSE)),1,0)) -> 0 | I15: =IF(AND(AL15>0,$A15<VLOOKUP(AL$1,$C:$L,10,FALSE)),1,IF(AND(AL15<0,$A15>VLOOKUP(AL$1,$C:$L,10,FALSE)),1,0)) -> 0 | J15: =IF(AND(AM15>0,$A15<VLOOKUP(AM$1,$C:$L,10,FALSE)),1,IF(AND(AM15<0,$A15>VLOOKUP(AM$1,$C:$L,10,FALSE)),1,0)) -> 0 | K15: Updated | L15: =A15 -> 0 | N15: 3 | O15: =COUNTIF($V15:$BI15,">0") -> 4 | P15: =COUNTIF($V15:$BI15,"<0") -> 2 | Q15: =COUNTIF($V15:$BI15,"=0") -> 0 | R15: =COUNTIF($AG15:$AJ15,">0") -> 2 | S15: =COUNTIF($AG15:$AJ15,"<0") -> 1 | T15: =COUNTIF($AG15:$AJ15,"=0") -> 0 | U15: =COUNTIF(V15:BI15,"NC") -> 0 | V15: =IFERROR(IFERROR(VLOOKUP($C15&" "&V$1,Results!$G:$I,3,FALSE),-VLOOKUP($C15&" "&V$1,Results!$H:$I,2,FALSE)),"") | W15: =IFERROR(IFERROR(VLOOKUP($C15&" "&W$1,Results!$G:$I,3,FALSE),-VLOOKUP($C15&" "&W$1,Results!$H:$I,2,FALSE)),"") | X15: =IFERROR(IFERROR(VLOOKUP($C15&" "&X$1,Results!$G:$I,3,FALSE),-VLOOKUP($C15&" "&X$1,Results!$H:$I,2,FALSE)),"") | Y15: =IFERROR(IFERROR(VLOOKUP($C15&" "&Y$1,Results!$G:$I,3,FALSE),-VLOOKUP($C15&" "&Y$1,Results!$H:$I,2,FALSE)),"") | Z15: =IFERROR(IFERROR(VLOOKUP($C15&" "&Z$1,Results!$G:$I,3,FALSE),-VLOOKUP($C15&" "&Z$1,Results!$H:$I,2,FALSE)),"") | AA15: =IFERROR(IFERROR(VLOOKUP($C15&" "&AA$1,Results!$G:$I,3,FALSE),-VLOOKUP($C15&" "&AA$1,Results!$H:$I,2,FALSE)),"") | AB15: =IFERROR(IFERROR(VLOOKUP($C15&" "&AB$1,Results!$G:$I,3,FALSE),-VLOOKUP($C15&" "&AB$1,Results!$H:$I,2,FALSE)),"") | AC15: =IFERROR(IFERROR(VLOOKUP($C15&" "&AC$1,Results!$G:$I,3,FALSE),-VLOOKUP($C15&" "&AC$1,Results!$H:$I,2,FALSE)),"") | ... AQ15: =IFERROR(IFERROR(VLOOKUP($C15&" "&AQ$1,Results!$G:$I,3,FALSE),-VLOOKUP($C15&" "&AQ$1,Results!$H:$I,2,FALSE)),"") | BK15: =SUM(V15:BI15) -> -96 | BL15: =COUNTIF(E15:H15,1) -> 0 | BM15: =COUNTIF(E15:H15,0) -> 4 | BN15: =COUNT(E15:H15) -> 4 | BO15: =+BL15/BN15 -> 0 | BR15: =SUM(V15:BJ15) -> -96 | BT15: 15 | BU15: =A15 -> 0 | BV15: =+BT15-BU15 -> 15
B16: 13 | C16: Wood Valley | E16: =IF(AND(AH16>0,$A16<VLOOKUP(AH$1,$C:$L,10,FALSE)),1,IF(AND(AH16<0,$A16>VLOOKUP(AH$1,$C:$L,10,FALSE)),1,0)) -> 0 | F16: =IF(AND(AI16>0,$A16<VLOOKUP(AI$1,$C:$L,10,FALSE)),1,IF(AND(AI16<0,$A16>VLOOKUP(AI$1,$C:$L,10,FALSE)),1,0)) -> 0 | G16: =IF(AND(AJ16>0,$A16<VLOOKUP(AJ$1,$C:$L,10,FALSE)),1,IF(AND(AJ16<0,$A16>VLOOKUP(AJ$1,$C:$L,10,FALSE)),1,0)) -> 0 | H16: =IF(AND(AL16>0,$A16<VLOOKUP(AL$1,$C:$L,10,FALSE)),1,IF(AND(AL16<0,$A16>VLOOKUP(AL$1,$C:$L,10,FALSE)),1,0)) -> 0 | I16: =IF(AND(AM16>0,$A16<VLOOKUP(AM$1,$C:$L,10,FALSE)),1,IF(AND(AM16<0,$A16>VLOOKUP(AM$1,$C:$L,10,FALSE)),1,0)) -> 0 | J16: =IF(AND(AN16>0,$A16<VLOOKUP(AN$1,$C:$L,10,FALSE)),1,IF(AND(AN16<0,$A16>VLOOKUP(AN$1,$C:$L,10,FALSE)),1,0)) -> 0 | K16: Updated | L16: =A16 -> 0 | N16: 4 | O16: =COUNTIF($V16:$BI16,">0") -> 2 | P16: =COUNTIF($V16:$BI16,"<0") -> 4 | Q16: =COUNTIF($V16:$BI16,"=0") -> 0 | R16: =COUNTIF($AK16:$AN16,">0") -> 1 | S16: =COUNTIF($AK16:$AN16,"<0") -> 2 | T16: =COUNTIF($AK16:$AN16,"=0") -> 0 | U16: =COUNTIF(V16:BI16,"NC") -> 0 | V16: =IFERROR(IFERROR(VLOOKUP($C16&" "&V$1,Results!$G:$I,3,FALSE),-VLOOKUP($C16&" "&V$1,Results!$H:$I,2,FALSE)),"") | W16: =IFERROR(IFERROR(VLOOKUP($C16&" "&W$1,Results!$G:$I,3,FALSE),-VLOOKUP($C16&" "&W$1,Results!$H:$I,2,FALSE)),"") | X16: =IFERROR(IFERROR(VLOOKUP($C16&" "&X$1,Results!$G:$I,3,FALSE),-VLOOKUP($C16&" "&X$1,Results!$H:$I,2,FALSE)),"") | Y16: =IFERROR(IFERROR(VLOOKUP($C16&" "&Y$1,Results!$G:$I,3,FALSE),-VLOOKUP($C16&" "&Y$1,Results!$H:$I,2,FALSE)),"") | Z16: =IFERROR(IFERROR(VLOOKUP($C16&" "&Z$1,Results!$G:$I,3,FALSE),-VLOOKUP($C16&" "&Z$1,Results!$H:$I,2,FALSE)),"") | AA16: =IFERROR(IFERROR(VLOOKUP($C16&" "&AA$1,Results!$G:$I,3,FALSE),-VLOOKUP($C16&" "&AA$1,Results!$H:$I,2,FALSE)),"") | AB16: =IFERROR(IFERROR(VLOOKUP($C16&" "&AB$1,Results!$G:$I,3,FALSE),-VLOOKUP($C16&" "&AB$1,Results!$H:$I,2,FALSE)),"") | AC16: =IFERROR(IFERROR(VLOOKUP($C16&" "&AC$1,Results!$G:$I,3,FALSE),-VLOOKUP($C16&" "&AC$1,Results!$H:$I,2,FALSE)),"") | ... AQ16: =IFERROR(IFERROR(VLOOKUP($C16&" "&AQ$1,Results!$G:$I,3,FALSE),-VLOOKUP($C16&" "&AQ$1,Results!$H:$I,2,FALSE)),"") | BK16: =SUM(V16:BI16) -> -83 | BL16: =COUNTIF(E16:H16,1) -> 0 | BM16: =COUNTIF(E16:H16,0) -> 4 | BN16: =COUNT(E16:H16) -> 4 | BO16: =+BL16/BN16 -> 0 | BR16: =SUM(V16:BJ16) -> -83 | BT16: 9 | BU16: =A16 -> 0 | BV16: =+BT16-BU16 -> 9
B17: 14 | C17: Quail Hollow | E17: =IF(AND(AI17>0,$A17<VLOOKUP(AI$1,$C:$L,10,FALSE)),1,IF(AND(AI17<0,$A17>VLOOKUP(AI$1,$C:$L,10,FALSE)),1,0)) -> 0 | F17: =IF(AND(AJ17>0,$A17<VLOOKUP(AJ$1,$C:$L,10,FALSE)),1,IF(AND(AJ17<0,$A17>VLOOKUP(AJ$1,$C:$L,10,FALSE)),1,0)) -> 0 | G17: =IF(AND(AK17>0,$A17<VLOOKUP(AK$1,$C:$L,10,FALSE)),1,IF(AND(AK17<0,$A17>VLOOKUP(AK$1,$C:$L,10,FALSE)),1,0)) -> 0 | H17: =IF(AND(AM17>0,$A17<VLOOKUP(AM$1,$C:$L,10,FALSE)),1,IF(AND(AM17<0,$A17>VLOOKUP(AM$1,$C:$L,10,FALSE)),1,0)) -> 0 | I17: =IF(AND(AN17>0,$A17<VLOOKUP(AN$1,$C:$L,10,FALSE)),1,IF(AND(AN17<0,$A17>VLOOKUP(AN$1,$C:$L,10,FALSE)),1,0)) -> 0 | J17: =IF(AND(AO17>0,$A17<VLOOKUP(AO$1,$C:$L,10,FALSE)),1,IF(AND(AO17<0,$A17>VLOOKUP(AO$1,$C:$L,10,FALSE)),1,0)) -> 0 | K17: Updated | L17: =A17 -> 0 | N17: 4 | O17: =COUNTIF($V17:$BI17,">0") -> 5 | P17: =COUNTIF($V17:$BI17,"<0") -> 1 | Q17: =COUNTIF($V17:$BI17,"=0") -> 0 | R17: =COUNTIF($AK17:$AN17,">0") -> 2 | S17: =COUNTIF($AK17:$AN17,"<0") -> 1 | T17: =COUNTIF($AK17:$AN17,"=0") -> 0 | U17: =COUNTIF(V17:BI17,"NC") -> 0 | V17: =IFERROR(IFERROR(VLOOKUP($C17&" "&V$1,Results!$G:$I,3,FALSE),-VLOOKUP($C17&" "&V$1,Results!$H:$I,2,FALSE)),"") | W17: =IFERROR(IFERROR(VLOOKUP($C17&" "&W$1,Results!$G:$I,3,FALSE),-VLOOKUP($C17&" "&W$1,Results!$H:$I,2,FALSE)),"") | X17: =IFERROR(IFERROR(VLOOKUP($C17&" "&X$1,Results!$G:$I,3,FALSE),-VLOOKUP($C17&" "&X$1,Results!$H:$I,2,FALSE)),"") | Y17: =IFERROR(IFERROR(VLOOKUP($C17&" "&Y$1,Results!$G:$I,3,FALSE),-VLOOKUP($C17&" "&Y$1,Results!$H:$I,2,FALSE)),"") | Z17: =IFERROR(IFERROR(VLOOKUP($C17&" "&Z$1,Results!$G:$I,3,FALSE),-VLOOKUP($C17&" "&Z$1,Results!$H:$I,2,FALSE)),"") | AA17: =IFERROR(IFERROR(VLOOKUP($C17&" "&AA$1,Results!$G:$I,3,FALSE),-VLOOKUP($C17&" "&AA$1,Results!$H:$I,2,FALSE)),"") | AB17: =IFERROR(IFERROR(VLOOKUP($C17&" "&AB$1,Results!$G:$I,3,FALSE),-VLOOKUP($C17&" "&AB$1,Results!$H:$I,2,FALSE)),"") | AC17: =IFERROR(IFERROR(VLOOKUP($C17&" "&AC$1,Results!$G:$I,3,FALSE),-VLOOKUP($C17&" "&AC$1,Results!$H:$I,2,FALSE)),"") | ... AQ17: =IFERROR(IFERROR(VLOOKUP($C17&" "&AQ$1,Results!$G:$I,3,FALSE),-VLOOKUP($C17&" "&AQ$1,Results!$H:$I,2,FALSE)),"") | BK17: =SUM(V17:BI17) -> 484 | BL17: =COUNTIF(E17:H17,1) -> 0 | BM17: =COUNTIF(E17:H17,0) -> 4 | BN17: =COUNT(E17:H17) -> 4 | BO17: =+BL17/BN17 -> 0 | BR17: =SUM(V17:BJ17) -> 484 | BT17: 17 | BU17: =A17 -> 0 | BV17: =+BT17-BU17 -> 17
B18: 15 | C18: Manchester | E18: =IF(AND(AJ18>0,$A18<VLOOKUP(AJ$1,$C:$L,10,FALSE)),1,IF(AND(AJ18<0,$A18>VLOOKUP(AJ$1,$C:$L,10,FALSE)),1,0)) -> 0 | F18: =IF(AND(AK18>0,$A18<VLOOKUP(AK$1,$C:$L,10,FALSE)),1,IF(AND(AK18<0,$A18>VLOOKUP(AK$1,$C:$L,10,FALSE)),1,0)) -> 0 | G18: =IF(AND(AL18>0,$A18<VLOOKUP(AL$1,$C:$L,10,FALSE)),1,IF(AND(AL18<0,$A18>VLOOKUP(AL$1,$C:$L,10,FALSE)),1,0)) -> 0 | H18: =IF(AND(AN18>0,$A18<VLOOKUP(AN$1,$C:$L,10,FALSE)),1,IF(AND(AN18<0,$A18>VLOOKUP(AN$1,$C:$L,10,FALSE)),1,0)) -> 0 | I18: =IF(AND(AO18>0,$A18<VLOOKUP(AO$1,$C:$L,10,FALSE)),1,IF(AND(AO18<0,$A18>VLOOKUP(AO$1,$C:$L,10,FALSE)),1,0)) -> 0 | J18: =IF(AND(AP18>0,$A18<VLOOKUP(AP$1,$C:$L,10,FALSE)),1,IF(AND(AP18<0,$A18>VLOOKUP(AP$1,$C:$L,10,FALSE)),1,0)) -> 0 | K18: Updated | L18: =A18 -> 0 | N18: 4 | O18: =COUNTIF($V18:$BI18,">0") -> 3 | P18: =COUNTIF($V18:$BI18,"<0") -> 3 | Q18: =COUNTIF($V18:$BI18,"=0") -> 0 | R18: =COUNTIF($AK18:$AN18,">0") -> 1 | S18: =COUNTIF($AK18:$AN18,"<0") -> 2 | T18: =COUNTIF($AK18:$AN18,"=0") -> 0 | U18: =COUNTIF(V18:BI18,"NC") -> 0 | V18: =IFERROR(IFERROR(VLOOKUP($C18&" "&V$1,Results!$G:$I,3,FALSE),-VLOOKUP($C18&" "&V$1,Results!$H:$I,2,FALSE)),"") | W18: =IFERROR(IFERROR(VLOOKUP($C18&" "&W$1,Results!$G:$I,3,FALSE),-VLOOKUP($C18&" "&W$1,Results!$H:$I,2,FALSE)),"") | X18: =IFERROR(IFERROR(VLOOKUP($C18&" "&X$1,Results!$G:$I,3,FALSE),-VLOOKUP($C18&" "&X$1,Results!$H:$I,2,FALSE)),"") | Y18: =IFERROR(IFERROR(VLOOKUP($C18&" "&Y$1,Results!$G:$I,3,FALSE),-VLOOKUP($C18&" "&Y$1,Results!$H:$I,2,FALSE)),"") | Z18: =IFERROR(IFERROR(VLOOKUP($C18&" "&Z$1,Results!$G:$I,3,FALSE),-VLOOKUP($C18&" "&Z$1,Results!$H:$I,2,FALSE)),"") | AA18: =IFERROR(IFERROR(VLOOKUP($C18&" "&AA$1,Results!$G:$I,3,FALSE),-VLOOKUP($C18&" "&AA$1,Results!$H:$I,2,FALSE)),"") | AB18: =IFERROR(IFERROR(VLOOKUP($C18&" "&AB$1,Results!$G:$I,3,FALSE),-VLOOKUP($C18&" "&AB$1,Results!$H:$I,2,FALSE)),"") | AC18: =IFERROR(IFERROR(VLOOKUP($C18&" "&AC$1,Results!$G:$I,3,FALSE),-VLOOKUP($C18&" "&AC$1,Results!$H:$I,2,FALSE)),"") | ... AQ18: =IFERROR(IFERROR(VLOOKUP($C18&" "&AQ$1,Results!$G:$I,3,FALSE),-VLOOKUP($C18&" "&AQ$1,Results!$H:$I,2,FALSE)),"") | BK18: =SUM(V18:BI18) -> 43 | BL18: =COUNTIF(E18:H18,1) -> 0 | BM18: =COUNTIF(E18:H18,0) -> 4 | BN18: =COUNT(E18:H18) -> 4 | BO18: =+BL18/BN18 -> 0 | BR18: =SUM(V18:BJ18) -> 43 | BT18: 18 | BU18: =A18 -> 0 | BV18: =+BT18-BU18 -> 18
B19: 16 | C19: Stonebridge | E19: =IF(AND(AK19>0,$A19<VLOOKUP(AK$1,$C:$L,10,FALSE)),1,IF(AND(AK19<0,$A19>VLOOKUP(AK$1,$C:$L,10,FALSE)),1,0)) -> 0 | F19: =IF(AND(AL19>0,$A19<VLOOKUP(AL$1,$C:$L,10,FALSE)),1,IF(AND(AL19<0,$A19>VLOOKUP(AL$1,$C:$L,10,FALSE)),1,0)) -> 0 | G19: =IF(AND(AM19>0,$A19<VLOOKUP(AM$1,$C:$L,10,FALSE)),1,IF(AND(AM19<0,$A19>VLOOKUP(AM$1,$C:$L,10,FALSE)),1,0)) -> 0 | H19: =IF(AND(AO19>0,$A19<VLOOKUP(AO$1,$C:$L,10,FALSE)),1,IF(AND(AO19<0,$A19>VLOOKUP(AO$1,$C:$L,10,FALSE)),1,0)) -> 0 | I19: =IF(AND(AP19>0,$A19<VLOOKUP(AP$1,$C:$L,10,FALSE)),1,IF(AND(AP19<0,$A19>VLOOKUP(AP$1,$C:$L,10,FALSE)),1,0)) -> 0 | J19: =IF(AND(AQ19>0,$A19<VLOOKUP(AQ$1,$C:$L,10,FALSE)),1,IF(AND(AQ19<0,$A19>VLOOKUP(AQ$1,$C:$L,10,FALSE)),1,0)) -> 0 | K19: Updated | L19: =A19 -> 0 | N19: 4 | O19: =COUNTIF($V19:$BI19,">0") -> 3 | P19: =COUNTIF($V19:$BI19,"<0") -> 3 | Q19: =COUNTIF($V19:$BI19,"=0") -> 0 | R19: =COUNTIF($AK19:$AN19,">0") -> 2 | S19: =COUNTIF($AK19:$AN19,"<0") -> 1 | T19: =COUNTIF($AK19:$AN19,"=0") -> 0 | U19: =COUNTIF(V19:BI19,"NC") -> 0 | V19: =IFERROR(IFERROR(VLOOKUP($C19&" "&V$1,Results!$G:$I,3,FALSE),-VLOOKUP($C19&" "&V$1,Results!$H:$I,2,FALSE)),"") | W19: =IFERROR(IFERROR(VLOOKUP($C19&" "&W$1,Results!$G:$I,3,FALSE),-VLOOKUP($C19&" "&W$1,Results!$H:$I,2,FALSE)),"") | X19: =IFERROR(IFERROR(VLOOKUP($C19&" "&X$1,Results!$G:$I,3,FALSE),-VLOOKUP($C19&" "&X$1,Results!$H:$I,2,FALSE)),"") | Y19: =IFERROR(IFERROR(VLOOKUP($C19&" "&Y$1,Results!$G:$I,3,FALSE),-VLOOKUP($C19&" "&Y$1,Results!$H:$I,2,FALSE)),"") | Z19: =IFERROR(IFERROR(VLOOKUP($C19&" "&Z$1,Results!$G:$I,3,FALSE),-VLOOKUP($C19&" "&Z$1,Results!$H:$I,2,FALSE)),"") | AA19: =IFERROR(IFERROR(VLOOKUP($C19&" "&AA$1,Results!$G:$I,3,FALSE),-VLOOKUP($C19&" "&AA$1,Results!$H:$I,2,FALSE)),"") | AB19: =IFERROR(IFERROR(VLOOKUP($C19&" "&AB$1,Results!$G:$I,3,FALSE),-VLOOKUP($C19&" "&AB$1,Results!$H:$I,2,FALSE)),"") | AC19: =IFERROR(IFERROR(VLOOKUP($C19&" "&AC$1,Results!$G:$I,3,FALSE),-VLOOKUP($C19&" "&AC$1,Results!$H:$I,2,FALSE)),"") | ... AQ19: =IFERROR(IFERROR(VLOOKUP($C19&" "&AQ$1,Results!$G:$I,3,FALSE),-VLOOKUP($C19&" "&AQ$1,Results!$H:$I,2,FALSE)),"") -> -98 | BK19: =SUM(V19:BI19) -> -158 | BL19: =COUNTIF(E19:H19,1) -> 0 | BM19: =COUNTIF(E19:H19,0) -> 4 | BN19: =COUNT(E19:H19) -> 4 | BO19: =+BL19/BN19 -> 0 | BR19: =SUM(V19:BJ19) -> -158 | BT19: 14 | BU19: =A19 -> 0 | BV19: =+BT19-BU19 -> 14
B20: 17 | C20: Lake Park | E20: =IF(AND(AL20>0,$A20<VLOOKUP(AL$1,$C:$L,10,FALSE)),1,IF(AND(AL20<0,$A20>VLOOKUP(AL$1,$C:$L,10,FALSE)),1,0)) -> 0 | F20: =IF(AND(AM20>0,$A20<VLOOKUP(AM$1,$C:$L,10,FALSE)),1,IF(AND(AM20<0,$A20>VLOOKUP(AM$1,$C:$L,10,FALSE)),1,0)) -> 0 | G20: =IF(AND(AN20>0,$A20<VLOOKUP(AN$1,$C:$L,10,FALSE)),1,IF(AND(AN20<0,$A20>VLOOKUP(AN$1,$C:$L,10,FALSE)),1,0)) -> 0 | H20: =IF(AND(AP20>0,$A20<VLOOKUP(AP$1,$C:$L,10,FALSE)),1,IF(AND(AP20<0,$A20>VLOOKUP(AP$1,$C:$L,10,FALSE)),1,0)) -> 0 | I20: =IF(AND(AQ20>0,$A20<VLOOKUP(AQ$1,$C:$L,10,FALSE)),1,IF(AND(AQ20<0,$A20>VLOOKUP(AQ$1,$C:$L,10,FALSE)),1,0)) -> 0 | J20: =IF(AND(AR20>0,$A20<VLOOKUP(AR$1,$C:$L,10,FALSE)),1,IF(AND(AR20<0,$A20>VLOOKUP(AR$1,$C:$L,10,FALSE)),1,0)) -> 0 | K20: Updated | L20: =A20 -> 0 | N20: 5 | O20: =COUNTIF($V20:$BI20,">0") -> 0 | P20: =COUNTIF($V20:$BI20,"<0") -> 6 | Q20: =COUNTIF($V20:$BI20,"=0") -> 0 | R20: =COUNTIF($AO20:$AR20,">0") -> 0 | S20: =COUNTIF($AO20:$AR20,"<0") -> 3 | T20: =COUNTIF($AO20:$AR20,"=0") -> 0 | U20: =COUNTIF(V20:BI20,"NC") -> 0 | V20: =IFERROR(IFERROR(VLOOKUP($C20&" "&V$1,Results!$G:$I,3,FALSE),-VLOOKUP($C20&" "&V$1,Results!$H:$I,2,FALSE)),"") | W20: =IFERROR(IFERROR(VLOOKUP($C20&" "&W$1,Results!$G:$I,3,FALSE),-VLOOKUP($C20&" "&W$1,Results!$H:$I,2,FALSE)),"") | X20: =IFERROR(IFERROR(VLOOKUP($C20&" "&X$1,Results!$G:$I,3,FALSE),-VLOOKUP($C20&" "&X$1,Results!$H:$I,2,FALSE)),"") | Y20: =IFERROR(IFERROR(VLOOKUP($C20&" "&Y$1,Results!$G:$I,3,FALSE),-VLOOKUP($C20&" "&Y$1,Results!$H:$I,2,FALSE)),"") | Z20: =IFERROR(IFERROR(VLOOKUP($C20&" "&Z$1,Results!$G:$I,3,FALSE),-VLOOKUP($C20&" "&Z$1,Results!$H:$I,2,FALSE)),"") | AA20: =IFERROR(IFERROR(VLOOKUP($C20&" "&AA$1,Results!$G:$I,3,FALSE),-VLOOKUP($C20&" "&AA$1,Results!$H:$I,2,FALSE)),"") | AB20: =IFERROR(IFERROR(VLOOKUP($C20&" "&AB$1,Results!$G:$I,3,FALSE),-VLOOKUP($C20&" "&AB$1,Results!$H:$I,2,FALSE)),"") | AC20: =IFERROR(IFERROR(VLOOKUP($C20&" "&AC$1,Results!$G:$I,3,FALSE),-VLOOKUP($C20&" "&AC$1,Results!$H:$I,2,FALSE)),"") | ... AZ20: =IFERROR(IFERROR(VLOOKUP($C20&" "&AZ$1,Results!$G:$I,3,FALSE),-VLOOKUP($C20&" "&AZ$1,Results!$H:$I,2,FALSE)),"") | BK20: =SUM(V20:BI20) -> -536 | BL20: =COUNTIF(E20:H20,1) -> 0 | BM20: =COUNTIF(E20:H20,0) -> 4 | BN20: =COUNT(E20:H20) -> 4 | BO20: =+BL20/BN20 -> 0 | BR20: =SUM(V20:BJ20) -> -536 | BT20: 20 | BU20: =A20 -> 0 | BV20: =+BT20-BU20 -> 20
B21: 18 | C21: North Raleigh | E21: =IF(AND(AM21>0,$A21<VLOOKUP(AM$1,$C:$L,10,FALSE)),1,IF(AND(AM21<0,$A21>VLOOKUP(AM$1,$C:$L,10,FALSE)),1,0)) -> 0 | F21: =IF(AND(AN21>0,$A21<VLOOKUP(AN$1,$C:$L,10,FALSE)),1,IF(AND(AN21<0,$A21>VLOOKUP(AN$1,$C:$L,10,FALSE)),1,0)) -> 0 | G21: =IF(AND(AO21>0,$A21<VLOOKUP(AO$1,$C:$L,10,FALSE)),1,IF(AND(AO21<0,$A21>VLOOKUP(AO$1,$C:$L,10,FALSE)),1,0)) -> 0 | H21: =IF(AND(AQ21>0,$A21<VLOOKUP(AQ$1,$C:$L,10,FALSE)),1,IF(AND(AQ21<0,$A21>VLOOKUP(AQ$1,$C:$L,10,FALSE)),1,0)) -> 0 | I21: =IF(AND(AR21>0,$A21<VLOOKUP(AR$1,$C:$L,10,FALSE)),1,IF(AND(AR21<0,$A21>VLOOKUP(AR$1,$C:$L,10,FALSE)),1,0)) -> 0 | J21: =IF(AND(AS21>0,$A21<VLOOKUP(AS$1,$C:$L,10,FALSE)),1,IF(AND(AS21<0,$A21>VLOOKUP(AS$1,$C:$L,10,FALSE)),1,0)) -> 0 | K21: Updated | L21: =A21 -> 0 | N21: 5 | O21: =COUNTIF($V21:$BI21,">0") -> 4 | P21: =COUNTIF($V21:$BI21,"<0") -> 2 | Q21: =COUNTIF($V21:$BI21,"=0") -> 0 | R21: =COUNTIF($AO21:$AR21,">0") -> 2 | S21: =COUNTIF($AO21:$AR21,"<0") -> 1 | T21: =COUNTIF($AO21:$AR21,"=0") -> 0 | U21: =COUNTIF(V21:BI21,"NC") -> 0 | V21: =IFERROR(IFERROR(VLOOKUP($C21&" "&V$1,Results!$G:$I,3,FALSE),-VLOOKUP($C21&" "&V$1,Results!$H:$I,2,FALSE)),"") | W21: =IFERROR(IFERROR(VLOOKUP($C21&" "&W$1,Results!$G:$I,3,FALSE),-VLOOKUP($C21&" "&W$1,Results!$H:$I,2,FALSE)),"") | X21: =IFERROR(IFERROR(VLOOKUP($C21&" "&X$1,Results!$G:$I,3,FALSE),-VLOOKUP($C21&" "&X$1,Results!$H:$I,2,FALSE)),"") | Y21: =IFERROR(IFERROR(VLOOKUP($C21&" "&Y$1,Results!$G:$I,3,FALSE),-VLOOKUP($C21&" "&Y$1,Results!$H:$I,2,FALSE)),"") | Z21: =IFERROR(IFERROR(VLOOKUP($C21&" "&Z$1,Results!$G:$I,3,FALSE),-VLOOKUP($C21&" "&Z$1,Results!$H:$I,2,FALSE)),"") | AA21: =IFERROR(IFERROR(VLOOKUP($C21&" "&AA$1,Results!$G:$I,3,FALSE),-VLOOKUP($C21&" "&AA$1,Results!$H:$I,2,FALSE)),"") | AB21: =IFERROR(IFERROR(VLOOKUP($C21&" "&AB$1,Results!$G:$I,3,FALSE),-VLOOKUP($C21&" "&AB$1,Results!$H:$I,2,FALSE)),"") | AC21: =IFERROR(IFERROR(VLOOKUP($C21&" "&AC$1,Results!$G:$I,3,FALSE),-VLOOKUP($C21&" "&AC$1,Results!$H:$I,2,FALSE)),"") | ... AZ21: =IFERROR(IFERROR(VLOOKUP($C21&" "&AZ$1,Results!$G:$I,3,FALSE),-VLOOKUP($C21&" "&AZ$1,Results!$H:$I,2,FALSE)),"") | BK21: =SUM(V21:BI21) -> 278 | BL21: =COUNTIF(E21:H21,1) -> 0 | BM21: =COUNTIF(E21:H21,0) -> 4 | BN21: =COUNT(E21:H21) -> 4 | BO21: =+BL21/BN21 -> 0 | BR21: =SUM(V21:BJ21) -> 278 | BS21: =BR21/5 -> 55.6 | BT21: 13 | BU21: =A21 -> 0 | BV21: =+BT21-BU21 -> 13
B22: 19 | C22: Riverwood | E22: =IF(AND(AN22>0,$A22<VLOOKUP(AN$1,$C:$L,10,FALSE)),1,IF(AND(AN22<0,$A22>VLOOKUP(AN$1,$C:$L,10,FALSE)),1,0)) -> 0 | F22: =IF(AND(AO22>0,$A22<VLOOKUP(AO$1,$C:$L,10,FALSE)),1,IF(AND(AO22<0,$A22>VLOOKUP(AO$1,$C:$L,10,FALSE)),1,0)) -> 0 | G22: =IF(AND(AP22>0,$A22<VLOOKUP(AP$1,$C:$L,10,FALSE)),1,IF(AND(AP22<0,$A22>VLOOKUP(AP$1,$C:$L,10,FALSE)),1,0)) -> 0 | H22: =IF(AND(AR22>0,$A22<VLOOKUP(AR$1,$C:$L,10,FALSE)),1,IF(AND(AR22<0,$A22>VLOOKUP(AR$1,$C:$L,10,FALSE)),1,0)) -> 0 | I22: =IF(AND(AS22>0,$A22<VLOOKUP(AS$1,$C:$L,10,FALSE)),1,IF(AND(AS22<0,$A22>VLOOKUP(AS$1,$C:$L,10,FALSE)),1,0)) -> 0 | J22: =IF(AND(AT22>0,$A22<VLOOKUP(AT$1,$C:$L,10,FALSE)),1,IF(AND(AT22<0,$A22>VLOOKUP(AT$1,$C:$L,10,FALSE)),1,0)) -> 0 | K22: Updated | L22: =A22 -> 0 | N22: 5 | O22: =COUNTIF($V22:$BI22,">0") -> 6 | P22: =COUNTIF($V22:$BI22,"<0") -> 0 | Q22: =COUNTIF($V22:$BI22,"=0") -> 0 | R22: =COUNTIF($AO22:$AR22,">0") -> 3 | S22: =COUNTIF($AO22:$AR22,"<0") -> 0 | T22: =COUNTIF($AO22:$AR22,"=0") -> 0 | U22: =COUNTIF(V22:BI22,"NC") -> 0 | V22: =IFERROR(IFERROR(VLOOKUP($C22&" "&V$1,Results!$G:$I,3,FALSE),-VLOOKUP($C22&" "&V$1,Results!$H:$I,2,FALSE)),"") | W22: =IFERROR(IFERROR(VLOOKUP($C22&" "&W$1,Results!$G:$I,3,FALSE),-VLOOKUP($C22&" "&W$1,Results!$H:$I,2,FALSE)),"") | X22: =IFERROR(IFERROR(VLOOKUP($C22&" "&X$1,Results!$G:$I,3,FALSE),-VLOOKUP($C22&" "&X$1,Results!$H:$I,2,FALSE)),"") | Y22: =IFERROR(IFERROR(VLOOKUP($C22&" "&Y$1,Results!$G:$I,3,FALSE),-VLOOKUP($C22&" "&Y$1,Results!$H:$I,2,FALSE)),"") | Z22: =IFERROR(IFERROR(VLOOKUP($C22&" "&Z$1,Results!$G:$I,3,FALSE),-VLOOKUP($C22&" "&Z$1,Results!$H:$I,2,FALSE)),"") | AA22: =IFERROR(IFERROR(VLOOKUP($C22&" "&AA$1,Results!$G:$I,3,FALSE),-VLOOKUP($C22&" "&AA$1,Results!$H:$I,2,FALSE)),"") | AB22: =IFERROR(IFERROR(VLOOKUP($C22&" "&AB$1,Results!$G:$I,3,FALSE),-VLOOKUP($C22&" "&AB$1,Results!$H:$I,2,FALSE)),"") | AC22: =IFERROR(IFERROR(VLOOKUP($C22&" "&AC$1,Results!$G:$I,3,FALSE),-VLOOKUP($C22&" "&AC$1,Results!$H:$I,2,FALSE)),"") | ... AZ22: =IFERROR(IFERROR(VLOOKUP($C22&" "&AZ$1,Results!$G:$I,3,FALSE),-VLOOKUP($C22&" "&AZ$1,Results!$H:$I,2,FALSE)),"") | BK22: =SUM(V22:BI22) -> 528 | BL22: =COUNTIF(E22:H22,1) -> 0 | BM22: =COUNTIF(E22:H22,0) -> 4 | BN22: =COUNT(E22:H22) -> 4 | BO22: =+BL22/BN22 -> 0 | BR22: =SUM(V22:BJ22) -> 528 | BT22: 19 | BU22: =A22 -> 0 | BV22: =+BT22-BU22 -> 19
B23: 20 | C23: Black Horse Run | E23: =IF(AND(AO23>0,$A23<VLOOKUP(AO$1,$C:$L,10,FALSE)),1,IF(AND(AO23<0,$A23>VLOOKUP(AO$1,$C:$L,10,FALSE)),1,0)) -> 0 | F23: =IF(AND(AP23>0,$A23<VLOOKUP(AP$1,$C:$L,10,FALSE)),1,IF(AND(AP23<0,$A23>VLOOKUP(AP$1,$C:$L,10,FALSE)),1,0)) -> 0 | G23: =IF(AND(AQ23>0,$A23<VLOOKUP(AQ$1,$C:$L,10,FALSE)),1,IF(AND(AQ23<0,$A23>VLOOKUP(AQ$1,$C:$L,10,FALSE)),1,0)) -> 0 | H23: =IF(AND(AS23>0,$A23<VLOOKUP(AS$1,$C:$L,10,FALSE)),1,IF(AND(AS23<0,$A23>VLOOKUP(AS$1,$C:$L,10,FALSE)),1,0)) -> 0 | I23: =IF(AND(AT23>0,$A23<VLOOKUP(AT$1,$C:$L,10,FALSE)),1,IF(AND(AT23<0,$A23>VLOOKUP(AT$1,$C:$L,10,FALSE)),1,0)) -> 0 | J23: =IF(AND(AU23>0,$A23<VLOOKUP(AU$1,$C:$L,10,FALSE)),1,IF(AND(AU23<0,$A23>VLOOKUP(AU$1,$C:$L,10,FALSE)),1,0)) -> 0 | K23: Updated | L23: =A23 -> 0 | N23: 5 | O23: =COUNTIF($V23:$BI23,">0") -> 4 | P23: =COUNTIF($V23:$BI23,"<0") -> 2 | Q23: =COUNTIF($V23:$BI23,"=0") -> 0 | R23: =COUNTIF($AO23:$AR23,">0") -> 1 | S23: =COUNTIF($AO23:$AR23,"<0") -> 2 | T23: =COUNTIF($AO23:$AR23,"=0") -> 0 | U23: =COUNTIF(V23:BI23,"NC") -> 0 | V23: =IFERROR(IFERROR(VLOOKUP($C23&" "&V$1,Results!$G:$I,3,FALSE),-VLOOKUP($C23&" "&V$1,Results!$H:$I,2,FALSE)),"") | W23: =IFERROR(IFERROR(VLOOKUP($C23&" "&W$1,Results!$G:$I,3,FALSE),-VLOOKUP($C23&" "&W$1,Results!$H:$I,2,FALSE)),"") | X23: =IFERROR(IFERROR(VLOOKUP($C23&" "&X$1,Results!$G:$I,3,FALSE),-VLOOKUP($C23&" "&X$1,Results!$H:$I,2,FALSE)),"") | Y23: =IFERROR(IFERROR(VLOOKUP($C23&" "&Y$1,Results!$G:$I,3,FALSE),-VLOOKUP($C23&" "&Y$1,Results!$H:$I,2,FALSE)),"") | Z23: =IFERROR(IFERROR(VLOOKUP($C23&" "&Z$1,Results!$G:$I,3,FALSE),-VLOOKUP($C23&" "&Z$1,Results!$H:$I,2,FALSE)),"") | AA23: =IFERROR(IFERROR(VLOOKUP($C23&" "&AA$1,Results!$G:$I,3,FALSE),-VLOOKUP($C23&" "&AA$1,Results!$H:$I,2,FALSE)),"") | AB23: =IFERROR(IFERROR(VLOOKUP($C23&" "&AB$1,Results!$G:$I,3,FALSE),-VLOOKUP($C23&" "&AB$1,Results!$H:$I,2,FALSE)),"") | AC23: =IFERROR(IFERROR(VLOOKUP($C23&" "&AC$1,Results!$G:$I,3,FALSE),-VLOOKUP($C23&" "&AC$1,Results!$H:$I,2,FALSE)),"") | ... AZ23: =IFERROR(IFERROR(VLOOKUP($C23&" "&AZ$1,Results!$G:$I,3,FALSE),-VLOOKUP($C23&" "&AZ$1,Results!$H:$I,2,FALSE)),"") | BK23: =SUM(V23:BI23) -> 202.1 | BL23: =COUNTIF(E23:H23,1) -> 0 | BM23: =COUNTIF(E23:H23,0) -> 4 | BN23: =COUNT(E23:H23) -> 4 | BO23: =+BL23/BN23 -> 0 | BR23: =SUM(V23:BJ23) -> 202.1 | BT23: 16 | BU23: =A23 -> 0 | BV23: =+BT23-BU23 -> 16
B24: 21 | C24: Heritage of Wake Forest | E24: =IF(AND(AP24>0,$A24<VLOOKUP(AP$1,$C:$L,10,FALSE)),1,IF(AND(AP24<0,$A24>VLOOKUP(AP$1,$C:$L,10,FALSE)),1,0)) -> 0 | F24: =IF(AND(AQ24>0,$A24<VLOOKUP(AQ$1,$C:$L,10,FALSE)),1,IF(AND(AQ24<0,$A24>VLOOKUP(AQ$1,$C:$L,10,FALSE)),1,0)) -> 0 | G24: =IF(AND(AR24>0,$A24<VLOOKUP(AR$1,$C:$L,10,FALSE)),1,IF(AND(AR24<0,$A24>VLOOKUP(AR$1,$C:$L,10,FALSE)),1,0)) -> 0 | H24: =IF(AND(AT24>0,$A24<VLOOKUP(AT$1,$C:$L,10,FALSE)),1,IF(AND(AT24<0,$A24>VLOOKUP(AT$1,$C:$L,10,FALSE)),1,0)) -> 0 | I24: =IF(AND(AU24>0,$A24<VLOOKUP(AU$1,$C:$L,10,FALSE)),1,IF(AND(AU24<0,$A24>VLOOKUP(AU$1,$C:$L,10,FALSE)),1,0)) -> 0 | J24: =IF(AND(AV24>0,$A24<VLOOKUP(AV$1,$C:$L,10,FALSE)),1,IF(AND(AV24<0,$A24>VLOOKUP(AV$1,$C:$L,10,FALSE)),1,0)) -> 0 | K24: Updated | L24: =A24 -> 0 | N24: 6 | O24: =COUNTIF($V24:$BI24,">0") -> 3 | P24: =COUNTIF($V24:$BI24,"<0") -> 3 | Q24: =COUNTIF($V24:$BI24,"=0") -> 0 | R24: =COUNTIF($AS24:$AV24,">0") -> 3 | S24: =COUNTIF($AS24:$AV24,"<0") -> 0 | T24: =COUNTIF($AS24:$AV24,"=0") -> 0 | U24: =COUNTIF(V24:BI24,"NC") -> 0 | V24: =IFERROR(IFERROR(VLOOKUP($C24&" "&V$1,Results!$G:$I,3,FALSE),-VLOOKUP($C24&" "&V$1,Results!$H:$I,2,FALSE)),"") | W24: =IFERROR(IFERROR(VLOOKUP($C24&" "&W$1,Results!$G:$I,3,FALSE),-VLOOKUP($C24&" "&W$1,Results!$H:$I,2,FALSE)),"") | X24: =IFERROR(IFERROR(VLOOKUP($C24&" "&X$1,Results!$G:$I,3,FALSE),-VLOOKUP($C24&" "&X$1,Results!$H:$I,2,FALSE)),"") | Y24: =IFERROR(IFERROR(VLOOKUP($C24&" "&Y$1,Results!$G:$I,3,FALSE),-VLOOKUP($C24&" "&Y$1,Results!$H:$I,2,FALSE)),"") | Z24: =IFERROR(IFERROR(VLOOKUP($C24&" "&Z$1,Results!$G:$I,3,FALSE),-VLOOKUP($C24&" "&Z$1,Results!$H:$I,2,FALSE)),"") | AA24: =IFERROR(IFERROR(VLOOKUP($C24&" "&AA$1,Results!$G:$I,3,FALSE),-VLOOKUP($C24&" "&AA$1,Results!$H:$I,2,FALSE)),"") | AB24: =IFERROR(IFERROR(VLOOKUP($C24&" "&AB$1,Results!$G:$I,3,FALSE),-VLOOKUP($C24&" "&AB$1,Results!$H:$I,2,FALSE)),"") | AC24: =IFERROR(IFERROR(VLOOKUP($C24&" "&AC$1,Results!$G:$I,3,FALSE),-VLOOKUP($C24&" "&AC$1,Results!$H:$I,2,FALSE)),"") | ... AZ24: =IFERROR(IFERROR(VLOOKUP($C24&" "&AZ$1,Results!$G:$I,3,FALSE),-VLOOKUP($C24&" "&AZ$1,Results!$H:$I,2,FALSE)),"") | BK24: =SUM(V24:BI24) -> -82.1 | BL24: =COUNTIF(E24:H24,1) -> 0 | BM24: =COUNTIF(E24:H24,0) -> 4 | BN24: =COUNT(E24:H24) -> 4 | BO24: =+BL24/BN24 -> 0 | BR24: =SUM(V24:BJ24) -> -82.1 | BT24: 23 | BU24: =A24 -> 0 | BV24: =+BT24-BU24 -> 23
B25: 22 | C25: Hedingham | E25: =IF(AND(AQ25>0,$A25<VLOOKUP(AQ$1,$C:$L,10,FALSE)),1,IF(AND(AQ25<0,$A25>VLOOKUP(AQ$1,$C:$L,10,FALSE)),1,0)) -> 0 | F25: =IF(AND(AR25>0,$A25<VLOOKUP(AR$1,$C:$L,10,FALSE)),1,IF(AND(AR25<0,$A25>VLOOKUP(AR$1,$C:$L,10,FALSE)),1,0)) -> 0 | G25: =IF(AND(AS25>0,$A25<VLOOKUP(AS$1,$C:$L,10,FALSE)),1,IF(AND(AS25<0,$A25>VLOOKUP(AS$1,$C:$L,10,FALSE)),1,0)) -> 0 | H25: =IF(AND(AU25>0,$A25<VLOOKUP(AU$1,$C:$L,10,FALSE)),1,IF(AND(AU25<0,$A25>VLOOKUP(AU$1,$C:$L,10,FALSE)),1,0)) -> 0 | I25: =IF(AND(AV25>0,$A25<VLOOKUP(AV$1,$C:$L,10,FALSE)),1,IF(AND(AV25<0,$A25>VLOOKUP(AV$1,$C:$L,10,FALSE)),1,0)) -> 0 | J25: =IF(AND(AW25>0,$A25<VLOOKUP(AW$1,$C:$L,10,FALSE)),1,IF(AND(AW25<0,$A25>VLOOKUP(AW$1,$C:$L,10,FALSE)),1,0)) -> 0 | K25: Updated | L25: =A25 -> 0 | N25: 6 | O25: =COUNTIF($V25:$BI25,">0") -> 3 | P25: =COUNTIF($V25:$BI25,"<0") -> 3 | Q25: =COUNTIF($V25:$BI25,"=0") -> 0 | R25: =COUNTIF($AS25:$AV25,">0") -> 2 | S25: =COUNTIF($AS25:$AV25,"<0") -> 1 | T25: =COUNTIF($AS25:$AV25,"=0") -> 0 | U25: =COUNTIF(V25:BI25,"NC") -> 0 | V25: =IFERROR(IFERROR(VLOOKUP($C25&" "&V$1,Results!$G:$I,3,FALSE),-VLOOKUP($C25&" "&V$1,Results!$H:$I,2,FALSE)),"") | W25: =IFERROR(IFERROR(VLOOKUP($C25&" "&W$1,Results!$G:$I,3,FALSE),-VLOOKUP($C25&" "&W$1,Results!$H:$I,2,FALSE)),"") | X25: =IFERROR(IFERROR(VLOOKUP($C25&" "&X$1,Results!$G:$I,3,FALSE),-VLOOKUP($C25&" "&X$1,Results!$H:$I,2,FALSE)),"") | Y25: =IFERROR(IFERROR(VLOOKUP($C25&" "&Y$1,Results!$G:$I,3,FALSE),-VLOOKUP($C25&" "&Y$1,Results!$H:$I,2,FALSE)),"") | Z25: =IFERROR(IFERROR(VLOOKUP($C25&" "&Z$1,Results!$G:$I,3,FALSE),-VLOOKUP($C25&" "&Z$1,Results!$H:$I,2,FALSE)),"") | AA25: =IFERROR(IFERROR(VLOOKUP($C25&" "&AA$1,Results!$G:$I,3,FALSE),-VLOOKUP($C25&" "&AA$1,Results!$H:$I,2,FALSE)),"") | AB25: =IFERROR(IFERROR(VLOOKUP($C25&" "&AB$1,Results!$G:$I,3,FALSE),-VLOOKUP($C25&" "&AB$1,Results!$H:$I,2,FALSE)),"") | AC25: =IFERROR(IFERROR(VLOOKUP($C25&" "&AC$1,Results!$G:$I,3,FALSE),-VLOOKUP($C25&" "&AC$1,Results!$H:$I,2,FALSE)),"") | ... AZ25: =IFERROR(IFERROR(VLOOKUP($C25&" "&AZ$1,Results!$G:$I,3,FALSE),-VLOOKUP($C25&" "&AZ$1,Results!$H:$I,2,FALSE)),"") | BK25: =SUM(V25:BI25) -> -77 | BL25: =COUNTIF(E25:H25,1) -> 0 | BM25: =COUNTIF(E25:H25,0) -> 4 | BN25: =COUNT(E25:H25) -> 4 | BO25: =+BL25/BN25 -> 0 | BR25: =SUM(V25:BJ25) -> -77 | BT25: 25 | BU25: =A25 -> 0 | BV25: =+BT25-BU25 -> 25
B26: 23 | C26: Summerfield North | E26: =IF(AND(AR26>0,$A26<VLOOKUP(AR$1,$C:$L,10,FALSE)),1,IF(AND(AR26<0,$A26>VLOOKUP(AR$1,$C:$L,10,FALSE)),1,0)) -> 0 | F26: =IF(AND(AS26>0,$A26<VLOOKUP(AS$1,$C:$L,10,FALSE)),1,IF(AND(AS26<0,$A26>VLOOKUP(AS$1,$C:$L,10,FALSE)),1,0)) -> 0 | G26: =IF(AND(AT26>0,$A26<VLOOKUP(AT$1,$C:$L,10,FALSE)),1,IF(AND(AT26<0,$A26>VLOOKUP(AT$1,$C:$L,10,FALSE)),1,0)) -> 0 | H26: =IF(AND(AV26>0,$A26<VLOOKUP(AV$1,$C:$L,10,FALSE)),1,IF(AND(AV26<0,$A26>VLOOKUP(AV$1,$C:$L,10,FALSE)),1,0)) -> 0 | I26: =IF(AND(AW26>0,$A26<VLOOKUP(AW$1,$C:$L,10,FALSE)),1,IF(AND(AW26<0,$A26>VLOOKUP(AW$1,$C:$L,10,FALSE)),1,0)) -> 0 | J26: =IF(AND(AX26>0,$A26<VLOOKUP(AX$1,$C:$L,10,FALSE)),1,IF(AND(AX26<0,$A26>VLOOKUP(AX$1,$C:$L,10,FALSE)),1,0)) -> 0 | K26: Updated | L26: =A26 -> 0 | N26: 6 | O26: =COUNTIF($V26:$BI26,">0") -> 1 | P26: =COUNTIF($V26:$BI26,"<0") -> 4 | Q26: =COUNTIF($V26:$BI26,"=0") -> 0 | R26: =COUNTIF($AS26:$AV26,">0") -> 1 | S26: =COUNTIF($AS26:$AV26,"<0") -> 2 | T26: =COUNTIF($AS26:$AV26,"=0") -> 0 | U26: =COUNTIF(V26:BI26,"NC") -> 0 | AO26: =IFERROR(IFERROR(VLOOKUP($C26&" "&AO$1,Results!$G:$I,3,FALSE),-VLOOKUP($C26&" "&AO$1,Results!$H:$I,2,FALSE)),"") | AP26: =IFERROR(IFERROR(VLOOKUP($C26&" "&AP$1,Results!$G:$I,3,FALSE),-VLOOKUP($C26&" "&AP$1,Results!$H:$I,2,FALSE)),"") | AQ26: =IFERROR(IFERROR(VLOOKUP($C26&" "&AQ$1,Results!$G:$I,3,FALSE),-VLOOKUP($C26&" "&AQ$1,Results!$H:$I,2,FALSE)),"") | AR26: =IFERROR(IFERROR(VLOOKUP($C26&" "&AR$1,Results!$G:$I,3,FALSE),-VLOOKUP($C26&" "&AR$1,Results!$H:$I,2,FALSE)),"") -> -98 | AS26: =IFERROR(IFERROR(VLOOKUP($C26&" "&AS$1,Results!$G:$I,3,FALSE),-VLOOKUP($C26&" "&AS$1,Results!$H:$I,2,FALSE)),"") -> -15 | AT26: =IFERROR(IFERROR(VLOOKUP($C26&" "&AT$1,Results!$G:$I,3,FALSE),-VLOOKUP($C26&" "&AT$1,Results!$H:$I,2,FALSE)),"") -> -8 | AU26: =IFERROR(IFERROR(VLOOKUP($C26&" "&AU$1,Results!$G:$I,3,FALSE),-VLOOKUP($C26&" "&AU$1,Results!$H:$I,2,FALSE)),"") | AV26: =IFERROR(IFERROR(VLOOKUP($C26&" "&AV$1,Results!$G:$I,3,FALSE),-VLOOKUP($C26&" "&AV$1,Results!$H:$I,2,FALSE)),"") -> 37 | ... AZ26: =IFERROR(IFERROR(VLOOKUP($C26&" "&AZ$1,Results!$G:$I,3,FALSE),-VLOOKUP($C26&" "&AZ$1,Results!$H:$I,2,FALSE)),"") | BK26: =SUM(V26:BI26) -> -89 | BL26: =COUNTIF(E26:H26,1) -> 0 | BM26: =COUNTIF(E26:H26,0) -> 4 | BN26: =COUNT(E26:H26) -> 4 | BO26: =+BL26/BN26 -> 0 | BR26: =SUM(V26:BJ26) -> -89 | BT26: 22 | BU26: =A26 -> 0 | BV26: =+BT26-BU26 -> 22
B27: 24 | C27: Durant Trails | E27: =IF(AND(AS27>0,$A27<VLOOKUP(AS$1,$C:$L,10,FALSE)),1,IF(AND(AS27<0,$A27>VLOOKUP(AS$1,$C:$L,10,FALSE)),1,0)) -> 0 | F27: =IF(AND(AT27>0,$A27<VLOOKUP(AT$1,$C:$L,10,FALSE)),1,IF(AND(AT27<0,$A27>VLOOKUP(AT$1,$C:$L,10,FALSE)),1,0)) -> 0 | G27: =IF(AND(AU27>0,$A27<VLOOKUP(AU$1,$C:$L,10,FALSE)),1,IF(AND(AU27<0,$A27>VLOOKUP(AU$1,$C:$L,10,FALSE)),1,0)) -> 0 | H27: =IF(AND(AW27>0,$A27<VLOOKUP(AW$1,$C:$L,10,FALSE)),1,IF(AND(AW27<0,$A27>VLOOKUP(AW$1,$C:$L,10,FALSE)),1,0)) -> 0 | I27: =IF(AND(AX27>0,$A27<VLOOKUP(AX$1,$C:$L,10,FALSE)),1,IF(AND(AX27<0,$A27>VLOOKUP(AX$1,$C:$L,10,FALSE)),1,0)) -> 0 | J27: =IF(AND(AY27>0,$A27<VLOOKUP(AY$1,$C:$L,10,FALSE)),1,IF(AND(AY27<0,$A27>VLOOKUP(AY$1,$C:$L,10,FALSE)),1,0)) -> 0 | K27: Updated | L27: =A27 -> 0 | N27: 6 | O27: =COUNTIF($V27:$BI27,">0") -> 0 | P27: =COUNTIF($V27:$BI27,"<0") -> 6 | Q27: =COUNTIF($V27:$BI27,"=0") -> 0 | R27: =COUNTIF($AS27:$AV27,">0") -> 0 | S27: =COUNTIF($AS27:$AV27,"<0") -> 3 | T27: =COUNTIF($AS27:$AV27,"=0") -> 0 | U27: =COUNTIF(V27:BI27,"NC") -> 0 | AO27: =IFERROR(IFERROR(VLOOKUP($C27&" "&AO$1,Results!$G:$I,3,FALSE),-VLOOKUP($C27&" "&AO$1,Results!$H:$I,2,FALSE)),"") | AP27: =IFERROR(IFERROR(VLOOKUP($C27&" "&AP$1,Results!$G:$I,3,FALSE),-VLOOKUP($C27&" "&AP$1,Results!$H:$I,2,FALSE)),"") | AQ27: =IFERROR(IFERROR(VLOOKUP($C27&" "&AQ$1,Results!$G:$I,3,FALSE),-VLOOKUP($C27&" "&AQ$1,Results!$H:$I,2,FALSE)),"") | AR27: =IFERROR(IFERROR(VLOOKUP($C27&" "&AR$1,Results!$G:$I,3,FALSE),-VLOOKUP($C27&" "&AR$1,Results!$H:$I,2,FALSE)),"") | AS27: =IFERROR(IFERROR(VLOOKUP($C27&" "&AS$1,Results!$G:$I,3,FALSE),-VLOOKUP($C27&" "&AS$1,Results!$H:$I,2,FALSE)),"") -> -184 | AT27: =IFERROR(IFERROR(VLOOKUP($C27&" "&AT$1,Results!$G:$I,3,FALSE),-VLOOKUP($C27&" "&AT$1,Results!$H:$I,2,FALSE)),"") -> -185 | AU27: =IFERROR(IFERROR(VLOOKUP($C27&" "&AU$1,Results!$G:$I,3,FALSE),-VLOOKUP($C27&" "&AU$1,Results!$H:$I,2,FALSE)),"") -> -37 | AV27: =IFERROR(IFERROR(VLOOKUP($C27&" "&AV$1,Results!$G:$I,3,FALSE),-VLOOKUP($C27&" "&AV$1,Results!$H:$I,2,FALSE)),"") | ... AZ27: =IFERROR(IFERROR(VLOOKUP($C27&" "&AZ$1,Results!$G:$I,3,FALSE),-VLOOKUP($C27&" "&AZ$1,Results!$H:$I,2,FALSE)),"") | BK27: =SUM(V27:BI27) -> -751 | BL27: =COUNTIF(E27:H27,1) -> 0 | BM27: =COUNTIF(E27:H27,0) -> 4 | BN27: =COUNT(E27:H27) -> 4 | BO27: =+BL27/BN27 -> 0 | BR27: =SUM(V27:BJ27) -> -751 | BT27: 26 | BU27: =A27 -> 0 | BV27: =+BT27-BU27 -> 26
B28: 25 | C28: Coachman's Trail | E28: =IF(AND(AT28>0,$A28<VLOOKUP(AT$1,$C:$L,10,FALSE)),1,IF(AND(AT28<0,$A28>VLOOKUP(AT$1,$C:$L,10,FALSE)),1,0)) -> 0 | F28: =IF(AND(AU28>0,$A28<VLOOKUP(AU$1,$C:$L,10,FALSE)),1,IF(AND(AU28<0,$A28>VLOOKUP(AU$1,$C:$L,10,FALSE)),1,0)) -> 0 | G28: =IF(AND(AV28>0,$A28<VLOOKUP(AV$1,$C:$L,10,FALSE)),1,IF(AND(AV28<0,$A28>VLOOKUP(AV$1,$C:$L,10,FALSE)),1,0)) -> 0 | H28: =IF(AND(AX28>0,$A28<VLOOKUP(AX$1,$C:$L,10,FALSE)),1,IF(AND(AX28<0,$A28>VLOOKUP(AX$1,$C:$L,10,FALSE)),1,0)) -> 0 | I28: =IF(AND(AY28>0,$A28<VLOOKUP(AY$1,$C:$L,10,FALSE)),1,IF(AND(AY28<0,$A28>VLOOKUP(AY$1,$C:$L,10,FALSE)),1,0)) -> 0 | J28: =IF(AND(AZ28>0,$A28<VLOOKUP(AZ$1,$C:$L,10,FALSE)),1,IF(AND(AZ28<0,$A28>VLOOKUP(AZ$1,$C:$L,10,FALSE)),1,0)) -> 0 | K28: Updated | L28: =A28 -> 0 | N28: 7 | O28: =COUNTIF($V28:$BI28,">0") -> 3 | P28: =COUNTIF($V28:$BI28,"<0") -> 3 | Q28: =COUNTIF($V28:$BI28,"=0") -> 0 | R28: =COUNTIF($AW28:$AZ28,">0") -> 1 | S28: =COUNTIF($AW28:$AZ28,"<0") -> 2 | T28: =COUNTIF($AW28:$AZ28,"=0") -> 0 | U28: =COUNTIF(V28:BI28,"NC") -> 0 | AO28: =IFERROR(IFERROR(VLOOKUP($C28&" "&AO$1,Results!$G:$I,3,FALSE),-VLOOKUP($C28&" "&AO$1,Results!$H:$I,2,FALSE)),"") | AP28: =IFERROR(IFERROR(VLOOKUP($C28&" "&AP$1,Results!$G:$I,3,FALSE),-VLOOKUP($C28&" "&AP$1,Results!$H:$I,2,FALSE)),"") | AQ28: =IFERROR(IFERROR(VLOOKUP($C28&" "&AQ$1,Results!$G:$I,3,FALSE),-VLOOKUP($C28&" "&AQ$1,Results!$H:$I,2,FALSE)),"") | AR28: =IFERROR(IFERROR(VLOOKUP($C28&" "&AR$1,Results!$G:$I,3,FALSE),-VLOOKUP($C28&" "&AR$1,Results!$H:$I,2,FALSE)),"") | AS28: =IFERROR(IFERROR(VLOOKUP($C28&" "&AS$1,Results!$G:$I,3,FALSE),-VLOOKUP($C28&" "&AS$1,Results!$H:$I,2,FALSE)),"") | AT28: =IFERROR(IFERROR(VLOOKUP($C28&" "&AT$1,Results!$G:$I,3,FALSE),-VLOOKUP($C28&" "&AT$1,Results!$H:$I,2,FALSE)),"") -> -52 | AU28: =IFERROR(IFERROR(VLOOKUP($C28&" "&AU$1,Results!$G:$I,3,FALSE),-VLOOKUP($C28&" "&AU$1,Results!$H:$I,2,FALSE)),"") -> 5 | AV28: =IFERROR(IFERROR(VLOOKUP($C28&" "&AV$1,Results!$G:$I,3,FALSE),-VLOOKUP($C28&" "&AV$1,Results!$H:$I,2,FALSE)),"") -> 98 | ... BE28: =IFERROR(IFERROR(VLOOKUP($C28&" "&BE$1,Results!$G:$I,3,FALSE),-VLOOKUP($C28&" "&BE$1,Results!$H:$I,2,FALSE)),"") | BK28: =SUM(V28:BI28) -> -121 | BL28: =COUNTIF(E28:H28,1) -> 0 | BM28: =COUNTIF(E28:H28,0) -> 4 | BN28: =COUNT(E28:H28) -> 4 | BO28: =+BL28/BN28 -> 0 | BR28: =SUM(V28:BJ28) -> -121 | BT28: 31 | BU28: =A28 -> 0 | BV28: =+BT28-BU28 -> 31
B29: 26 | C29: Hasentree | E29: =IF(AND(AU29>0,$A29<VLOOKUP(AU$1,$C:$L,10,FALSE)),1,IF(AND(AU29<0,$A29>VLOOKUP(AU$1,$C:$L,10,FALSE)),1,0)) -> 0 | F29: =IF(AND(AV29>0,$A29<VLOOKUP(AV$1,$C:$L,10,FALSE)),1,IF(AND(AV29<0,$A29>VLOOKUP(AV$1,$C:$L,10,FALSE)),1,0)) -> 0 | G29: =IF(AND(AW29>0,$A29<VLOOKUP(AW$1,$C:$L,10,FALSE)),1,IF(AND(AW29<0,$A29>VLOOKUP(AW$1,$C:$L,10,FALSE)),1,0)) -> 0 | H29: =IF(AND(AY29>0,$A29<VLOOKUP(AY$1,$C:$L,10,FALSE)),1,IF(AND(AY29<0,$A29>VLOOKUP(AY$1,$C:$L,10,FALSE)),1,0)) -> 0 | I29: =IF(AND(AZ29>0,$A29<VLOOKUP(AZ$1,$C:$L,10,FALSE)),1,IF(AND(AZ29<0,$A29>VLOOKUP(AZ$1,$C:$L,10,FALSE)),1,0)) -> 0 | J29: =IF(AND(BA29>0,$A29<VLOOKUP(BA$1,$C:$L,10,FALSE)),1,IF(AND(BA29<0,$A29>VLOOKUP(BA$1,$C:$L,10,FALSE)),1,0)) -> 0 | K29: Updated | L29: =A29 -> 0 | N29: 7 | O29: =COUNTIF($V29:$BI29,">0") -> 5 | P29: =COUNTIF($V29:$BI29,"<0") -> 0 | Q29: =COUNTIF($V29:$BI29,"=0") -> 0 | R29: =COUNTIF($AW29:$AZ29,">0") -> 3 | S29: =COUNTIF($AW29:$AZ29,"<0") -> 0 | T29: =COUNTIF($AW29:$AZ29,"=0") -> 0 | U29: =COUNTIF(V29:BI29,"NC") -> 0 | AO29: =IFERROR(IFERROR(VLOOKUP($C29&" "&AO$1,Results!$G:$I,3,FALSE),-VLOOKUP($C29&" "&AO$1,Results!$H:$I,2,FALSE)),"") | AP29: =IFERROR(IFERROR(VLOOKUP($C29&" "&AP$1,Results!$G:$I,3,FALSE),-VLOOKUP($C29&" "&AP$1,Results!$H:$I,2,FALSE)),"") | AQ29: =IFERROR(IFERROR(VLOOKUP($C29&" "&AQ$1,Results!$G:$I,3,FALSE),-VLOOKUP($C29&" "&AQ$1,Results!$H:$I,2,FALSE)),"") | AR29: =IFERROR(IFERROR(VLOOKUP($C29&" "&AR$1,Results!$G:$I,3,FALSE),-VLOOKUP($C29&" "&AR$1,Results!$H:$I,2,FALSE)),"") | AS29: =IFERROR(IFERROR(VLOOKUP($C29&" "&AS$1,Results!$G:$I,3,FALSE),-VLOOKUP($C29&" "&AS$1,Results!$H:$I,2,FALSE)),"") | AT29: =IFERROR(IFERROR(VLOOKUP($C29&" "&AT$1,Results!$G:$I,3,FALSE),-VLOOKUP($C29&" "&AT$1,Results!$H:$I,2,FALSE)),"") | AU29: =IFERROR(IFERROR(VLOOKUP($C29&" "&AU$1,Results!$G:$I,3,FALSE),-VLOOKUP($C29&" "&AU$1,Results!$H:$I,2,FALSE)),"") | AV29: =IFERROR(IFERROR(VLOOKUP($C29&" "&AV$1,Results!$G:$I,3,FALSE),-VLOOKUP($C29&" "&AV$1,Results!$H:$I,2,FALSE)),"") -> 120 | ... BE29: =IFERROR(IFERROR(VLOOKUP($C29&" "&BE$1,Results!$G:$I,3,FALSE),-VLOOKUP($C29&" "&BE$1,Results!$H:$I,2,FALSE)),"") | BK29: =SUM(V29:BI29) -> 402 | BL29: =COUNTIF(E29:H29,1) -> 0 | BM29: =COUNTIF(E29:H29,0) -> 4 | BN29: =COUNT(E29:H29) -> 4 | BO29: =+BL29/BN29 -> 0 | BR29: =SUM(V29:BJ29) -> 402 | BT29: 21 | BU29: =A29 -> 0 | BV29: =+BT29-BU29 -> 21
B30: 27 | C30: Lakemont | E30: =IF(AND(AV30>0,$A30<VLOOKUP(AV$1,$C:$L,10,FALSE)),1,IF(AND(AV30<0,$A30>VLOOKUP(AV$1,$C:$L,10,FALSE)),1,0)) -> 0 | F30: =IF(AND(AW30>0,$A30<VLOOKUP(AW$1,$C:$L,10,FALSE)),1,IF(AND(AW30<0,$A30>VLOOKUP(AW$1,$C:$L,10,FALSE)),1,0)) -> 0 | G30: =IF(AND(AX30>0,$A30<VLOOKUP(AX$1,$C:$L,10,FALSE)),1,IF(AND(AX30<0,$A30>VLOOKUP(AX$1,$C:$L,10,FALSE)),1,0)) -> 0 | H30: =IF(AND(AZ30>0,$A30<VLOOKUP(AZ$1,$C:$L,10,FALSE)),1,IF(AND(AZ30<0,$A30>VLOOKUP(AZ$1,$C:$L,10,FALSE)),1,0)) -> 0 | I30: =IF(AND(BA30>0,$A30<VLOOKUP(BA$1,$C:$L,10,FALSE)),1,IF(AND(BA30<0,$A30>VLOOKUP(BA$1,$C:$L,10,FALSE)),1,0)) -> 0 | J30: =IF(AND(BB30>0,$A30<VLOOKUP(BB$1,$C:$L,10,FALSE)),1,IF(AND(BB30<0,$A30>VLOOKUP(BB$1,$C:$L,10,FALSE)),1,0)) -> 0 | K30: Updated | L30: =A30 -> 0 | N30: 7 | O30: =COUNTIF($V30:$BI30,">0") -> 4 | P30: =COUNTIF($V30:$BI30,"<0") -> 2 | Q30: =COUNTIF($V30:$BI30,"=0") -> 0 | R30: =COUNTIF($AW30:$AZ30,">0") -> 2 | S30: =COUNTIF($AW30:$AZ30,"<0") -> 1 | T30: =COUNTIF($AW30:$AZ30,"=0") -> 0 | U30: =COUNTIF(V30:BI30,"NC") -> 0 | AO30: =IFERROR(IFERROR(VLOOKUP($C30&" "&AO$1,Results!$G:$I,3,FALSE),-VLOOKUP($C30&" "&AO$1,Results!$H:$I,2,FALSE)),"") | AP30: =IFERROR(IFERROR(VLOOKUP($C30&" "&AP$1,Results!$G:$I,3,FALSE),-VLOOKUP($C30&" "&AP$1,Results!$H:$I,2,FALSE)),"") | AQ30: =IFERROR(IFERROR(VLOOKUP($C30&" "&AQ$1,Results!$G:$I,3,FALSE),-VLOOKUP($C30&" "&AQ$1,Results!$H:$I,2,FALSE)),"") | AR30: =IFERROR(IFERROR(VLOOKUP($C30&" "&AR$1,Results!$G:$I,3,FALSE),-VLOOKUP($C30&" "&AR$1,Results!$H:$I,2,FALSE)),"") | AS30: =IFERROR(IFERROR(VLOOKUP($C30&" "&AS$1,Results!$G:$I,3,FALSE),-VLOOKUP($C30&" "&AS$1,Results!$H:$I,2,FALSE)),"") | AT30: =IFERROR(IFERROR(VLOOKUP($C30&" "&AT$1,Results!$G:$I,3,FALSE),-VLOOKUP($C30&" "&AT$1,Results!$H:$I,2,FALSE)),"") | AU30: =IFERROR(IFERROR(VLOOKUP($C30&" "&AU$1,Results!$G:$I,3,FALSE),-VLOOKUP($C30&" "&AU$1,Results!$H:$I,2,FALSE)),"") | AV30: =IFERROR(IFERROR(VLOOKUP($C30&" "&AV$1,Results!$G:$I,3,FALSE),-VLOOKUP($C30&" "&AV$1,Results!$H:$I,2,FALSE)),"") -> 127 | ... BE30: =IFERROR(IFERROR(VLOOKUP($C30&" "&BE$1,Results!$G:$I,3,FALSE),-VLOOKUP($C30&" "&BE$1,Results!$H:$I,2,FALSE)),"") | BK30: =SUM(V30:BI30) -> 602 | BL30: =COUNTIF(E30:H30,1) -> 0 | BM30: =COUNTIF(E30:H30,0) -> 4 | BN30: =COUNT(E30:H30) -> 4 | BO30: =+BL30/BN30 -> 0 | BR30: =SUM(V30:BJ30) -> 602 | BT30: 30 | BU30: =A30 -> 0 | BV30: =+BT30-BU30 -> 30
B31: 28 | C31: Banbury Woods & Hunters Landing | E31: =IF(AND(AW31>0,$A31<VLOOKUP(AW$1,$C:$L,10,FALSE)),1,IF(AND(AW31<0,$A31>VLOOKUP(AW$1,$C:$L,10,FALSE)),1,0)) -> 0 | F31: =IF(AND(AX31>0,$A31<VLOOKUP(AX$1,$C:$L,10,FALSE)),1,IF(AND(AX31<0,$A31>VLOOKUP(AX$1,$C:$L,10,FALSE)),1,0)) -> 0 | G31: =IF(AND(AY31>0,$A31<VLOOKUP(AY$1,$C:$L,10,FALSE)),1,IF(AND(AY31<0,$A31>VLOOKUP(AY$1,$C:$L,10,FALSE)),1,0)) -> 0 | H31: =IF(AND(BA31>0,$A31<VLOOKUP(BA$1,$C:$L,10,FALSE)),1,IF(AND(BA31<0,$A31>VLOOKUP(BA$1,$C:$L,10,FALSE)),1,0)) -> 0 | I31: =IF(AND(BB31>0,$A31<VLOOKUP(BB$1,$C:$L,10,FALSE)),1,IF(AND(BB31<0,$A31>VLOOKUP(BB$1,$C:$L,10,FALSE)),1,0)) -> 0 | J31: =IF(AND(BC31>0,$A31<VLOOKUP(BC$1,$C:$L,10,FALSE)),1,IF(AND(BC31<0,$A31>VLOOKUP(BC$1,$C:$L,10,FALSE)),1,0)) -> 0 | K31: Updated | L31: =A31 -> 0 | N31: 7 | O31: =COUNTIF($V31:$BI31,">0") -> 0 | P31: =COUNTIF($V31:$BI31,"<0") -> 6 | Q31: =COUNTIF($V31:$BI31,"=0") -> 0 | R31: =COUNTIF($AW31:$AZ31,">0") -> 0 | S31: =COUNTIF($AW31:$AZ31,"<0") -> 3 | T31: =COUNTIF($AW31:$AZ31,"=0") -> 0 | U31: =COUNTIF(V31:BI31,"NC") -> 0 | AO31: =IFERROR(IFERROR(VLOOKUP($C31&" "&AO$1,Results!$G:$I,3,FALSE),-VLOOKUP($C31&" "&AO$1,Results!$H:$I,2,FALSE)),"") | AP31: =IFERROR(IFERROR(VLOOKUP($C31&" "&AP$1,Results!$G:$I,3,FALSE),-VLOOKUP($C31&" "&AP$1,Results!$H:$I,2,FALSE)),"") | AQ31: =IFERROR(IFERROR(VLOOKUP($C31&" "&AQ$1,Results!$G:$I,3,FALSE),-VLOOKUP($C31&" "&AQ$1,Results!$H:$I,2,FALSE)),"") | AR31: =IFERROR(IFERROR(VLOOKUP($C31&" "&AR$1,Results!$G:$I,3,FALSE),-VLOOKUP($C31&" "&AR$1,Results!$H:$I,2,FALSE)),"") | AS31: =IFERROR(IFERROR(VLOOKUP($C31&" "&AS$1,Results!$G:$I,3,FALSE),-VLOOKUP($C31&" "&AS$1,Results!$H:$I,2,FALSE)),"") | AT31: =IFERROR(IFERROR(VLOOKUP($C31&" "&AT$1,Results!$G:$I,3,FALSE),-VLOOKUP($C31&" "&AT$1,Results!$H:$I,2,FALSE)),"") | AU31: =IFERROR(IFERROR(VLOOKUP($C31&" "&AU$1,Results!$G:$I,3,FALSE),-VLOOKUP($C31&" "&AU$1,Results!$H:$I,2,FALSE)),"") | AV31: =IFERROR(IFERROR(VLOOKUP($C31&" "&AV$1,Results!$G:$I,3,FALSE),-VLOOKUP($C31&" "&AV$1,Results!$H:$I,2,FALSE)),"") | ... BE31: =IFERROR(IFERROR(VLOOKUP($C31&" "&BE$1,Results!$G:$I,3,FALSE),-VLOOKUP($C31&" "&BE$1,Results!$H:$I,2,FALSE)),"") | BK31: =SUM(V31:BI31) -> -558 | BL31: =COUNTIF(E31:H31,1) -> 0 | BM31: =COUNTIF(E31:H31,0) -> 4 | BN31: =COUNT(E31:H31) -> 4 | BO31: =+BL31/BN31 -> 0 | BR31: =SUM(V31:BJ31) -> -558 | BT31: 24 | BU31: =A31 -> 0 | BV31: =+BT31-BU31 -> 24
B32: 29 | C32: Hawthorne | E32: =IF(AND(AX32>0,$A32<VLOOKUP(AX$1,$C:$L,10,FALSE)),1,IF(AND(AX32<0,$A32>VLOOKUP(AX$1,$C:$L,10,FALSE)),1,0)) -> 0 | F32: =IF(AND(AY32>0,$A32<VLOOKUP(AY$1,$C:$L,10,FALSE)),1,IF(AND(AY32<0,$A32>VLOOKUP(AY$1,$C:$L,10,FALSE)),1,0)) -> 0 | G32: =IF(AND(AZ32>0,$A32<VLOOKUP(AZ$1,$C:$L,10,FALSE)),1,IF(AND(AZ32<0,$A32>VLOOKUP(AZ$1,$C:$L,10,FALSE)),1,0)) -> 0 | H32: =IF(AND(BB32>0,$A32<VLOOKUP(BB$1,$C:$L,10,FALSE)),1,IF(AND(BB32<0,$A32>VLOOKUP(BB$1,$C:$L,10,FALSE)),1,0)) -> 0 | I32: =IF(AND(BC32>0,$A32<VLOOKUP(BC$1,$C:$L,10,FALSE)),1,IF(AND(BC32<0,$A32>VLOOKUP(BC$1,$C:$L,10,FALSE)),1,0)) -> 0 | J32: =IF(AND(BD32>0,$A32<VLOOKUP(BD$1,$C:$L,10,FALSE)),1,IF(AND(BD32<0,$A32>VLOOKUP(BD$1,$C:$L,10,FALSE)),1,0)) -> 0 | K32: Updated | L32: =A32 -> 0 | N32: 8 | O32: =COUNTIF($V32:$BI32,">0") -> 5 | P32: =COUNTIF($V32:$BI32,"<0") -> 1 | Q32: =COUNTIF($V32:$BI32,"=0") -> 0 | R32: =COUNTIF($BA32:$BD32,">0") -> 3 | S32: =COUNTIF($BA32:$BD32,"<0") -> 0 | T32: =COUNTIF($BA32:$BD32,"=0") -> 0 | U32: =COUNTIF(V32:BI32,"NC") -> 0 | AW32: =IFERROR(IFERROR(VLOOKUP($C32&" "&AW$1,Results!$G:$I,3,FALSE),-VLOOKUP($C32&" "&AW$1,Results!$H:$I,2,FALSE)),"") | AX32: =IFERROR(IFERROR(VLOOKUP($C32&" "&AX$1,Results!$G:$I,3,FALSE),-VLOOKUP($C32&" "&AX$1,Results!$H:$I,2,FALSE)),"") -> -54 | AY32: =IFERROR(IFERROR(VLOOKUP($C32&" "&AY$1,Results!$G:$I,3,FALSE),-VLOOKUP($C32&" "&AY$1,Results!$H:$I,2,FALSE)),"") -> 23 | AZ32: =IFERROR(IFERROR(VLOOKUP($C32&" "&AZ$1,Results!$G:$I,3,FALSE),-VLOOKUP($C32&" "&AZ$1,Results!$H:$I,2,FALSE)),"") -> 24 | BA32: =IFERROR(IFERROR(VLOOKUP($C32&" "&BA$1,Results!$G:$I,3,FALSE),-VLOOKUP($C32&" "&BA$1,Results!$H:$I,2,FALSE)),"") | BB32: =IFERROR(IFERROR(VLOOKUP($C32&" "&BB$1,Results!$G:$I,3,FALSE),-VLOOKUP($C32&" "&BB$1,Results!$H:$I,2,FALSE)),"") -> 115 | BC32: =IFERROR(IFERROR(VLOOKUP($C32&" "&BC$1,Results!$G:$I,3,FALSE),-VLOOKUP($C32&" "&BC$1,Results!$H:$I,2,FALSE)),"") -> 3 | BD32: =IFERROR(IFERROR(VLOOKUP($C32&" "&BD$1,Results!$G:$I,3,FALSE),-VLOOKUP($C32&" "&BD$1,Results!$H:$I,2,FALSE)),"") -> 83 | ... BJ32: =IFERROR(IFERROR(VLOOKUP($C32&" "&BJ$1,Results!$G:$I,3,FALSE),-VLOOKUP($C32&" "&BJ$1,Results!$H:$I,2,FALSE)),"") | BK32: =SUM(V32:BI32) -> 194 | BL32: =COUNTIF(E32:H32,1) -> 0 | BM32: =COUNTIF(E32:H32,0) -> 4 | BN32: =COUNT(E32:H32) -> 4 | BO32: =+BL32/BN32 -> 0 | BR32: =SUM(V32:BJ32) -> 194 | BT32: 29 | BU32: =A32 -> 0 | BV32: =+BT32-BU32 -> 29
B33: 30 | C33: Crabtree | E33: =IF(AND(AY33>0,$A33<VLOOKUP(AY$1,$C:$L,10,FALSE)),1,IF(AND(AY33<0,$A33>VLOOKUP(AY$1,$C:$L,10,FALSE)),1,0)) -> 0 | F33: =IF(AND(AZ33>0,$A33<VLOOKUP(AZ$1,$C:$L,10,FALSE)),1,IF(AND(AZ33<0,$A33>VLOOKUP(AZ$1,$C:$L,10,FALSE)),1,0)) -> 0 | G33: =IF(AND(BA33>0,$A33<VLOOKUP(BA$1,$C:$L,10,FALSE)),1,IF(AND(BA33<0,$A33>VLOOKUP(BA$1,$C:$L,10,FALSE)),1,0)) -> 0 | H33: =IF(AND(BC33>0,$A33<VLOOKUP(BC$1,$C:$L,10,FALSE)),1,IF(AND(BC33<0,$A33>VLOOKUP(BC$1,$C:$L,10,FALSE)),1,0)) -> 0 | I33: =IF(AND(BD33>0,$A33<VLOOKUP(BD$1,$C:$L,10,FALSE)),1,IF(AND(BD33<0,$A33>VLOOKUP(BD$1,$C:$L,10,FALSE)),1,0)) -> 0 | J33: =IF(AND(BI33>0,$A33<VLOOKUP(BI$1,$C:$L,10,FALSE)),1,IF(AND(BI33<0,$A33>VLOOKUP(BI$1,$C:$L,10,FALSE)),1,0)) -> 0 | K33: Updated | L33: =A33 -> 0 | N33: 8 | O33: =COUNTIF($V33:$BJ33,">0") -> 4 | P33: =COUNTIF($V33:$BJ33,"<0") -> 2 | Q33: =COUNTIF($V33:$BJ33,"=0") -> 0 | R33: =COUNTIF($BA33:$BD33,">0") -> 2 | S33: =COUNTIF($BA33:$BD33,"<0") -> 1 | T33: =COUNTIF($BA33:$BD33,"=0") -> 0 | U33: =COUNTIF(V33:BJ33,"NC") -> 0 | AW33: =IFERROR(IFERROR(VLOOKUP($C33&" "&AW$1,Results!$G:$I,3,FALSE),-VLOOKUP($C33&" "&AW$1,Results!$H:$I,2,FALSE)),"") | AX33: =IFERROR(IFERROR(VLOOKUP($C33&" "&AX$1,Results!$G:$I,3,FALSE),-VLOOKUP($C33&" "&AX$1,Results!$H:$I,2,FALSE)),"") | AY33: =IFERROR(IFERROR(VLOOKUP($C33&" "&AY$1,Results!$G:$I,3,FALSE),-VLOOKUP($C33&" "&AY$1,Results!$H:$I,2,FALSE)),"") -> -102 | AZ33: =IFERROR(IFERROR(VLOOKUP($C33&" "&AZ$1,Results!$G:$I,3,FALSE),-VLOOKUP($C33&" "&AZ$1,Results!$H:$I,2,FALSE)),"") -> 70 | BA33: =IFERROR(IFERROR(VLOOKUP($C33&" "&BA$1,Results!$G:$I,3,FALSE),-VLOOKUP($C33&" "&BA$1,Results!$H:$I,2,FALSE)),"") -> -115 | BB33: =IFERROR(IFERROR(VLOOKUP($C33&" "&BB$1,Results!$G:$I,3,FALSE),-VLOOKUP($C33&" "&BB$1,Results!$H:$I,2,FALSE)),"") | BC33: =IFERROR(IFERROR(VLOOKUP($C33&" "&BC$1,Results!$G:$I,3,FALSE),-VLOOKUP($C33&" "&BC$1,Results!$H:$I,2,FALSE)),"") -> 39 | BD33: =IFERROR(IFERROR(VLOOKUP($C33&" "&BD$1,Results!$G:$I,3,FALSE),-VLOOKUP($C33&" "&BD$1,Results!$H:$I,2,FALSE)),"") -> 170 | ... BJ33: =IFERROR(IFERROR(VLOOKUP($C33&" "&BJ$1,Results!$G:$I,3,FALSE),-VLOOKUP($C33&" "&BJ$1,Results!$H:$I,2,FALSE)),"") | BK33: =SUM(V33:BI33) -> 282 | BL33: =COUNTIF(E33:H33,1) -> 0 | BM33: =COUNTIF(E33:H33,0) -> 4 | BN33: =COUNT(E33:H33) -> 4 | BO33: =+BL33/BN33 -> 0 | BR33: =SUM(V33:BJ33) -> 282 | BT33: 28 | BU33: =A33 -> 0 | BV33: =+BT33-BU33 -> 28
B34: 31 | C34: Oak Park | E34: =IF(AND(AZ34>0,$A34<VLOOKUP(AZ$1,$C:$L,10,FALSE)),1,IF(AND(AZ34<0,$A34>VLOOKUP(AZ$1,$C:$L,10,FALSE)),1,0)) -> 0 | F34: =IF(AND(BA34>0,$A34<VLOOKUP(BA$1,$C:$L,10,FALSE)),1,IF(AND(BA34<0,$A34>VLOOKUP(BA$1,$C:$L,10,FALSE)),1,0)) -> 0 | G34: =IF(AND(BB34>0,$A34<VLOOKUP(BB$1,$C:$L,10,FALSE)),1,IF(AND(BB34<0,$A34>VLOOKUP(BB$1,$C:$L,10,FALSE)),1,0)) -> 0 | H34: =IF(AND(BD34>0,$A34<VLOOKUP(BD$1,$C:$L,10,FALSE)),1,IF(AND(BD34<0,$A34>VLOOKUP(BD$1,$C:$L,10,FALSE)),1,0)) -> 0 | I34: =IF(AND(BE34>0,$A34<VLOOKUP(BE$1,$C:$L,10,FALSE)),1,IF(AND(BE34<0,$A34>VLOOKUP(BE$1,$C:$L,10,FALSE)),1,0)) -> 0 | J34: =IF(AND(BH34>0,$A34<VLOOKUP(BH$1,$C:$L,10,FALSE)),1,IF(AND(BH34<0,$A34>VLOOKUP(BH$1,$C:$L,10,FALSE)),1,0)) -> 0 | K34: Updated | L34: =A34 -> 0 | N34: 8 | O34: =COUNTIF($V34:$BJ34,">0") -> 3 | P34: =COUNTIF($V34:$BJ34,"<0") -> 3 | Q34: =COUNTIF($V34:$BJ34,"=0") -> 0 | R34: =COUNTIF($BA34:$BD34,">0") -> 1 | S34: =COUNTIF($BA34:$BD34,"<0") -> 2 | T34: =COUNTIF($BA34:$BD34,"=0") -> 0 | U34: =COUNTIF(V34:BJ34,"NC") -> 0 | AW34: =IFERROR(IFERROR(VLOOKUP($C34&" "&AW$1,Results!$G:$I,3,FALSE),-VLOOKUP($C34&" "&AW$1,Results!$H:$I,2,FALSE)),"") | AX34: =IFERROR(IFERROR(VLOOKUP($C34&" "&AX$1,Results!$G:$I,3,FALSE),-VLOOKUP($C34&" "&AX$1,Results!$H:$I,2,FALSE)),"") | AY34: =IFERROR(IFERROR(VLOOKUP($C34&" "&AY$1,Results!$G:$I,3,FALSE),-VLOOKUP($C34&" "&AY$1,Results!$H:$I,2,FALSE)),"") | AZ34: =IFERROR(IFERROR(VLOOKUP($C34&" "&AZ$1,Results!$G:$I,3,FALSE),-VLOOKUP($C34&" "&AZ$1,Results!$H:$I,2,FALSE)),"") -> 12 | BA34: =IFERROR(IFERROR(VLOOKUP($C34&" "&BA$1,Results!$G:$I,3,FALSE),-VLOOKUP($C34&" "&BA$1,Results!$H:$I,2,FALSE)),"") -> -3 | BB34: =IFERROR(IFERROR(VLOOKUP($C34&" "&BB$1,Results!$G:$I,3,FALSE),-VLOOKUP($C34&" "&BB$1,Results!$H:$I,2,FALSE)),"") -> -39 | BC34: =IFERROR(IFERROR(VLOOKUP($C34&" "&BC$1,Results!$G:$I,3,FALSE),-VLOOKUP($C34&" "&BC$1,Results!$H:$I,2,FALSE)),"") | BD34: =IFERROR(IFERROR(VLOOKUP($C34&" "&BD$1,Results!$G:$I,3,FALSE),-VLOOKUP($C34&" "&BD$1,Results!$H:$I,2,FALSE)),"") -> 79 | ... BJ34: =IFERROR(IFERROR(VLOOKUP($C34&" "&BJ$1,Results!$G:$I,3,FALSE),-VLOOKUP($C34&" "&BJ$1,Results!$H:$I,2,FALSE)),"") | BK34: =SUM(V34:BI34) -> 80 | BL34: =COUNTIF(E34:H34,1) -> 0 | BM34: =COUNTIF(E34:H34,0) -> 4 | BN34: =COUNT(E34:H34) -> 4 | BO34: =+BL34/BN34 -> 0 | BR34: =SUM(V34:BJ34) -> 80 | BT34: 27 | BU34: =A34 -> 0 | BV34: =+BT34-BU34 -> 27
B35: 32 | C35: Wendell | E35: =IF(AND(BA35>0,$A35<VLOOKUP(BA$1,$C:$L,10,FALSE)),1,IF(AND(BA35<0,$A35>VLOOKUP(BA$1,$C:$L,10,FALSE)),1,0)) -> 0 | F35: =IF(AND(BB35>0,$A35<VLOOKUP(BB$1,$C:$L,10,FALSE)),1,IF(AND(BB35<0,$A35>VLOOKUP(BB$1,$C:$L,10,FALSE)),1,0)) -> 0 | G35: =IF(AND(BC35>0,$A35<VLOOKUP(BC$1,$C:$L,10,FALSE)),1,IF(AND(BC35<0,$A35>VLOOKUP(BC$1,$C:$L,10,FALSE)),1,0)) -> 0 | H35: =IF(AND(BF35>0,$A35<VLOOKUP(BF$1,$C:$L,10,FALSE)),1,IF(AND(BF35<0,$A35>VLOOKUP(BF$1,$C:$L,10,FALSE)),1,0)) -> 0 | I35: =IF(AND(BG35>0,$A35<VLOOKUP(BG$1,$C:$L,10,FALSE)),1,IF(AND(BG35<0,$A35>VLOOKUP(BG$1,$C:$L,10,FALSE)),1,0)) -> 0 | J35: =IF(AND(BJ35>0,$A35<VLOOKUP(BJ$1,$C:$L,10,FALSE)),1,IF(AND(BJ35<0,$A35>VLOOKUP(BJ$1,$C:$L,10,FALSE)),1,0)) -> 0 | K35: Updated | L35: =A35 -> 0 | N35: 8 | O35: =COUNTIF($V35:$BJ35,">0") -> 3 | P35: =COUNTIF($V35:$BJ35,"<0") -> 3 | Q35: =COUNTIF($V35:$BJ35,"=0") -> 0 | R35: =COUNTIF($BA35:$BD35,">0") -> 0 | S35: =COUNTIF($BA35:$BD35,"<0") -> 3 | T35: =COUNTIF($BA35:$BD35,"=0") -> 0 | U35: =COUNTIF(V35:BJ35,"NC") -> 0 | AW35: =IFERROR(IFERROR(VLOOKUP($C35&" "&AW$1,Results!$G:$I,3,FALSE),-VLOOKUP($C35&" "&AW$1,Results!$H:$I,2,FALSE)),"") | AX35: =IFERROR(IFERROR(VLOOKUP($C35&" "&AX$1,Results!$G:$I,3,FALSE),-VLOOKUP($C35&" "&AX$1,Results!$H:$I,2,FALSE)),"") | AY35: =IFERROR(IFERROR(VLOOKUP($C35&" "&AY$1,Results!$G:$I,3,FALSE),-VLOOKUP($C35&" "&AY$1,Results!$H:$I,2,FALSE)),"") | AZ35: =IFERROR(IFERROR(VLOOKUP($C35&" "&AZ$1,Results!$G:$I,3,FALSE),-VLOOKUP($C35&" "&AZ$1,Results!$H:$I,2,FALSE)),"") | BA35: =IFERROR(IFERROR(VLOOKUP($C35&" "&BA$1,Results!$G:$I,3,FALSE),-VLOOKUP($C35&" "&BA$1,Results!$H:$I,2,FALSE)),"") -> -83 | BB35: =IFERROR(IFERROR(VLOOKUP($C35&" "&BB$1,Results!$G:$I,3,FALSE),-VLOOKUP($C35&" "&BB$1,Results!$H:$I,2,FALSE)),"") -> -170 | BC35: =IFERROR(IFERROR(VLOOKUP($C35&" "&BC$1,Results!$G:$I,3,FALSE),-VLOOKUP($C35&" "&BC$1,Results!$H:$I,2,FALSE)),"") -> -79 | BD35: =IFERROR(IFERROR(VLOOKUP($C35&" "&BD$1,Results!$G:$I,3,FALSE),-VLOOKUP($C35&" "&BD$1,Results!$H:$I,2,FALSE)),"") | ... BJ35: =IFERROR(IFERROR(VLOOKUP($C35&" "&BJ$1,Results!$G:$I,3,FALSE),-VLOOKUP($C35&" "&BJ$1,Results!$H:$I,2,FALSE)),"") -> 107 | BK35: =SUM(V35:BI35) -> -181 | BL35: =COUNTIF(E35:G35,1) -> 0 | BM35: =COUNTIF(E35:G35,0) -> 3 | BN35: =COUNT(E35:G35) -> 3 | BO35: =+BL35/BN35 -> 0 | BR35: =SUM(V35:BJ35) -> -74 | BT35: 34 | BU35: =A35 -> 0 | BV35: =+BT35-BU35 -> 34
B36: 33 | C36: Jewish Community Center | E36: =IF(AND(BC36>0,$A36<VLOOKUP(BC$1,$C:$L,10,FALSE)),1,IF(AND(BC36<0,$A36>VLOOKUP(BC$1,$C:$L,10,FALSE)),1,0)) -> 0 | F36: =IF(AND(BF36>0,$A36<VLOOKUP(BF$1,$C:$L,10,FALSE)),1,IF(AND(BF36<0,$A36>VLOOKUP(BF$1,$C:$L,10,FALSE)),1,0)) -> 0 | G36: =IF(AND(BG36>0,$A36<VLOOKUP(BG$1,$C:$L,10,FALSE)),1,IF(AND(BG36<0,$A36>VLOOKUP(BG$1,$C:$L,10,FALSE)),1,0)) -> 0 | H36: =IF(AND(BH36>0,$A36<VLOOKUP(BH$1,$C:$L,10,FALSE)),1,IF(AND(BH36<0,$A36>VLOOKUP(BH$1,$C:$L,10,FALSE)),1,0)) -> 0 | I36: =IF(AND(BI36>0,$A36<VLOOKUP(BI$1,$C:$L,10,FALSE)),1,IF(AND(BI36<0,$A36>VLOOKUP(BI$1,$C:$L,10,FALSE)),1,0)) -> 0 | J36: =IF(AND(BJ36>0,$A36<VLOOKUP(BJ$1,$C:$L,10,FALSE)),1,IF(AND(BJ36<0,$A36>VLOOKUP(BJ$1,$C:$L,10,FALSE)),1,0)) -> 0 | K36: Updated | L36: =A36 -> 0 | N36: 9 | O36: =COUNTIF($V36:$BJ36,">0") -> 6 | P36: =COUNTIF($V36:$BJ36,"<0") -> 0 | Q36: =COUNTIF($V36:$BJ36,"=0") -> 0 | R36: =COUNTIF($BE36:$BG36,">0") -> 2 | S36: =COUNTIF($BE36:$BG36,"<0") -> 0 | T36: =COUNTIF($BE36:$BG36,"=0") -> 0 | U36: =COUNTIF(V36:BJ36,"NC") -> 0 | AW36: =IFERROR(IFERROR(VLOOKUP($C36&" "&AW$1,Results!$G:$I,3,FALSE),-VLOOKUP($C36&" "&AW$1,Results!$H:$I,2,FALSE)),"") | AX36: =IFERROR(IFERROR(VLOOKUP($C36&" "&AX$1,Results!$G:$I,3,FALSE),-VLOOKUP($C36&" "&AX$1,Results!$H:$I,2,FALSE)),"") | AY36: =IFERROR(IFERROR(VLOOKUP($C36&" "&AY$1,Results!$G:$I,3,FALSE),-VLOOKUP($C36&" "&AY$1,Results!$H:$I,2,FALSE)),"") | AZ36: =IFERROR(IFERROR(VLOOKUP($C36&" "&AZ$1,Results!$G:$I,3,FALSE),-VLOOKUP($C36&" "&AZ$1,Results!$H:$I,2,FALSE)),"") | BA36: =IFERROR(IFERROR(VLOOKUP($C36&" "&BA$1,Results!$G:$I,3,FALSE),-VLOOKUP($C36&" "&BA$1,Results!$H:$I,2,FALSE)),"") | BB36: =IFERROR(IFERROR(VLOOKUP($C36&" "&BB$1,Results!$G:$I,3,FALSE),-VLOOKUP($C36&" "&BB$1,Results!$H:$I,2,FALSE)),"") | BC36: =IFERROR(IFERROR(VLOOKUP($C36&" "&BC$1,Results!$G:$I,3,FALSE),-VLOOKUP($C36&" "&BC$1,Results!$H:$I,2,FALSE)),"") -> 29 | BD36: =IFERROR(IFERROR(VLOOKUP($C36&" "&BD$1,Results!$G:$I,3,FALSE),-VLOOKUP($C36&" "&BD$1,Results!$H:$I,2,FALSE)),"") | ... BJ36: =IFERROR(IFERROR(VLOOKUP($C36&" "&BJ$1,Results!$G:$I,3,FALSE),-VLOOKUP($C36&" "&BJ$1,Results!$H:$I,2,FALSE)),"") -> 249 | BK36: =SUM(V36:BI36) -> 585 | BL36: =COUNTIF(E36:G36,1) -> 0 | BM36: =COUNTIF(E36:G36,0) -> 3 | BN36: =COUNT(E36:G36) -> 3 | BO36: =+BL36/BN36 -> 0 | BR36: =SUM(V36:BJ36) -> 834 | BT36: 33 | BU36: =A36 -> 0 | BV36: =+BT36-BU36 -> 33
